Wavenumber,30,20,15,10,5,2,1,0,,,30,20,15,10,5,2,1,0,"10 pts SG smooth of ""30""","10 pts SG smooth of ""20""","10 pts SG smooth of ""15""","10 pts SG smooth of ""10""","10 pts SG smooth of ""5""","10 pts SG smooth of ""2""","10 pts SG smooth of ""1""","10 pts SG smooth of ""0"""
2199.4,0.0394839,0.0385322,0.0407205,0.0409705,0.0397939,0.0352499,0.0323858,0.0225416,,,0.0395724314285714,0.0385199485714286,0.0407463,0.04095554,0.0397998371428571,0.0352757714285714,0.0323565,0.0225139285714286,0.0395874671328671,0.0386785783216783,0.040713155944056,0.0411167083916084,0.0400965244755245,0.0350531853146853,0.032642706993007,0.0227364195804196
2200.36,0.0392688,0.0386611,0.0403572,0.0409877,0.0399117,0.0348946,0.0327185,0.0224789,,,0.0390907742857143,0.0386818857142857,0.04030762,0.04101932,0.0399038514285714,0.0348376342857143,0.03278932,0.0225371657142857,0.038994555944056,0.0387946386013986,0.0402958223776224,0.0410620888111888,0.0399167006993007,0.0349916813986014,0.0327312318881119,0.0225670769230769
2201.33,0.0385547,0.0388432,0.0399213,0.0410561,0.0399105,0.034624,0.0330627,0.0225372,,,0.0385575885714286,0.0388543514285714,0.03991524,0.041051,0.0398984228571428,0.0346396685714286,0.03302604,0.0225284314285714,0.0384794876456876,0.0388514923543124,0.0399413447552448,0.0409893988344988,0.0397341923076923,0.0349394385547786,0.0327914092307692,0.0224108841491842
2202.29,0.0377987,0.039073,0.0395115,0.0410754,0.0397596,0.0346458,0.0330886,0.0225343,,,0.0378389,0.0390872114285714,0.0395198485714286,0.0410743714285714,0.0397632257142857,0.0346733914285714,0.0330772857142857,0.0225270828571429,0.0380422622377622,0.0388491395804196,0.0396497230769231,0.0408986384615385,0.0395489993006993,0.0348964567832168,0.032823239020979,0.0222678412587413
2203.26,0.0374242,0.0392149,0.0392972,0.0410048,0.0395692,0.0349849,0.0328941,0.0223903,,,0.0374442057142857,0.0391853628571429,0.0393229314285714,0.0410015085714286,0.0395920771428571,0.03499756,0.0329052342857143,0.0223809485714286,0.0376828797202797,0.0387875802797203,0.0394209573426573,0.0407898076923077,0.0393611216783217,0.0348627360839161,0.0328267212587413,0.0221379482517483
2204.22,0.0373856,0.0389675,0.0393504,0.0408155,0.0394072,0.0353443,0.0327091,0.0221095,,,0.0373796171428571,0.0389396857142857,0.0393609685714286,0.0408144285714286,0.0394001457142857,0.0353120885714286,0.0327279914285714,0.0221132371428571,0.0374013400932401,0.0386668144522144,0.0392550475524476,0.0406629065268065,0.0391705594405594,0.0348382764568765,0.0328018559440559,0.0220212051282051
2205.19,0.0374039,0.038374,0.0394429,0.0405171,0.0390746,0.0352793,0.0326336,0.0218053,,,0.0373823257142857,0.0383866514285714,0.0393964685714286,0.0405090514285714,0.0390317771428571,0.0352263971428571,0.0326297514285714,0.0218055228571429,0.0371621643356643,0.0383391557109557,0.0391224911421911,0.0403842850815851,0.0387467482517483,0.0347549172494173,0.0326355629370629,0.0218126608391608
2206.15,0.0372699,0.0378021,0.0392232,0.0401317,0.0384547,0.034721,0.0325472,0.0215475,,,0.0372513771428571,0.0378167914285714,0.0391899514285714,0.04011556,0.0384420657142857,0.0347119142857143,0.0325232085714286,0.0215356971428571,0.037085472027972,0.0380245125874126,0.0391392491841492,0.0401818151515152,0.0384851312354312,0.0347844864801865,0.032510868997669,0.0216876027972028
2207.11,0.0370261,0.0374719,0.0388815,0.0397753,0.0379304,0.0342177,0.0323744,0.0214033,,,0.0370341828571428,0.0374740257142857,0.0389315142857143,0.0397885771428571,0.0379651228571429,0.0342732514285714,0.0323795,0.02142424,0.037112813986014,0.0377990058275058,0.0392553337995338,0.0401133601398601,0.0384788874125874,0.034922958041958,0.0324768468531468,0.0216676505827506
2208.08,0.0369311,0.0374321,0.0389959,0.0397522,0.038032,0.0344237,0.0323196,0.0215776,,,0.0369599771428571,0.0374518571428571,0.0390491885714286,0.0398000628571428,0.0380885971428571,0.0344916628571428,0.0323528657142857,0.0216092285714286,0.037174658041958,0.0376834543123543,0.0393705403263403,0.0401442836829837,0.0386766223776224,0.0350922766899767,0.0324855727272727,0.0217341603729604
2209.04,0.0371492,0.0377066,0.039561,0.0402118,0.0388847,0.0353452,0.0325277,0.022031,,,0.0371579857142857,0.03772148,0.0395377628571428,0.0402227542857143,0.0389052371428571,0.0353398857142857,0.0325307085714286,0.02201246,0.0372717331002331,0.0376826058275058,0.0394572202797203,0.0402313067599068,0.0390179193473194,0.0352689016317016,0.0325045822843823,0.0218911013986014
2210.01,0.0375078,0.0380888,0.0399497,0.0407451,0.0399534,0.0361955,0.0327555,0.0223551,,,0.0374833371428571,0.03805682,0.0398914914285714,0.0406918542857143,0.0398909914285714,0.0361143714285714,0.0327177257142857,0.0223119257142857,0.0374292361305361,0.0377812307692308,0.0395451717948718,0.0403509876456876,0.0394853955710956,0.0354905927738928,0.0325589687645688,0.0221174158508158
2210.97,0.0377318,0.0381985,0.039806,0.0408153,0.0404634,0.0362499,0.0327247,0.0223578,,,0.0377233228571429,0.0381638628571429,0.0397999057142857,0.0407836971428571,0.0404109942857143,0.0362064514285714,0.0327108742857143,0.02236674,0.0376307489510489,0.0379440836829837,0.0396079261072261,0.0404754263403263,0.0399898002331002,0.0357335372960373,0.0326679356643357,0.0223336342657343
2211.94,0.0378315,0.0380286,0.039453,0.0405068,0.0403681,0.0357302,0.0325977,0.0223507,,,0.0378483685714286,0.0380472514285714,0.03950232,0.0405363028571428,0.0404086857142857,0.0357752,0.0326336914285714,0.0223956314285714,0.0378090571095571,0.0381333351981352,0.0395601601398601,0.0405590850815851,0.0403397097902098,0.0358730874125874,0.0327874636363636,0.0224721328671329
2212.9,0.0379161,0.0379761,0.0392849,0.0402727,0.0402323,0.0353651,0.0326982,0.0225411,,,0.03791544,0.0380114571428571,0.0392875485714286,0.0402967771428571,0.0402704,0.0354128171428571,0.0327207514285714,0.0225266742857143,0.0378856895104895,0.0383001794871795,0.0393708785547785,0.0405382475524476,0.040374189044289,0.0357971710955711,0.0328440272727273,0.0225182212121212
2213.86,0.037898,0.0382204,0.0391205,0.0402219,0.0401473,0.0353583,0.03293,0.0226121,,,0.03788516,0.0382264771428571,0.0390764085714286,0.0402181542857143,0.0401172485714286,0.0353495571428571,0.0329046285714286,0.0225701342857143,0.0378197363636364,0.0383924186480186,0.0391005920745921,0.0403649552447552,0.0400700076923077,0.0355195846153846,0.0328107531468531,0.0224879505827506
2214.83,0.0376973,0.0385284,0.0387477,0.0401824,0.0397599,0.0353568,0.0329338,0.0224151,,,0.0376961428571429,0.0385125685714286,0.0387633685714286,0.0401815857142857,0.0397343142857143,0.0353306314285714,0.0329086428571429,0.0224391,0.0376184265734266,0.0383832342657343,0.0388123226107226,0.0400641137529138,0.0395405974358974,0.0351580494172494,0.0327062296037296,0.0224071177156177
2215.79,0.0373839,0.0385961,0.0384688,0.0400259,0.0390675,0.0351096,0.0326463,0.0222911,,,0.0373891542857143,0.0385779028571428,0.0385099342857143,0.0400141228571429,0.0390779142857143,0.0351008142857143,0.0326554371428571,0.0223185885714286,0.0373209361305361,0.0382597076923077,0.0385137594405594,0.0397186806526807,0.0389523974358974,0.0348084195804196,0.0325339165501166,0.0223046205128205
2216.76,0.0370412,0.0383042,0.0384033,0.0396336,0.038366,0.034671,0.0322977,0.0223011,,,0.0370382257142857,0.03829598,0.0383789228571429,0.0396039771428571,0.0383722571428571,0.0346692857142857,0.0323120914285714,0.0222681085714286,0.0369960303030303,0.0380094780885781,0.0382160848484848,0.0393992291375291,0.0384329662004662,0.0344972128205128,0.0322880247086247,0.0222169972027972
2217.72,0.0366913,0.0377457,0.0381908,0.0390241,0.0378298,0.0341978,0.0320116,0.0221854,,,0.0366788714285714,0.0377405828571429,0.0381444028571429,0.0390240142857143,0.0378252314285714,0.0341934714285714,0.0319999342857143,0.0221660628571429,0.0367366251748252,0.0376596748251748,0.0379959407925408,0.0391552293706294,0.0380692641025641,0.0342759284382284,0.032019131002331,0.0222032393939394
2218.68,0.036391,0.0371095,0.0377553,0.0385616,0.0375603,0.0338668,0.0317437,0.0220692,,,0.0363980457142857,0.0371086171428571,0.0377657314285714,0.0386007714285714,0.0375734142857143,0.0338712914285714,0.0317312628571429,0.02210328,0.0366082230769231,0.0372946988344988,0.0379333911421911,0.0390193470862471,0.0379253505827506,0.0342414419580419,0.031835786013986,0.0223198440559441
2219.65,0.0363421,0.0366442,0.0375621,0.0386113,0.0377122,0.0339053,0.0315858,0.0223033,,,0.0363743285714286,0.0366690057142857,0.0376187228571429,0.03864088,0.0377450371428571,0.0339381542857143,0.0316080257142857,0.0223309857142857,0.0366121531468531,0.0370128948717949,0.0380069687645688,0.0389766883449883,0.0379930121212121,0.0344123592074592,0.0318278055944056,0.0225501601398601
2220.61,0.0366642,0.0366087,0.0379548,0.0390814,0.0382872,0.0344882,0.0317748,0.0228409,,,0.0366723428571429,0.0366374057142857,0.0379781657142857,0.0390760428571428,0.03829338,0.0345286057142857,0.0317995971428571,0.0228265514285714,0.0367251156177156,0.0368915871794872,0.0381447778554779,0.0390045501165501,0.0381982976689977,0.0347073053613054,0.0320119878787879,0.0228192543123543
2221.58,0.0371009,0.0369725,0.0386164,0.039535,0.0389039,0.0354071,0.0322883,0.0233122,,,0.0370687914285714,0.0369593514285714,0.0385698742857143,0.0394971914285714,0.0388596028571429,0.0353835628571429,0.03227714,0.0232888514285714,0.0369253874125874,0.0369649501165501,0.0383489916083916,0.0391200284382284,0.0384926428904429,0.0350524734265734,0.0323351205128205,0.023086831002331
2222.54,0.0373008,0.0373702,0.0389573,0.0395977,0.0391088,0.0359822,0.0328146,0.0235148,,,0.0372838285714286,0.0373418285714286,0.0389161228571428,0.0395633028571429,0.0390713771428571,0.0359057771428571,0.0327991714285714,0.0235104628571429,0.0371504454545455,0.0371948055944056,0.0386450811188811,0.0393077435897436,0.0388488268065268,0.0353862871794872,0.0326962811188811,0.0233316801864802
2223.51,0.0372871,0.0375898,0.0389307,0.0393362,0.0389652,0.0358083,0.0331722,0.0235187,,,0.0373109542857143,0.0375959114285714,0.0389580257142857,0.0393611771428571,0.03899316,0.0358015885714286,0.0331793742857143,0.0235241085714286,0.0372826491841492,0.0374820778554779,0.038957665967366,0.0394724540792541,0.039163682983683,0.0356005680652681,0.0329862745920746,0.0234842582750583
2224.47,0.037281,0.0377503,0.0389702,0.0392185,0.038973,0.0353718,0.0333596,0.0234445,,,0.03729642,0.0377655485714286,0.0390079228571429,0.0392644171428571,0.03902856,0.0354388971428571,0.0333560942857143,0.0234511514285714,0.0372333303030303,0.0377208664335664,0.0391525116550117,0.0395250606060606,0.039281551048951,0.0355957526806527,0.0331346501165501,0.023482306993007
2225.43,0.0372254,0.0378994,0.0391906,0.0394212,0.0393059,0.0352374,0.0332916,0.0233497,,,0.0371969342857143,0.0378887628571428,0.0391756857142857,0.0394110085714286,0.0393032771428571,0.0352452942857143,0.0332646771428571,0.0233497514285714,0.0370251813519813,0.0378419911421911,0.0391688438228438,0.0394546766899767,0.0391628235431235,0.0353748312354312,0.0331139622377622,0.0233506717948718
2226.4,0.0368833,0.0379069,0.0392666,0.0395852,0.0394894,0.035187,0.0329239,0.0232142,,,0.0368547228571428,0.0378940685714286,0.0392358114285714,0.0395530142857143,0.0394218228571428,0.03513738,0.0329225457142857,0.0232048914285714,0.0367566083916084,0.0378331981351981,0.0390575447552447,0.0393218648018648,0.0389582780885781,0.0350683368298368,0.0329369368298368,0.0231764146853147
2227.36,0.0363498,0.0377667,0.0390469,0.0394703,0.0390796,0.0349104,0.0325263,0.0230173,,,0.0363749828571429,0.03777642,0.0390495571428571,0.0394648657142857,0.03904156,0.0349085828571429,0.0325617171428571,0.0230168371428571,0.0365145517482517,0.0377426489510489,0.0389087566433566,0.0392256284382284,0.0388497624708625,0.0348750552447553,0.0326856652680653,0.0230385491841492
2228.33,0.0360534,0.0376224,0.0387394,0.0392118,0.038421,0.0346763,0.0323844,0.0228469,,,0.0360887314285714,0.0376277228571428,0.0387514857142857,0.0392092971428571,0.0384715971428571,0.0347047228571429,0.0323843914285714,0.0228538,0.0363403454545455,0.0376396011655012,0.0387710776223776,0.0392311508158508,0.0388712095571096,0.0349044074592075,0.0324870610722611,0.0229576857808858
2229.29,0.0361288,0.0375042,0.038521,0.0390084,0.0383019,0.0347746,0.0323706,0.0227963,,,0.0361163714285714,0.0374900228571428,0.0385179571428571,0.0390173828571428,0.0383723142857143,0.0347852971428571,0.0323383371428571,0.0228042285714286,0.0362486186480186,0.0375612843822844,0.0386627503496503,0.0393221545454545,0.0389571566433566,0.0350854769230769,0.0324318324009324,0.0229043673659674
2230.26,0.0362985,0.0373802,0.0384276,0.039088,0.0389203,0.0351636,0.0323574,0.0228783,,,0.0362828657142857,0.0373878885714286,0.0384331628571429,0.0391246171428571,0.0389146428571428,0.0351749828571429,0.0323774657142857,0.0228871114285714,0.0362598456876457,0.0375147237762238,0.0386303701631702,0.0394600738927739,0.0390913505827506,0.0352927545454545,0.0325349757575758,0.0228669428904429
2231.22,0.03643,0.0373839,0.0385306,0.0395737,0.0396527,0.0356768,0.0325937,0.0230132,,,0.0364403028571428,0.0374091342857143,0.0385462171428571,0.0395862057142857,0.0395969,0.0356722571428571,0.0326308742857143,0.0229963142857143,0.0363821305361305,0.0374946146853147,0.038718620979021,0.039643924009324,0.0393075016317016,0.0354778804195804,0.0327393958041958,0.0228742783216783
2232.18,0.0365732,0.0375591,0.0388365,0.0401614,0.0399416,0.0360149,0.0330943,0.0230185,,,0.0365708085714286,0.0375495771428571,0.0388388228571429,0.0401261457142857,0.0399278,0.0359819085714286,0.0330750142857143,0.0229962571428571,0.0365372414918415,0.0374819783216783,0.0388810724941725,0.0398694783216783,0.0395695275058275,0.0356220986013986,0.032951051048951,0.0229336750582751
2233.15,0.0366578,0.0376552,0.0391696,0.0404011,0.0398805,0.0359316,0.0334403,0.0229087,,,0.0366533428571428,0.0376304114285714,0.0391627342857143,0.0403694371428571,0.0399021,0.0359128714285714,0.0334058257142857,0.0229305314285714,0.0365920237762238,0.0374700748251748,0.0390046095571095,0.0400778228438228,0.0397393993006993,0.0356803477855478,0.0331209363636364,0.0230063955710956
2234.11,0.0366414,0.0375327,0.0393271,0.0402541,0.0397239,0.0355655,0.0334378,0.0229578,,,0.0366505114285714,0.0375309857142857,0.0393158714285714,0.04026904,0.0397237371428571,0.0355806628571428,0.0334332657142857,0.0229824514285714,0.0365134997668998,0.0374763326340326,0.039029831002331,0.0401909009324009,0.0397092463869464,0.0356392916083916,0.033281668997669,0.02306488997669
2235.08,0.0365336,0.0373413,0.0391863,0.0400511,0.0394743,0.0352737,0.0332951,0.0231851,,,0.0365138685714286,0.0373526742857143,0.0391632085714286,0.0400766257142857,0.0394592485714286,0.0352960628571428,0.0333080514285714,0.0231644514285714,0.0363829037296037,0.0374834745920746,0.0389626121212121,0.0401737237762238,0.0395151160839161,0.0355450428904429,0.0334560529137529,0.0231258498834499
2236.04,0.0362377,0.0372507,0.0387555,0.0399485,0.0391361,0.0352364,0.0332734,0.0233223,,,0.0362169057142857,0.0372691371428571,0.0387521314285714,0.0399356771428571,0.0391409257142857,0.0352405142857143,0.0332931057142857,0.0233018228571429,0.0362547895104895,0.037412903030303,0.0387994811188811,0.0400391715617716,0.0392692972027972,0.035451737995338,0.0335834573426573,0.0232263566433566
2237.01,0.0358872,0.0372979,0.0383124,0.0398049,0.0388893,0.0353729,0.0334828,0.023342,,,0.0359238942857143,0.0373043285714286,0.0383501485714286,0.0397960885714286,0.0389145942857143,0.03537068,0.0335004657142857,0.0233556371428571,0.0361339321678322,0.0372216599067599,0.0385586442890443,0.0398268927738928,0.039037948951049,0.0354056081585081,0.0336081319347319,0.0233858657342657
2237.97,0.0358582,0.0373048,0.038174,0.0396285,0.0388576,0.0355545,0.0338035,0.0234557,,,0.03588766,0.0372766857142857,0.0381878685714286,0.0396513342857143,0.0388619371428571,0.0355541142857143,0.0337937114285714,0.0234727742857143,0.0360507862470862,0.0369866979020979,0.0383290706293706,0.0396003356643357,0.0388429365967366,0.035445958041958,0.0335691634032634,0.0235804477855478
2238.93,0.0360987,0.0370183,0.0382169,0.0395303,0.0388696,0.0356784,0.0339096,0.0237158,,,0.03606642,0.0369849828571428,0.0381808142857143,0.0395200571428571,0.0388371228571429,0.035661,0.0338656114285714,0.0237130228571428,0.0360458291375291,0.0368227843822844,0.038187617948718,0.039422865034965,0.0387190557109557,0.0355516997668998,0.0335352664335664,0.0237680920745921
2239.9,0.036213,0.0365133,0.0381559,0.0393549,0.0387033,0.0356463,0.0335894,0.0239755,,,0.0361911257142857,0.0365259428571428,0.0381551971428571,0.03932148,0.0386917542857143,0.0356406771428571,0.0335722828571428,0.0239641257142857,0.0361109547785548,0.036757727972028,0.0381377188811189,0.039312627972028,0.0386868543123543,0.0356308407925408,0.0335141692307692,0.0239278433566434
2240.86,0.036182,0.0362534,0.0381268,0.0390664,0.0385156,0.0355629,0.0331444,0.0241204,,,0.03620906,0.0363103571428571,0.0381623028571429,0.0390895171428571,0.0385503571428571,0.0355920514285714,0.0331918,0.0241208457142857,0.036190724009324,0.0367403438228438,0.0381589037296037,0.0392557293706294,0.0387026181818182,0.0356176326340326,0.0334713713286713,0.0240385745920746
2241.83,0.0362418,0.0365547,0.0382736,0.0390188,0.0385981,0.0355985,0.0330758,0.0241688,,,0.0362557285714286,0.0365755028571429,0.0382558828571429,0.0390601142857143,0.0386177028571428,0.0355967942857143,0.0331094428571429,0.0241752457142857,0.0362188855477855,0.036731879020979,0.0382229435897436,0.0392417708624709,0.0386992916083916,0.0355345592074592,0.0333912207459207,0.0240632848484848
2242.79,0.0363128,0.0370688,0.0383261,0.0392964,0.0388369,0.0355833,0.0333318,0.0241338,,,0.0362837,0.03702038,0.0382962628571428,0.0392787514285714,0.0388107742857143,0.0355463057142857,0.0333043628571428,0.02412306,0.0361648498834499,0.0367494911421911,0.0382805925407925,0.0392539848484848,0.0386670358974359,0.0354452317016317,0.0332920708624709,0.0240003324009324
2243.75,0.0361529,0.0372046,0.0382208,0.0395015,0.0388894,0.0353674,0.0334681,0.0239533,,,0.0361349342857143,0.0371673485714286,0.0382505171428571,0.03946802,0.0388614742857143,0.0353729114285714,0.0334442628571429,0.0239369028571429,0.0360596671328671,0.0368075102564102,0.0382948293706294,0.0392774871794872,0.038659831002331,0.0354043442890443,0.0332075743589744,0.0239029610722611
2244.72,0.0358595,0.0369359,0.0382423,0.0394423,0.0387178,0.0352325,0.0333605,0.0236905,,,0.0358846828571429,0.0369536,0.0382632485714286,0.0394468,0.03872488,0.0352642485714286,0.0333651885714286,0.0237007771428571,0.0359556079254079,0.0368522634032634,0.0382436825174825,0.0393147543123543,0.0387208675990676,0.0354364130536131,0.0331527095571095,0.0238273927738928
2245.68,0.0357396,0.0366711,0.0383285,0.0393176,0.0386101,0.035396,0.0331629,0.0235999,,,0.0357570514285714,0.0366981,0.0382967857142857,0.03933194,0.0386353857142857,0.0353982542857143,0.0331612628571429,0.0236269942857143,0.0358765214452214,0.0368229421911422,0.0381207407925408,0.0393542491841492,0.0388304815850816,0.0355283976689977,0.0331085717948718,0.0238108186480186
2246.65,0.0358064,0.0366121,0.0381729,0.0392737,0.0387717,0.0357049,0.0329745,0.0238161,,,0.0357890342857143,0.0366076,0.0381497057142857,0.0392733828571429,0.0387809057142857,0.0356932857142857,0.0329728285714286,0.02381742,0.0358379102564103,0.0367540543123543,0.037996527972028,0.0393764825174825,0.0389556351981352,0.0356760265734266,0.0330867547785548,0.0238955699300699
2247.61,0.0358695,0.0366458,0.037839,0.0392896,0.039113,0.0359799,0.0329136,0.0241576,,,0.0358626685714286,0.03662846,0.0378484971428571,0.03928612,0.0391047971428571,0.0359722371428571,0.0329248628571428,0.0241331971428571,0.0358728883449883,0.0367447857808858,0.0379675736596737,0.0393897582750583,0.0391112766899767,0.0358978547785548,0.0331648083916084,0.0241126454545455
2248.58,0.0359411,0.0367116,0.0376609,0.039348,0.039437,0.0361772,0.033118,0.0244275,,,0.0359556114285714,0.0367284171428571,0.0376881057142857,0.0393557914285714,0.0394266285714286,0.0361767885714286,0.03313114,0.02442672,0.0359853540792541,0.0368385664335664,0.0380187074592074,0.0394033706293706,0.0393185575757576,0.0361547244755245,0.0333809536130536,0.0244316741258741
2249.54,0.0361131,0.0369512,0.0378619,0.0394722,0.0396424,0.0363424,0.0335941,0.0247136,,,0.0361175142857143,0.036977,0.0378923028571428,0.0394834971428571,0.0396392285714286,0.0363561571428571,0.0336087485714286,0.0247405057142857,0.0361181433566434,0.0369855839160839,0.0380813573426574,0.0394069627039627,0.0395437312354312,0.0363516948717949,0.0336745855477855,0.0247634407925408
2250.5,0.0363081,0.0373101,0.0383479,0.0395946,0.0397489,0.0365259,0.034195,0.0251128,,,0.03629964,0.0372851485714286,0.0383304314285714,0.0395753485714286,0.0397539228571428,0.0365257885714286,0.03418846,0.02511088,0.0362203608391608,0.0371123806526807,0.0381718839160839,0.0394055324009324,0.0397224822843823,0.0364545314685315,0.0339768862470863,0.0250256731934732
2251.47,0.0363972,0.0374328,0.0386701,0.0395158,0.0398132,0.0366176,0.0346029,0.0254081,,,0.0363854057142857,0.03740028,0.0386184914285714,0.0394872742857143,0.03981296,0.03659336,0.03456186,0.0253763942857143,0.0363012951048951,0.0371899981351981,0.0383324878787879,0.0394143212121212,0.0398156375291375,0.0365067846153846,0.0342509599067599,0.0252034636363636
2252.43,0.0363502,0.0372549,0.0385835,0.039261,0.0398334,0.0365087,0.0345763,0.0254049,,,0.0363482885714286,0.0372688457142857,0.0385878971428571,0.03928302,0.0398305885714286,0.0365063857142857,0.0345638542857143,0.0253981542857143,0.036376068997669,0.0372366123543124,0.0385230254079254,0.0394222463869464,0.0398326317016317,0.0365394510489511,0.0344480331002331,0.0253360249417249
2253.4,0.0362745,0.0370914,0.0384452,0.0391882,0.0398104,0.0363732,0.0343525,0.0252785,,,0.0362923371428571,0.0371105314285714,0.0384891542857143,0.0392266514285714,0.0398138714285714,0.0364009114285714,0.0343910542857143,0.0252999971428571,0.0364113375291375,0.0372693664335664,0.0386589897435897,0.0394123923076923,0.0398151937062937,0.0365375554778555,0.0345274403263403,0.0254391867132867
2254.36,0.0362998,0.0370946,0.038561,0.0393985,0.0397779,0.0364121,0.034314,0.0252829,,,0.0363106857142857,0.0370946685714286,0.0385637,0.0393840314285714,0.0397750028571428,0.0364219142857143,0.0343284342857143,0.0252996228571429,0.0363591771561772,0.0372749435897436,0.0386890265734266,0.0393887801864802,0.0397898594405594,0.0364732282051282,0.0344898305361305,0.0254683193473193
2255.33,0.0363477,0.0371936,0.0387239,0.0395444,0.0397291,0.0365031,0.0343935,0.0254213,,,0.0363340542857143,0.0371974228571428,0.0386996171428571,0.0395115628571428,0.0397284485714286,0.0364821171428571,0.0343706657142857,0.0254200742857143,0.0362099233100233,0.037244644988345,0.0386238927738928,0.0393633547785548,0.039746913986014,0.0363481433566434,0.0343652011655012,0.0253869442890443
2256.29,0.0362128,0.0373167,0.0386954,0.0394472,0.039691,0.0364094,0.0343553,0.0255018,,,0.0361958714285714,0.0373174457142857,0.0386905657142857,0.0394556085714286,0.0397014914285714,0.0363922828571428,0.0343522742857143,0.0254838428571429,0.0359960032634033,0.0371983755244755,0.0385280426573427,0.0393472979020979,0.0396855895104895,0.0362123671328671,0.0342230832167832,0.0252420743589744
2257.25,0.0358489,0.0373476,0.0385203,0.0393113,0.0396982,0.036139,0.0342301,0.0253468,,,0.0358429771428571,0.0373299685714286,0.0385224428571429,0.0393268571428571,0.0396909057142857,0.0361412542857143,0.0342321228571428,0.0253240257142857,0.035760658974359,0.037147762004662,0.0384455944055944,0.0393352850815851,0.0396446046620047,0.0361176086247086,0.0341419435897436,0.0251214972027972
2258.22,0.0354073,0.0371613,0.0382998,0.039243,0.0396629,0.0358996,0.0340839,0.0249882,,,0.0354167371428571,0.0371466514285714,0.03829668,0.0392318314285714,0.0396461428571429,0.0359124657142857,0.0340707428571429,0.0249873514285714,0.035528493006993,0.0370761673659674,0.0383555764568765,0.0392990219114219,0.0396558979020979,0.0360718951048951,0.0341280787878788,0.0250672356643357
2259.18,0.0351084,0.0368385,0.0381101,0.0391671,0.0395824,0.0358726,0.0339591,0.0247236,,,0.0351261514285714,0.0368526085714286,0.0381206771428571,0.03916722,0.0395967057142857,0.0358873085714286,0.0339749314285714,0.0247559914285714,0.0353150065268065,0.036959472960373,0.0382503601398601,0.0392334592074592,0.039709365034965,0.0360783792540793,0.0341475906759907,0.0250770221445221
2260.15,0.0350625,0.0366308,0.0380638,0.0391387,0.0396495,0.0360893,0.0340516,0.0248605,,,0.0350676942857143,0.03665606,0.03807514,0.0391554485714286,0.0396731914285714,0.0360901228571428,0.0340776142857143,0.0248866,0.0351649815850816,0.0367928524475524,0.0381763864801865,0.0391749571095571,0.0397791911421911,0.0361718438228438,0.0342090540792541,0.0251513694638695
2261.11,0.0351728,0.0366252,0.0381501,0.0392115,0.0398901,0.0364094,0.0343726,0.0253285,,,0.0351613142857143,0.0366209571428571,0.0381413914285714,0.0392047285714286,0.0398800885714286,0.0363979485714286,0.0343561942857143,0.0253141942857143,0.0351382461538461,0.0366129044289044,0.0381592965034965,0.0391515797202797,0.0398453699300699,0.0363704104895105,0.0343305678321678,0.0253005468531469
2262.08,0.0352819,0.036614,0.0382259,0.0392438,0.0400537,0.036683,0.0346298,0.0257527,,,0.0352715028571429,0.0365854314285714,0.0382215714285714,0.0392255428571429,0.0400308657142857,0.0366810285714286,0.0346099828571429,0.0257278942857143,0.0352417948717949,0.0364782221445221,0.0381727389277389,0.0391650324009324,0.0398909787878788,0.0366181188811189,0.0344931848484848,0.0255127284382284
2263.04,0.0353664,0.036439,0.0382497,0.0391729,0.0400066,0.0368938,0.0347223,0.0259251,,,0.0353763171428571,0.0364373457142857,0.03825468,0.03917734,0.0400080657142857,0.0369008714285714,0.0347310171428571,0.0259213885714286,0.0354107813519813,0.0364163237762238,0.0381803708624709,0.0392134037296037,0.0399038736596737,0.0368162188811189,0.0346618811188811,0.0257279456876457
2264,0.0355242,0.0362753,0.0382305,0.0391491,0.0398815,0.0370485,0.0347804,0.0259271,,,0.0355390114285714,0.0363017942857143,0.0382232742857143,0.0391661142857143,0.0398938257142857,0.0370455342857143,0.0347858171428571,0.0259347714285714,0.0355636876456876,0.0364065221445221,0.0381550864801865,0.0392821925407925,0.0398857163170163,0.0369149682983683,0.0347918944055944,0.0258729540792541
2264.97,0.0357375,0.0363173,0.0381192,0.0392709,0.039794,0.0370713,0.0348327,0.0258834,,,0.0357271542857143,0.0363218171428571,0.0381141857142857,0.0392770971428571,0.0397890885714286,0.0370535057142857,0.0348311914285714,0.0258846685714286,0.0356556186480186,0.03641137995338,0.038086027972028,0.0393360687645688,0.0398528158508158,0.0369474904428904,0.0348443020979021,0.0259262193473193
2265.93,0.0358157,0.0364503,0.037951,0.0394383,0.0397159,0.036921,0.0348446,0.0258292,,,0.0357973142857143,0.0364346742857143,0.0379569142857143,0.03942726,0.0397093,0.03691338,0.0348428257142857,0.0258235685714286,0.0356757517482517,0.0364145682983683,0.0379897463869464,0.0393472333333333,0.0398176934731935,0.0369655065268065,0.0348260484848485,0.0259154412587413
2266.9,0.0356889,0.0365069,0.0378196,0.039479,0.0396763,0.036764,0.0347991,0.0257849,,,0.0356935885714286,0.0365052971428571,0.0378228742857143,0.0394668885714286,0.03969598,0.0367901428571428,0.0347942142857143,0.0257949971428571,0.0356251664335664,0.0364278727272727,0.0378894156177156,0.0393147864801865,0.0397799965034965,0.0369845487179487,0.0347698065268065,0.0258716498834499
2267.86,0.0355017,0.036502,0.0377497,0.0393495,0.0397813,0.0368556,0.0346999,0.0258366,,,0.0355121314285714,0.0365060371428571,0.0377530171428571,0.0393503485714286,0.0397929057142857,0.0368791885714286,0.034705,0.0258517628571429,0.03551392004662,0.0364535743589744,0.0377895610722611,0.0392496212121212,0.0397384160839161,0.0370091247086247,0.0346916808857809,0.0258243452214452
2268.82,0.035344,0.0364692,0.0377278,0.0391476,0.0399074,0.0371461,0.0346077,0.0259526,,,0.0353371,0.0364643057142857,0.0377273371428571,0.0391472228571429,0.0398758828571429,0.0371237114285714,0.0346093028571429,0.0259305971428571,0.0353679738927739,0.0364569762237762,0.0376927538461538,0.0391607613053613,0.0397001412587413,0.037059465034965,0.0346051004662005,0.0258123328671329
2269.79,0.035184,0.036395,0.0377017,0.0389612,0.0397957,0.0373106,0.0345237,0.0259243,,,0.0351804857142857,0.0363964742857143,0.03769396,0.03896342,0.0397765,0.0372857428571429,0.0345143914285714,0.0259008742857143,0.0352372804195804,0.0364079417249417,0.0376182578088578,0.0390699594405594,0.0396821086247086,0.0371467827505828,0.0345293466200466,0.0258586571095571
2270.75,0.0350704,0.036323,0.0376246,0.0388826,0.039555,0.0372854,0.0344304,0.0257998,,,0.0350809942857143,0.0363294457142857,0.0376198342857143,0.0388955171428571,0.0395808085714286,0.0373003314285714,0.0344360657142857,0.02582542,0.0351729491841492,0.0363244939393939,0.0375881848484848,0.0390219300699301,0.039696965034965,0.0372544566433566,0.0344743515151515,0.0259556909090909
2271.72,0.0350929,0.0362796,0.03754,0.0389782,0.0395181,0.0372968,0.0344189,0.0259005,,,0.0350984542857143,0.0362740542857143,0.0375432314285714,0.0389798285714286,0.0395385428571428,0.0373112,0.0344306857142857,0.0259284942857143,0.0351802391608392,0.0362507475524476,0.0376163216783217,0.0390577834498834,0.0397352470862471,0.0373593981351981,0.0344577107226107,0.0260903060606061
2272.68,0.0352176,0.036216,0.037547,0.0391637,0.0397167,0.0373969,0.0345142,0.0262489,,,0.0352162371428571,0.0362086457142857,0.03755738,0.0391563371428571,0.0397105457142857,0.0373848057142857,0.0345045485714286,0.0262323057142857,0.0352241375291375,0.0362219130536131,0.0377005261072261,0.0391716727272727,0.0397833459207459,0.0374539174825175,0.0345039116550117,0.0262504578088578
2273.65,0.0353458,0.0361481,0.037707,0.0393358,0.039944,0.0374698,0.0346038,0.0265409,,,0.0353419342857143,0.0361542542857143,0.0377153314285714,0.0393382171428571,0.0399329942857143,0.0374655657142857,0.0345939171428571,0.0265201828571428,0.0352724393939394,0.0362477400932401,0.0378097370629371,0.0393024839160839,0.0398510041958042,0.0375344634032634,0.0346089568764569,0.0264180685314685
2274.61,0.0353947,0.0361776,0.0379603,0.0394771,0.040065,0.0375407,0.0346878,0.026666,,,0.0353872857142857,0.0361907914285714,0.0379582771428571,0.03948076,0.0400600971428571,0.0375600542857143,0.0347027657142857,0.0266778285714286,0.0353003370629371,0.0363012808857809,0.0379022107226107,0.0393833389277389,0.03994122004662,0.0375837941724942,0.034749962004662,0.0265754093240093
2275.57,0.0353266,0.0363344,0.03815,0.039542,0.0400731,0.0376842,0.0348816,0.0267554,,,0.0353263085714286,0.0363392428571428,0.0381390714285714,0.0395330342857143,0.0400743942857143,0.037689,0.0348914485714286,0.0267608514285714,0.0352774708624709,0.0363352027972028,0.0379558848484848,0.0393892081585082,0.0400093508158508,0.037579124009324,0.0349083191142191,0.0266939403263403
2276.54,0.0351903,0.0364945,0.0381428,0.0394422,0.0400189,0.0377491,0.035126,0.0268023,,,0.0351946457142857,0.0364812485714286,0.0381272685714286,0.0394257171428571,0.0400202885714286,0.0377170342857143,0.0351088314285714,0.02678442,0.0351835512820513,0.0363239132867133,0.0379650398601399,0.0393331815850816,0.0400052370629371,0.037515420979021,0.0350564263403263,0.0267489125874126
2277.5,0.035038,0.0364774,0.0379329,0.039194,0.0399379,0.0375282,0.0352469,0.0267363,,,0.0350365,0.03645994,0.0379314857142857,0.0391978142857143,0.0399368628571428,0.0375120342857143,0.0352394,0.0267372857142857,0.0350320398601398,0.0362813512820513,0.0379293487179487,0.0392501853146853,0.0399404487179487,0.0374203988344988,0.0351680116550117,0.0267685983682984
2278.47,0.0348712,0.0362572,0.0376957,0.039006,0.0398494,0.0371884,0.0352705,0.0266956,,,0.0348694857142857,0.0362564457142857,0.0377145142857143,0.0390295457142857,0.0398490914285714,0.0372172,0.0352844371428571,0.0267121771428571,0.0348702447552448,0.036232672027972,0.0378610515151515,0.0391879680652681,0.0398736354312354,0.0373422874125874,0.035246493006993,0.0268155738927739
2279.43,0.0347089,0.0360117,0.0376231,0.0390423,0.0397848,0.0370852,0.0353105,0.0268069,,,0.0347075628571428,0.0360245142857143,0.0376323314285714,0.0390428485714286,0.0397845428571428,0.0371014942857143,0.0353062742857143,0.0268077142857143,0.0347471897435897,0.0361821743589744,0.037782534965035,0.0391788897435897,0.0398445114219114,0.0373149906759907,0.0353031906759907,0.0269130102564103
2280.4,0.0345901,0.0359275,0.0376875,0.0391923,0.0397791,0.0372381,0.035318,0.0270035,,,0.0345931085714286,0.0359435028571429,0.0376818514285714,0.0391818685714286,0.0397854085714286,0.0372278142857143,0.0353067114285714,0.0270007571428571,0.0346764727272727,0.0361239662004662,0.0377091804195804,0.0392178722610723,0.0398508510489511,0.03735117995338,0.0353374135198135,0.0270328883449883
2281.36,0.0345694,0.0360417,0.0377536,0.039339,0.0398703,0.0374765,0.0352934,0.0272092,,,0.0345815371428571,0.0360456857142857,0.03775084,0.03934902,0.0398782628571428,0.0374787028571428,0.0353078942857143,0.0272123457142857,0.0346419282051282,0.0360724158508159,0.037647789044289,0.0392822820512821,0.0398831223776224,0.0374660356643357,0.0353643666666667,0.02714551002331
2282.32,0.0346663,0.0362047,0.037752,0.0394871,0.0400228,0.0377498,0.0353688,0.0273798,,,0.0346654085714286,0.0361869657142857,0.0377449114285714,0.0394833542857143,0.0400125142857143,0.0377506828571429,0.0353768657142857,0.0273742628571429,0.0346299522144522,0.0360536627039627,0.0376042468531469,0.039350762004662,0.0399471326340326,0.0376574179487179,0.0354080792540793,0.0272406440559441
2283.29,0.0347587,0.0362204,0.0376455,0.0395244,0.0401081,0.0379817,0.0355072,0.0274344,,,0.03474202,0.03620606,0.0376351628571429,0.0395018142857143,0.0400947542857143,0.0379681914285714,0.0354928771428571,0.0274205657142857,0.0346374627039627,0.0360685717948718,0.0375799526806527,0.0393955223776224,0.0400442561771562,0.0378683587412587,0.0354626932400932,0.0273194818181818
2284.25,0.0347349,0.0360996,0.0374796,0.0393824,0.0401177,0.0380856,0.0355775,0.0273567,,,0.0347319942857143,0.0361082914285714,0.0374854371428571,0.0393866685714286,0.0401278914285714,0.03808524,0.0355756657142857,0.0273546514285714,0.03466457995338,0.0360925843822844,0.0375764216783217,0.0393986020979021,0.0401593806526806,0.0380347317016317,0.0355166298368298,0.0273942018648019
2285.22,0.0346778,0.0360204,0.0374204,0.0392561,0.0401988,0.0381325,0.0356157,0.0272918,,,0.0346864914285714,0.0360309,0.0374372171428571,0.0392771942857143,0.04021176,0.0381402571428571,0.0356216657142857,0.0273091657142857,0.034714658974359,0.0361135137529137,0.0376036473193473,0.0393768617715618,0.040277182983683,0.0381506503496504,0.0355906307692308,0.027473244988345
2286.18,0.0347042,0.0360595,0.0375659,0.0392907,0.0403797,0.0381976,0.0356792,0.0274087,,,0.0347071657142857,0.0360577857142857,0.0375721657142857,0.0392902885714286,0.0403731771428571,0.0381951657142857,0.0356730114285714,0.0274240942857143,0.0347917680652681,0.0361459160839161,0.0376613079254079,0.0393569191142191,0.0403894046620047,0.0382357603729604,0.0357028948717949,0.0275444291375291
2287.14,0.0348295,0.0361711,0.0378179,0.0393853,0.0405375,0.0382656,0.0357558,0.0276738,,,0.0348309657142857,0.0361697971428571,0.0378098171428571,0.0393733685714286,0.0405291514285714,0.03826584,0.0357567085714286,0.0276664371428571,0.034901879020979,0.0362111020979021,0.0377349841491842,0.0393554850815851,0.0404911932400932,0.038297189044289,0.0358399,0.0276002226107226
2288.11,0.0350345,0.0363294,0.0380051,0.0394438,0.0406254,0.0383496,0.0359055,0.0278739,,,0.0350366771428571,0.0363343457142857,0.0379944542857143,0.0394447428571428,0.0406299685714286,0.0383557885714286,0.0359207314285714,0.0278547428571428,0.0350532393939394,0.0363134631701632,0.0378229706293706,0.0393967804195804,0.0405793545454545,0.0383506445221445,0.0359876368298368,0.0276635137529137
2289.07,0.0352829,0.0365238,0.0380505,0.0395093,0.040694,0.0384599,0.0361777,0.0278817,,,0.03528104,0.0365220685714286,0.03804138,0.0395131142857143,0.0406958,0.0384543628571428,0.0361787028571429,0.02787126,0.0352407776223776,0.0364416557109557,0.0379323668997669,0.0395010277389277,0.0406496529137529,0.0384174342657343,0.0361485839160839,0.0277617988344988
2290.04,0.035513,0.036686,0.0380013,0.0396139,0.0407406,0.0385346,0.0364441,0.0277934,,,0.0355085428571429,0.0366740857142857,0.0380024142857143,0.0396092371428571,0.0407322428571429,0.0385271342857143,0.0364256542857143,0.0278023314285714,0.0354450496503497,0.0365970407925408,0.0380597682983683,0.0396583412587413,0.0407112053613054,0.0385074414918415,0.0363271685314685,0.0278949627039627
2291,0.0356848,0.0367679,0.0380111,0.0397452,0.0407415,0.0385764,0.0365647,0.027827,,,0.0356806257142857,0.0367629371428571,0.0380282257142857,0.0397481571428571,0.0407393828571428,0.0385818514285714,0.0365572514285714,0.02784686,0.0356502783216783,0.0367949356643357,0.0382013603729604,0.0398374745920746,0.0407919065268065,0.0386247983682984,0.0365186986013986,0.028048762004662
2291.97,0.0358103,0.0368604,0.0382205,0.0399452,0.0407705,0.0386751,0.0366147,0.0280963,,,0.0358120914285714,0.0368744228571428,0.0382313257142857,0.0399589571428571,0.0407811885714286,0.0386819657142857,0.0366299485714286,0.0281027542857143,0.035839396037296,0.0370219965034965,0.0383593494172494,0.0400022627039627,0.0408942958041958,0.0387553258741259,0.0366960785547786,0.0282192032634033
2292.93,0.0359502,0.0371123,0.0385703,0.0402214,0.0409261,0.0388569,0.0367562,0.0284834,,,0.0359590457142857,0.0371310885714286,0.0385632457142857,0.0402208,0.0409390514285714,0.0388604742857143,0.0367689542857143,0.0284733542857143,0.0359926540792541,0.0372342421911422,0.0385319664335664,0.0401261097902098,0.0409836692307692,0.0388699575757576,0.0368212090909091,0.0284087044289044
2293.89,0.0361443,0.0375088,0.038875,0.0404208,0.0411821,0.0390679,0.0369734,0.0287951,,,0.03614604,0.03750418,0.03886462,0.0403996971428571,0.0411782085714286,0.0390648742857143,0.0369641171428571,0.0287855342857143,0.0361171125874126,0.0374145249417249,0.0387146627039627,0.0402129191142191,0.0410577571095571,0.0389722146853147,0.0368980151515151,0.0286156076923077
2294.86,0.0363292,0.0378159,0.0390314,0.0403974,0.0413612,0.0392125,0.0371017,0.0289554,,,0.0363154771428571,0.0377871942857143,0.0390229828571428,0.0403830342857143,0.0413332057142857,0.0391957,0.03708346,0.0289483971428571,0.0362536543123543,0.0375888783216783,0.0389017020979021,0.0402916195804196,0.041170875990676,0.0390991356643357,0.0369817263403263,0.0288317834498835
2295.82,0.0364212,0.0378535,0.0390574,0.0402514,0.0413315,0.0392304,0.0370848,0.0289999,,,0.0364140685714286,0.03784216,0.0390564485714286,0.0402650628571428,0.0413202028571429,0.0392256685714286,0.03708318,0.0289980914285714,0.0364348850815851,0.0377721242424242,0.0390731708624709,0.0403816466200466,0.041353751981352,0.0392618149184149,0.0371054484848485,0.0290382606060606
2296.79,0.0364967,0.0377764,0.0390691,0.0402506,0.0412877,0.0392573,0.0370792,0.0290459,,,0.0365124542857143,0.0378015485714286,0.0390825142857143,0.0402745657142857,0.0413237085714286,0.0392813342857143,0.0371004828571428,0.02906018,0.0366428540792541,0.0379344582750583,0.0391997037296037,0.0404817986013986,0.0415646202797203,0.0394320207459207,0.0372398433566434,0.0292136601398601
2297.75,0.0367153,0.0378717,0.0391937,0.0405034,0.0415563,0.0394841,0.0372603,0.0292318,,,0.0367327857142857,0.0378921514285714,0.0392046971428571,0.0405054742857143,0.0415851257142857,0.0394979085714286,0.0372747342857143,0.02924656,0.0368241531468531,0.0380398046620046,0.0392753107226107,0.0405958130536131,0.0417459738927739,0.0395827592074592,0.0373498911421911,0.0293519198135198
2298.72,0.0370528,0.0381331,0.0394019,0.0408386,0.0420437,0.0398213,0.0375552,0.0295294,,,0.0370463028571428,0.0381207657142857,0.0393940571428571,0.0408228114285714,0.0420184571428571,0.0398037114285714,0.0375378771428571,0.0295218914285714,0.0369474909090909,0.0380949927738928,0.039329679020979,0.0407401848484849,0.0418851655011655,0.0397094948717949,0.0374482445221445,0.0294586382284382
2299.68,0.037281,0.0383157,0.0395361,0.0410608,0.04232,0.0400183,0.0377226,0.0297383,,,0.0372553542857143,0.0382958485714286,0.0395192657142857,0.0410524342857143,0.04228496,0.0400011142857143,0.0377020542857143,0.0297201885714286,0.037027872960373,0.0381413911421911,0.039399737995338,0.0409117850815851,0.0420048897435897,0.0398252529137529,0.0375675041958042,0.0295392675990676
2300.64,0.0372475,0.0383185,0.0395302,0.0411588,0.0422498,0.0400297,0.0377233,0.0297457,,,0.0372363228571429,0.0383174971428571,0.0395277314285714,0.0411619114285714,0.0422532885714286,0.0400316542857143,0.0377310057142857,0.02973958,0.0371011090909091,0.0382072876456876,0.0394952794871795,0.0410749354312354,0.0421203944055944,0.0399468160839161,0.037709641025641,0.0296041850815851
2301.61,0.0370991,0.0382721,0.0395145,0.041219,0.0421065,0.0400106,0.0377578,0.0296501,,,0.0371144514285714,0.0382812114285714,0.0395299114285714,0.0412210571428571,0.0421260428571428,0.04001804,0.0377742571428571,0.0296553971428571,0.0371967769230769,0.0382934386946387,0.0396025923076923,0.0412047013986014,0.0422182179487179,0.0400814265734266,0.0378520377622378,0.0296756289044289
2302.57,0.037113,0.0383188,0.0396481,0.0412915,0.0421228,0.0400933,0.0379367,0.0296214,,,0.0371272885714286,0.03832078,0.0396566028571428,0.0412879,0.04212748,0.0400977914285714,0.03793568,0.0296283,0.0373379501165501,0.0384118321678322,0.0397297482517482,0.0413303885780886,0.0422934839160839,0.0402371738927739,0.0379941163170163,0.0297836111888112
2303.54,0.0373873,0.0384946,0.0399103,0.0414024,0.0423034,0.0403233,0.0381786,0.0297677,,,0.0373906685714286,0.03849364,0.0398986257142857,0.0414031628571429,0.0423027314285714,0.0403288457142857,0.0381683914285714,0.0297757914285714,0.0375528128205128,0.0386084972027972,0.0399192536130536,0.0415081668997669,0.0424002337995338,0.0404402533799534,0.0381741067599067,0.0299574428904429
2304.5,0.0378534,0.0388124,0.0401812,0.0416198,0.0425984,0.0406937,0.038414,0.0301166,,,0.0378548314285714,0.0388195314285714,0.04017418,0.0416312942857143,0.0425991285714286,0.0406975828571429,0.0384149085714286,0.0301250428571429,0.0378727006993007,0.0389267137529137,0.040197886013986,0.0417585027972028,0.0426155585081585,0.0407190181818182,0.0384322566433566,0.0302138151515151
2305.47,0.0384034,0.0392963,0.0404771,0.0420029,0.0429657,0.0411329,0.0386925,0.0306013,,,0.0383969542857143,0.03930362,0.0404929142857143,0.0420127828571429,0.0429624171428571,0.04112612,0.0387016971428571,0.0305984628571429,0.0383057452214452,0.0393616463869464,0.0405458221445221,0.0420594631701632,0.0429570470862471,0.0410716498834499,0.0387604013986014,0.030543551981352
2306.43,0.0389127,0.0398872,0.0408962,0.0424768,0.0433547,0.041524,0.0390531,0.0310565,,,0.0389012485714286,0.0398823228571428,0.0409040342857143,0.0424673885714286,0.0433542285714286,0.0415145885714286,0.0390546428571428,0.0310413371428571,0.0388121638694639,0.0398577575757576,0.0409153951048951,0.0423823328671329,0.0433711503496503,0.0414585794871795,0.0390960361305361,0.0309060895104895
2307.39,0.0393319,0.0404406,0.0413522,0.0428513,0.0437531,0.0418292,0.0394275,0.03135,,,0.0393342485714286,0.0404333828571428,0.0413354428571429,0.0428339857142857,0.0437582428571429,0.0418341457142857,0.03942588,0.0313438285714286,0.0393256174825175,0.04034048997669,0.0412594566433566,0.0427031440559441,0.0437793510489511,0.0418216599067599,0.0393744778554778,0.0312433655011655
2308.36,0.0397452,0.0408689,0.0416674,0.043046,0.0441541,0.0421205,0.0397294,0.0315265,,,0.0397565914285714,0.0408685142857143,0.0416602514285714,0.0430475514285714,0.0441569114285714,0.0421296114285714,0.0397267085714286,0.0315360228571429,0.0398015717948718,0.0407505067599068,0.0415550433566434,0.0429936414918415,0.0441132328671329,0.0421176023310023,0.0395807414918415,0.0315137881118881
2309.32,0.0402094,0.0411687,0.0418596,0.0431825,0.0444909,0.0424122,0.0398914,0.0317027,,,0.0402095885714286,0.0411656485714286,0.0418675628571428,0.0431947742857143,0.0444856714285714,0.04240602,0.0398767171428571,0.0317058285714286,0.0402295181818182,0.0410634813519813,0.0418074083916084,0.0432242123543123,0.044338886013986,0.0423467198135198,0.039739386013986,0.031717851048951
2310.29,0.0406484,0.0413411,0.04203,0.0433643,0.0446639,0.0426123,0.0398775,0.0318842,,,0.0406393657142857,0.0413338228571428,0.042027,0.0433646857142857,0.0446487028571428,0.0425987571428571,0.0398692628571428,0.0318756114285714,0.0406058261072261,0.04128948997669,0.042030086013986,0.0433877074592075,0.0444744221445221,0.0425426258741259,0.0398713214452214,0.031891062004662
2311.25,0.0409839,0.0414228,0.0421869,0.0435517,0.0446345,0.0427009,0.039823,0.0320401,,,0.0409831885714286,0.04142412,0.0421830428571428,0.0435447914285714,0.0446253971428571,0.0427029571428571,0.0398426457142857,0.0320408457142857,0.0409185477855478,0.0414626554778555,0.0422407864801865,0.0435191804195804,0.0445765002331002,0.0427336696969697,0.0399874025641026,0.0320772923076923
2312.21,0.041243,0.0415354,0.0423736,0.0437005,0.0445414,0.0428161,0.0399593,0.0322397,,,0.0412485114285714,0.0415471514285714,0.0423835342857143,0.04369702,0.0445537,0.0428329257142857,0.0399769142857143,0.03224996,0.0411636137529137,0.0416321396270396,0.0424673328671329,0.0436722566433566,0.0447013939393939,0.0429279079254079,0.0401065104895105,0.0323031864801865
2313.18,0.0414611,0.0417851,0.0426784,0.0438471,0.0446295,0.043072,0.0402886,0.0325436,,,0.0414525628571428,0.0417882714285714,0.0426849485714286,0.0438496971428571,0.0446481428571429,0.0430755228571428,0.04027744,0.0325443114285714,0.0413692254079254,0.0418469291375291,0.0427278062937063,0.0438774937062937,0.0448821937062937,0.0431284389277389,0.0402615678321678,0.0325718020979021
2314.14,0.0416093,0.042141,0.0430737,0.0440685,0.0450002,0.0433864,0.0406076,0.0328927,,,0.0415974714285714,0.0421327285714286,0.0430687885714286,0.0440759142857143,0.0450077257142857,0.0433731914285714,0.0405920942857143,0.0328857914285714,0.0415969937062937,0.0421439473193473,0.0430233463869464,0.0441402405594406,0.0451346307692308,0.0433393354312354,0.0404922501165501,0.0328742163170163
2315.11,0.0417583,0.0425352,0.0434555,0.0444114,0.0455374,0.043636,0.0408432,0.0332196,,,0.0417682514285714,0.0425347628571429,0.0434457714285714,0.0444117771428571,0.0455290771428571,0.04363336,0.0408429085714286,0.0332183742857143,0.0419083347319347,0.0425479881118881,0.0433645156177156,0.0444621913752914,0.045463755011655,0.0435640174825175,0.0408182792540793,0.033200196037296
2316.07,0.0421168,0.0429963,0.0437771,0.044836,0.0460372,0.0438516,0.0411032,0.0335375,,,0.0421377742857143,0.0430024371428571,0.0437724114285714,0.0448327771428571,0.0460222771428571,0.0438591685714286,0.0411141971428571,0.03354302,0.0423330668997669,0.0430537249417249,0.0437708004662005,0.0448466531468531,0.0458603671328671,0.0438159125874126,0.0412167477855478,0.0335448324009324
2317.04,0.0427774,0.043558,0.0441053,0.0452981,0.0463928,0.0440948,0.0414988,0.0338739,,,0.04278172,0.0435598,0.0441153114285714,0.0453009971428571,0.0463883,0.0440875828571428,0.0415089314285714,0.0338729828571428,0.0428667902097902,0.0436062097902098,0.0442279365967366,0.0452886463869464,0.0462922743589744,0.044103510955711,0.0416350682983683,0.0338947622377622
2318,0.043588,0.0441824,0.0445616,0.0457911,0.0466715,0.0443389,0.0420129,0.0341919,,,0.0435739942857143,0.0441863428571428,0.04457534,0.0457892228571429,0.0466774828571429,0.0443345028571429,0.0420118714285714,0.0341865,0.0434933920745921,0.04414972004662,0.0446844375291375,0.0457683275058275,0.0467139918414918,0.0444132216783217,0.0420281731934732,0.0342069400932401
2318.96,0.0443461,0.0448106,0.0451507,0.0462746,0.0469931,0.0446414,0.0425102,0.0344653,,,0.0443371085714286,0.0448060828571428,0.0451525514285714,0.04627112,0.0470025028571428,0.0446631714285714,0.0425052028571428,0.0344758685714286,0.0442124118881119,0.0446880149184149,0.0451177146853147,0.0462654489510489,0.0471046536130536,0.0447451074592074,0.0423857335664336,0.0344422034965035
2319.93,0.0450126,0.0453377,0.045717,0.0467301,0.0474076,0.0451111,0.0428674,0.0347309,,,0.0450117342857143,0.0453161428571428,0.0456992485714286,0.0467333485714286,0.0474110028571428,0.04511398,0.0428560428571428,0.0347329571428571,0.0450020881118881,0.0452386018648019,0.0455471974358974,0.0467562755244755,0.0474712638694639,0.0451126862470862,0.0427024065268065,0.0346069997668998
2320.89,0.0456533,0.0457115,0.0460833,0.0471797,0.0478553,0.0456028,0.0430195,0.0349022,,,0.0456574228571428,0.0457153485714286,0.04606344,0.0471805742857143,0.0478481085714286,0.0455759971428571,0.0430078085714286,0.0348730571428571,0.0457722391608391,0.0457755272727273,0.0459680272727273,0.0471932606060606,0.0478168466200466,0.0454982337995338,0.042939586013986,0.0347352615384615
2321.86,0.0463441,0.0461313,0.0462795,0.0476076,0.0482368,0.0459377,0.043034,0.0348687,,,0.0463667371428571,0.0461640771428571,0.0462988285714286,0.0476138828571428,0.0482359514285714,0.0459426028571428,0.0430514942857143,0.0348652885714286,0.0464313888111888,0.0462729095571096,0.0463448736596737,0.0475427321678322,0.0481412400932401,0.0458760393939394,0.0430688074592075,0.0348693228438228
2322.82,0.0471128,0.0467515,0.0465672,0.0479878,0.0485366,0.0462497,0.0431148,0.0348599,,,0.0471125,0.04674652,0.0465896485714286,0.0479806428571428,0.0485332828571428,0.0462649742857143,0.0431256514285714,0.0348897714285714,0.0469695188811189,0.0467435018648019,0.0466676121212121,0.0478314156177156,0.0484500948717949,0.0462464843822844,0.0431356344988345,0.0350578324009324
2323.79,0.0477231,0.0473441,0.0469825,0.048221,0.0487491,0.0466155,0.0432617,0.0351451,,,0.0476800114285714,0.0473127457142857,0.0469600171428571,0.0481931342857143,0.04873806,0.0466002771428571,0.0432364485714286,0.0351505342857143,0.0474340312354312,0.047216124009324,0.0469669058275058,0.0481186895104895,0.0487423813519813,0.0466098958041958,0.0432384510489511,0.035335303962704
2324.75,0.0479422,0.0477392,0.0472996,0.0482914,0.0489074,0.0469336,0.0433479,0.0356451,,,0.0479333542857143,0.0477450457142857,0.04728856,0.0483026114285714,0.0489198371428571,0.0469323657142857,0.0433451742857143,0.0356378914285714,0.0478685153846154,0.0477206067599068,0.0472805708624709,0.0484511995337995,0.0490176834498835,0.0469725909090909,0.0434516454545455,0.0357174785547785
2325.71,0.04804,0.0481327,0.047555,0.0485083,0.0491734,0.0472801,0.0435412,0.0362173,,,0.0480745,0.0481519257142857,0.0475756485714286,0.0485444028571428,0.0491899085714286,0.0472959914285714,0.0435721857142857,0.0362185428571428,0.0482888762237762,0.0482595212121212,0.0476181715617716,0.0488322501165501,0.0492899599067599,0.0473740592074592,0.0437796386946387,0.0362029979020979
2326.68,0.0483896,0.0486523,0.047914,0.0490502,0.0495639,0.0477455,0.0440412,0.0368032,,,0.0484078914285714,0.0486513057142857,0.0479197257142857,0.0490523514285714,0.0495526371428571,0.0477422,0.0440541942857143,0.0368003714285714,0.0486835529137529,0.0487753855477856,0.0479520466200466,0.0492012452214452,0.0495644254079254,0.0478230046620047,0.044160396969697,0.0367368822843823
2327.64,0.0489616,0.0492014,0.048301,0.0496744,0.0499031,0.0482349,0.044686,0.0373298,,,0.0489576314285714,0.0492038514285714,0.0482889142857143,0.0496661457142857,0.0498957285714286,0.04823292,0.0446696028571428,0.0373308885714286,0.0490377067599068,0.0492075214452214,0.0482470874125874,0.0494991738927739,0.049827031002331,0.0482525601398601,0.0445251804195804,0.0372198533799534
2328.61,0.0495132,0.049695,0.0485736,0.0501131,0.0501466,0.0486919,0.0451621,0.0377571,,,0.0495017485714286,0.0496945628571428,0.0485658171428571,0.0500965657142857,0.0501523342857143,0.0487024257142857,0.0451397371428571,0.0377529342857143,0.0493456715617716,0.0495498685314685,0.048494541025641,0.0497354179487179,0.0500640762237762,0.0486018648018648,0.044864089044289,0.0375935655011655
2329.57,0.0498479,0.0500195,0.0487304,0.0501948,0.050336,0.0490832,0.0453473,0.0380324,,,0.0498342714285714,0.0499983285714286,0.0487344971428571,0.0501573,0.0503288171428571,0.0490698371428571,0.0453359514285714,0.0380139971428571,0.0495781731934732,0.0498030501165501,0.0487004358974359,0.0499302205128205,0.0502674177156177,0.0488674932400932,0.0451959813519814,0.0378792871794872
2330.54,0.0499028,0.0500664,0.0488608,0.0499409,0.050446,0.0492527,0.0453803,0.0381516,,,0.0499003571428571,0.05005902,0.0488692257142857,0.0499560885714286,0.0504427257142857,0.0492274657142857,0.0453933457142857,0.0381536142857143,0.0496974857808858,0.0499601205128205,0.0488688594405594,0.0500762391608392,0.050444834032634,0.0490609783216783,0.045505403962704,0.038142896969697
2331.5,0.049774,0.0499742,0.0490064,0.0498103,0.0505351,0.0492002,0.0455322,0.0383253,,,0.0497682828571428,0.0499884114285714,0.0489972971428571,0.0498560885714286,0.0505406885714286,0.0492061142857143,0.0455541257142857,0.0383392885714286,0.0497374044289044,0.0500669293706294,0.0490215582750583,0.0501899540792541,0.0506298559440559,0.0492010862470862,0.0457643319347319,0.0384580972027972
2332.46,0.0495861,0.0499675,0.0491105,0.0500847,0.0507,0.0492199,0.0459219,0.0387406,,,0.04958244,0.0499721371428571,0.0491048085714286,0.0500830542857143,0.05070558,0.0492454257142857,0.0459274457142857,0.0387440371428571,0.0497797435897436,0.0501762405594406,0.0491758214452214,0.0502998370629371,0.0508272473193473,0.0493475862470862,0.045987386013986,0.0388848624708625
2333.43,0.0495304,0.0501051,0.0492226,0.0505116,0.0509722,0.049537,0.0464125,0.0394214,,,0.0495579142857143,0.0501114,0.0492422714285714,0.0504993685714286,0.0509833685714286,0.0495357571428571,0.0463979628571429,0.0394269457142857,0.0498639622377622,0.0502739256410256,0.0493117748251748,0.0504222300699301,0.0510003079254079,0.0496096421911422,0.0462556074592075,0.039489275990676
2334.39,0.0498409,0.0503917,0.0494586,0.0508577,0.0513181,0.0500789,0.0468024,0.0403515,,,0.0498715085714286,0.0504119714285714,0.0494688171428571,0.0508535,0.0513165057142857,0.0500585342857143,0.0467798571428571,0.0403475228571429,0.0500004482517483,0.0503586682983683,0.049411837995338,0.0505956293706294,0.0511582391608392,0.0501268051282051,0.0466635296037296,0.0403719086247086
2335.36,0.0504306,0.0507585,0.0497049,0.0510324,0.0515738,0.0507875,0.0470596,0.04145,,,0.0504060085714286,0.0507354171428571,0.04967628,0.05100504,0.0515392057142857,0.0507929685714286,0.0470566771428571,0.0414344257142857,0.0502145864801865,0.0504864540792541,0.0494985531468531,0.0508358137529138,0.0513660146853147,0.0510235494172494,0.0472124664335664,0.0416025081585082
2336.32,0.0508554,0.0509002,0.0497287,0.0509941,0.051594,0.0518423,0.0474151,0.0426824,,,0.05080836,0.0508521828571428,0.0497072457142857,0.0509947942857143,0.0515843142857143,0.0518722057142857,0.0474582057142857,0.0427005542857143,0.0505452503496503,0.0506955132867133,0.0496225785547786,0.0510875909090909,0.0516563601398601,0.0523038990675991,0.0477911995337995,0.0430985487179487
2337.28,0.0509581,0.0507808,0.0496311,0.0510204,0.051637,0.053359,0.048134,0.0441959,,,0.0509668342857143,0.0508092657142857,0.0496545685714286,0.0510633428571428,0.0516827714285714,0.0533790828571428,0.0481646685714286,0.0442423228571429,0.0510039303030303,0.0509879673659674,0.0498202983682984,0.0513209717948718,0.0519987191142191,0.0537748918414918,0.0482923594405594,0.0446097384615385
2338.25,0.0511303,0.0509245,0.0497635,0.0513808,0.0520741,0.0551044,0.0489785,0.0459259,,,0.0511681771428571,0.0509742742857143,0.0497901228571428,0.0513863457142857,0.0521004571428571,0.0551166485714286,0.0489399285714286,0.0459396485714286,0.0515196491841492,0.0513554335664336,0.0500823468531468,0.051564462004662,0.0523401265734266,0.0551229167832168,0.0486831771561771,0.0458282375291375
2339.21,0.0516617,0.0515234,0.0502035,0.0518438,0.0527426,0.056611,0.049353,0.0472662,,,0.0516869685714286,0.0515170057142857,0.0502067914285714,0.0518178542857143,0.0527189171428571,0.0565956142857143,0.0493040828571428,0.0472149942857143,0.0519822573426573,0.0517595247086247,0.0503747205128205,0.0518103524475524,0.0526460156177156,0.0560539696969697,0.0489468365967366,0.0465093878787879
2340.18,0.0524001,0.0521889,0.0507181,0.0521132,0.0531723,0.0572684,0.0491119,0.0474502,,,0.0523916228571428,0.0521726828571428,0.0507049342857143,0.0521165257142857,0.0531427371428571,0.0572081171428571,0.0491273457142857,0.0473827085714286,0.0523410627039627,0.0521334766899767,0.0506524354312354,0.0519982370629371,0.0528896585081585,0.0563637568764569,0.0490173997668998,0.0465299538461538
2341.14,0.0528985,0.052607,0.0510359,0.0521955,0.0531693,0.0566457,0.0486803,0.0463087,,,0.0528594314285714,0.0526071542857143,0.0510271742857143,0.0522038742857143,0.0531691285714286,0.0566055342857143,0.0487164371428571,0.0462997,0.0525787116550116,0.05239358997669,0.0508412398601399,0.0520541979020979,0.0529961636363636,0.055985255011655,0.0488120655011655,0.0458802337995338
2342.11,0.0528088,0.0526529,0.0510391,0.0520584,0.0528846,0.0550153,0.0483031,0.0444599,,,0.05279812,0.05264216,0.0510402914285714,0.0520395771428571,0.05290284,0.05502988,0.0482976142857143,0.0444939971428571,0.0525846643356643,0.0523851666666667,0.0508326881118881,0.0518899797202797,0.0528442314685315,0.054998386013986,0.0483213093240093,0.0446496543123543
2343.07,0.0522387,0.0522,0.0507117,0.0515719,0.0524712,0.0531182,0.0478036,0.042627,,,0.0522656657142857,0.0521905114285714,0.0506999228571428,0.05156242,0.0524711828571428,0.05315024,0.0477758371428571,0.04265124,0.0521593671328671,0.0519120470862471,0.0505143454545454,0.0514444053613054,0.0523740780885781,0.0535779433566433,0.0476491752913753,0.0430573060606061
2344.03,0.0514205,0.051247,0.0500238,0.0508256,0.0518693,0.0515253,0.0470691,0.0411354,,,0.05142692,0.05124682,0.0500166171428571,0.0508395457142857,0.0518448714285714,0.0515610171428571,0.0470658771428571,0.0411411085714286,0.0512031272727273,0.0509264608391608,0.0498553825174825,0.0507483221445221,0.0516686137529137,0.051979972027972,0.0469455878787879,0.0414419377622378
2345,0.0502719,0.0499033,0.0490829,0.0500197,0.0510193,0.0504337,0.0463108,0.0400277,,,0.0502337571428571,0.0498851714285714,0.0490918057142857,0.0500187485714286,0.0510106171428571,0.0504312057142857,0.0463260142857143,0.0400212285714286,0.0498249799533799,0.049589034965035,0.0489497934731935,0.0499041671328671,0.0508971526806527,0.0505151160839161,0.0463167694638695,0.0401355815850816
2345.96,0.0486357,0.0482804,0.0480803,0.0491917,0.0501466,0.0496238,0.0457775,0.0392799,,,0.0485974371428571,0.0482563057142857,0.0480637571428571,0.0491696285714286,0.05015848,0.0495798028571428,0.0457763942857143,0.0392761028571428,0.0482973815850816,0.0481749494172494,0.0479818979020979,0.0490655226107226,0.0502295993006993,0.049448737995338,0.045849544988345,0.0393236773892774
2346.93,0.0467997,0.0467013,0.0471034,0.0483902,0.0495779,0.0489051,0.0455405,0.0389435,,,0.0468185485714286,0.0467210914285714,0.0470968171428571,0.0483882371428571,0.0495890514285714,0.04890822,0.0455349885714286,0.0389527314285714,0.0469528414918415,0.0470053834498834,0.0471733006993007,0.0484536247086247,0.0498186883449883,0.0489144424242424,0.0456871421911422,0.0390396724941725
2347.89,0.0454981,0.0457701,0.0464326,0.0479213,0.0495013,0.0486004,0.045684,0.0391143,,,0.0455360628571428,0.04580388,0.0464535914285714,0.0479384,0.049507,0.0486282057142857,0.04569132,0.03911922,0.0460986375291375,0.0463820344988345,0.0467494568764569,0.0482840941724942,0.04980418997669,0.0489207216783217,0.0459647233100233,0.0392672769230769
2348.86,0.0452452,0.04586,0.0464251,0.048114,0.0499748,0.0489961,0.0463565,0.0397804,,,0.0452654971428571,0.04588052,0.0464434342857143,0.0481368857142857,0.0499835771428571,0.0490126942857143,0.0463788457142857,0.03978016,0.0459655128205128,0.0464733762237762,0.0468852125874126,0.0486423953379953,0.0502732249417249,0.0493955331002331,0.0466914167832168,0.0399743272727273
2349.82,0.0461124,0.0469501,0.0471932,0.0490978,0.0509899,0.0500542,0.0476211,0.0408725,,,0.0461300828571428,0.04696492,0.0472054314285714,0.0491260428571429,0.0510039314285714,0.0500677171428571,0.0476438657142857,0.0408827342857143,0.0466398974358974,0.0472586128205128,0.0476078130536131,0.049467320979021,0.051191134965035,0.0502381997668998,0.0477695081585082,0.0410642365967366
2350.78,0.0479343,0.0487801,0.0486353,0.0507352,0.0524357,0.0515431,0.0492802,0.0423241,,,0.0479525657142857,0.0487832628571429,0.0486503171428571,0.0507379685714286,0.0524406371428571,0.05153638,0.0492612828571428,0.0423401371428571,0.0480481694638695,0.0486469491841492,0.0488051137529137,0.0506569657342657,0.0524171692307692,0.0513871645687646,0.0491054925407925,0.042370713053613
2351.75,0.0503392,0.0509168,0.0505071,0.0525592,0.0540376,0.0530735,0.0508706,0.0439493,,,0.0503241657142857,0.0508838857142857,0.0505075114285714,0.0525205514285714,0.0540228742857143,0.0530401228571428,0.0508324314285714,0.0439411228571428,0.0500256237762238,0.0505652951048951,0.0503316953379953,0.0521456356643357,0.0538145144522144,0.0527777596736597,0.0506212993006993,0.0437156792540793
2352.71,0.0527423,0.0528901,0.0523891,0.0540705,0.0554634,0.0543345,0.0521498,0.0453751,,,0.0526872285714286,0.0528394942857143,0.0523487114285714,0.0540291342857143,0.0554349171428571,0.0543188571428571,0.0521524485714286,0.0453416114285714,0.0523337559440559,0.0527947897435897,0.0520025202797203,0.0538188326340326,0.0552509680652681,0.0542218058275058,0.052142048018648,0.0449714710955711
2353.68,0.0547342,0.0546139,0.053857,0.0552207,0.0565527,0.0554046,0.0533206,0.0463239,,,0.0547270085714286,0.0546638457142857,0.0538332314285714,0.0552443142857143,0.0565545685714286,0.0554402828571429,0.0533632085714286,0.0463055657142857,0.0546469032634033,0.054933255011655,0.0535766223776224,0.0554270655011655,0.0565260906759907,0.0554849902097902,0.0534287925407925,0.0460692207459207
2354.64,0.056548,0.0565925,0.0549577,0.056444,0.0574774,0.0565448,0.0545549,0.0469088,,,0.0566151142857143,0.0566910714285714,0.0549964,0.0565177485714286,0.0575217485714286,0.0565725114285714,0.0545674828571428,0.0469239714285714,0.0566878172494173,0.0566976988344988,0.0549050955710956,0.0567116682983683,0.0574750710955711,0.0564926198135198,0.054383131002331,0.0469721156177156
2355.61,0.0585007,0.0587475,0.0560154,0.0578991,0.0583876,0.0575998,0.0555275,0.0474568,,,0.0585073685714286,0.0586625571428571,0.0560204657142857,0.0578861742857143,0.0583763714285714,0.0575418142857143,0.0554577114285714,0.0474815971428571,0.0584031284382284,0.058094355011655,0.0560309230769231,0.0576090065268065,0.0581314391608392,0.0573406666666667,0.0551008634032634,0.0476942979020979
2356.57,0.0601263,0.0598505,0.0569028,0.0588843,0.058916,0.058091,0.0557664,0.0481179,,,0.06003348,0.0597082914285714,0.0568481828571428,0.0587813142857143,0.0588378285714286,0.0580469685714286,0.0557265257142857,0.0481179428571428,0.0598362142191142,0.0591932559440559,0.0570118317016317,0.058232675058275,0.0586460657342657,0.0580818582750583,0.0556823813519813,0.0483050489510489
2357.53,0.060881,0.0596641,0.0574335,0.0588487,0.0588263,0.0582163,0.0556138,0.0487528,,,0.0608797571428571,0.0597455542857143,0.05746722,0.0588302371428571,0.0588371171428571,0.0582972657142857,0.0556929485714286,0.0487385542857143,0.0609275382284382,0.0599302745920746,0.0577673972027972,0.0586835282051282,0.059083451981352,0.0586269002331002,0.0560845934731935,0.0488381715617716
2358.5,0.0613039,0.05961,0.0580583,0.0584429,0.0587942,0.0586873,0.0558771,0.0492217,,,0.0614195542857143,0.0597485314285714,0.0581468514285714,0.0585342714285714,0.0588966114285714,0.0587478828571428,0.0559407,0.0492364257142857,0.0615793941724942,0.0602251993006993,0.0582008156177156,0.0589886058275058,0.0593959037296037,0.058878896037296,0.0562416673659674,0.0492304673659674
2359.46,0.0619486,0.0601596,0.0588346,0.0585329,0.0593692,0.059271,0.0564403,0.049551,,,0.0619245657142857,0.0600971657142857,0.0587749771428571,0.0585700057142857,0.0593804628571428,0.0591870342857143,0.05637982,0.0495658542857143,0.0617526764568765,0.0601109344988345,0.0583093107226107,0.0591134955710956,0.0595188608391608,0.058824775990676,0.056198696969697,0.0493761501165501
2360.43,0.0620194,0.0601681,0.0587867,0.0589187,0.059906,0.0590276,0.0564454,0.0495953,,,0.0619006342857143,0.0600515628571428,0.0586690914285714,0.0588733485714286,0.0598199685714286,0.0589569885714286,0.0563712228571428,0.04955612,0.0614933582750583,0.0597103801864802,0.0581298724941725,0.0589773701631702,0.0594388254079254,0.058514944988345,0.0560330319347319,0.0492120020979021
2361.39,0.061001,0.0592191,0.0576345,0.0589674,0.0596279,0.0579969,0.05574,0.0490359,,,0.0610289171428571,0.0592732714285714,0.0576753085714286,0.0589718228571428,0.05960252,0.0580559314285714,0.0557844942857143,0.0490046057142857,0.0609320664335664,0.0591541487179487,0.0576912095571095,0.0585665256410256,0.0591725142191142,0.0580127216783217,0.0557280822843823,0.0487369484848485
2362.35,0.0597637,0.0582558,0.05647,0.0585752,0.0587619,0.0570425,0.0550371,0.0480112,,,0.0598376028571428,0.0583363371428571,0.0565722228571428,0.0585691142857143,0.0587997,0.0570817228571428,0.0550956,0.0480346771428571,0.0601623631701632,0.0584588044289044,0.0570213648018648,0.0579529067599067,0.0586867263403263,0.0573311212121212,0.055189751048951,0.0480419032634033
2363.32,0.0588521,0.0575894,0.0559091,0.0575867,0.0578311,0.0563393,0.0545306,0.0470247,,,0.0588451228571429,0.0575294771428571,0.0558931657142857,0.0575072771428571,0.0578471628571428,0.0563095057142857,0.0544899885714286,0.0470510485714286,0.0591521009324009,0.0575626946386946,0.0561598559440559,0.0571607522144522,0.0579188391608391,0.0564878044289044,0.0543979631701632,0.0472878433566434
2364.28,0.0579486,0.0565915,0.0553751,0.0559175,0.0569176,0.0556046,0.0537319,0.046306,,,0.0579292028571428,0.0565461314285714,0.0553110542857143,0.05592812,0.0568941314285714,0.0555996028571428,0.0536813114285714,0.0462882142857143,0.0579131083916084,0.0565425265734266,0.0552308764568765,0.0561898836829837,0.0569461384615385,0.0556341331002331,0.053520403962704,0.0466038093240093
2365.25,0.056817,0.0553328,0.0544772,0.0544098,0.0559161,0.0549033,0.0526262,0.0457773,,,0.0568131342857143,0.0553931685714286,0.0544945228571428,0.0545157257142857,0.0559068942857143,0.0549187371428571,0.0526546485714286,0.04579482,0.0566082277389277,0.0555730440559441,0.054404582051282,0.0551406832167832,0.0560084095571095,0.054951693006993,0.052782348018648,0.0460607335664336
2366.21,0.0554474,0.0544133,0.0535718,0.0537819,0.0549951,0.0543586,0.0517889,0.0455683,,,0.0554330857142857,0.0544403428571428,0.05360102,0.0537924857142857,0.0550171971428571,0.0543540742857143,0.0518268457142857,0.0456018657142857,0.0553185317016317,0.0546614058275058,0.0536715060606061,0.0541607533799534,0.0552730680652681,0.0544408354312354,0.0522349433566434,0.0456743228438228
2367.18,0.053875,0.0537287,0.0528132,0.0535163,0.0544305,0.0539136,0.0514635,0.0456043,,,0.0538791485714286,0.0537028057142857,0.0528063,0.0534535142857143,0.0544580657142857,0.0539197285714286,0.0514769228571428,0.0455748828571429,0.0539484976689977,0.0536716920745921,0.0528575680652681,0.0533362256410256,0.0547173895104895,0.0539767494172494,0.051777403962704,0.0453727979020979
2368.14,0.052302,0.0528592,0.0520148,0.052972,0.0542404,0.0535642,0.0514508,0.045419,,,0.052329,0.0528427942857143,0.05200964,0.0529601628571428,0.0542423971428571,0.0535721285714286,0.0514478428571429,0.0453864371428571,0.052449203962704,0.0525807867132867,0.0519025151515152,0.0526956055944056,0.0542681303030303,0.0535019060606061,0.0513622431235431,0.04505878997669
2369.1,0.0508822,0.0516871,0.0510705,0.0522405,0.0541213,0.0532348,0.051395,0.0448893,,,0.05087992,0.0516747571428571,0.05105424,0.0522627171428571,0.0540905628571428,0.0532182657142857,0.0513605342857143,0.04489362,0.0508902545454545,0.0514675090909091,0.0508991023310023,0.0521723153846154,0.0538849682983683,0.053039541958042,0.051003141958042,0.0447045892773893
2370.07,0.0494544,0.0502861,0.0499344,0.0515514,0.0537464,0.0527573,0.0509748,0.044272,,,0.0494288828571429,0.0502873342857143,0.0499264371428571,0.0515575028571429,0.0537304914285714,0.0527389057142857,0.0509529,0.0442782228571428,0.0493504405594406,0.0503231531468531,0.0499022128205128,0.0515963181818182,0.053516855011655,0.0526226435897436,0.0506565675990676,0.0443447102564103
2371.03,0.047884,0.0488739,0.0487503,0.0508751,0.0531475,0.0521565,0.050271,0.0437735,,,0.0478843085714286,0.0488959628571429,0.0487738885714286,0.0508664,0.0531651314285714,0.0521595257142857,0.0502872171428571,0.0437822857142857,0.0478672363636364,0.049086562004662,0.0488944594405594,0.0508662904428904,0.0530905328671329,0.0522631002331002,0.0502522293706294,0.0440143764568765
2372,0.0463341,0.0476538,0.0477549,0.0501108,0.052542,0.0516718,0.0496199,0.0435276,,,0.0463527771428571,0.0476668285714286,0.0477639857142857,0.05010564,0.0525459342857143,0.05170078,0.0496324742857143,0.0435414,0.0464349699300699,0.0477800151515152,0.0478910552447552,0.0500403965034965,0.052565772027972,0.051945044055944,0.0497990188811189,0.0437630123543124
2372.96,0.0449642,0.0465717,0.0469097,0.0492592,0.0519416,0.0515073,0.0491686,0.0435656,,,0.0449708,0.0465593057142857,0.04689716,0.0492612057142857,0.0519293942857143,0.0515270057142857,0.0491702028571429,0.0435711628571428,0.0450264424242424,0.0464798822843823,0.0469297228438228,0.0492012799533799,0.0519654149184149,0.0516446948717949,0.0493671827505827,0.0436405979020979
2373.93,0.0437159,0.0454215,0.0460702,0.0483812,0.0513121,0.051529,0.0489175,0.0437578,,,0.0437054771428571,0.0454010057142857,0.0460696085714286,0.0483789114285714,0.0513175257142857,0.0515033714285714,0.04892362,0.0437496485714286,0.0436542116550116,0.0452495435897436,0.0460265104895105,0.0483760832167832,0.0513650876456876,0.0513725841491841,0.0490369477855478,0.0436486827505828
2374.89,0.0424538,0.0441417,0.0452382,0.0475143,0.0507617,0.051373,0.0488483,0.0439096,,,0.0424404114285714,0.0441406542857143,0.0452425114285714,0.0475131171428571,0.0507717542857143,0.0513469942857143,0.0488518228571428,0.0438937857142857,0.042366627039627,0.0441137265734266,0.045175279020979,0.0475752321678322,0.0508292666666667,0.0511355111888112,0.0488510307692308,0.0437375734265734
2375.85,0.0411641,0.0429099,0.0444224,0.0467227,0.0503353,0.0509744,0.0488713,0.0439215,,,0.04116746,0.0429266828571429,0.0444142314285714,0.04673098,0.0503294457142857,0.0509825,0.0488594714285714,0.0439148142857143,0.0411831776223776,0.0430579123543123,0.0443518128205128,0.0468168615384615,0.0503627473193473,0.0509008144522145,0.0487804655011655,0.0438428400932401
2376.82,0.0399892,0.0419159,0.0435812,0.0460844,0.0499605,0.0505717,0.0488557,0.0438785,,,0.0400075085714286,0.0419301114285714,0.0435798714285714,0.0460942485714286,0.0499629,0.05059294,0.0488533771428571,0.0438984885714286,0.040087155011655,0.0420689433566434,0.043548506993007,0.0461227818181818,0.0499483962703963,0.0506382081585081,0.0487660403263403,0.0439203020979021
2377.78,0.0390323,0.0411537,0.0427683,0.0455808,0.0496332,0.0503089,0.0488087,0.0439436,,,0.0390292914285714,0.0411453342857143,0.0427689771428571,0.0455697942857143,0.04963086,0.0502982457142857,0.04880834,0.0439427942857143,0.0390736967365967,0.041161931002331,0.0427995076923077,0.0455160806526807,0.0495912405594405,0.050362382051282,0.0487724745920746,0.0439704988344988
2378.75,0.038183,0.0404515,0.0420529,0.0450784,0.0493213,0.0500822,0.0487646,0.0440466,,,0.0381720542857143,0.04044142,0.0420571771428571,0.0450664771428571,0.0493157114285714,0.0500738342857143,0.0487657828571428,0.0440333142857143,0.038162075990676,0.0403570545454545,0.0421421986013986,0.0450147452214452,0.0492947685314685,0.050129431002331,0.0487842496503496,0.0440301377622378
2379.71,0.037366,0.0397351,0.0414963,0.0445721,0.04902,0.0499121,0.0487619,0.0441267,,,0.0373691971428571,0.0397361885714286,0.0415037657142857,0.0445786142857143,0.0490235314285714,0.0499272714285714,0.0487661942857143,0.0441311742857143,0.037361568997669,0.0396526925407925,0.0415880186480186,0.0446186895104895,0.0490446438228438,0.0499934403263403,0.0488017848484848,0.0441447699300699
2380.67,0.0366337,0.0390479,0.0411099,0.0441959,0.0487897,0.0499167,0.0488253,0.0442781,,,0.0366396914285714,0.0390476685714286,0.0411099257142857,0.0442093314285714,0.0487953228571428,0.0499238742857143,0.0488257457142857,0.0442861657142857,0.0366461188811189,0.0390265046620047,0.0411339351981352,0.0443058764568765,0.0488309263403263,0.0499574498834499,0.0488445927738928,0.0443393855477855
2381.64,0.0360012,0.0384206,0.040818,0.0440078,0.0486496,0.0500371,0.0489294,0.0445428,,,0.0360009342857143,0.0384193228571428,0.0408131914285714,0.0440096428571428,0.0486487685714286,0.0500250228571428,0.0489250885714286,0.0445410171428571,0.0359777055944056,0.0384601102564103,0.0407699867132867,0.0440522247086247,0.0486556708624709,0.0499907272727273,0.0489308524475524,0.0446016603729604
2382.6,0.0354137,0.0378866,0.0405446,0.0439091,0.0485533,0.0501307,0.0490436,0.0448687,,,0.0354074857142857,0.0378929342857143,0.0405417971428571,0.0438998,0.0485499314285714,0.0501248028571428,0.0490455885714286,0.0448696257142857,0.0353486191142191,0.0379568934731935,0.0404762328671329,0.0438488668997669,0.0485235337995338,0.0500720296037296,0.0490551268065268,0.0448971205128205
2383.57,0.0348195,0.0374942,0.0402698,0.0437796,0.0484641,0.0501958,0.0491876,0.0452245,,,0.0348126685714286,0.0374987,0.0402672028571428,0.0437738828571429,0.0484610057142857,0.0502007714285714,0.04919114,0.0452270628571428,0.0347786944055944,0.0375332678321678,0.040233124009324,0.0436943741258741,0.0484424687645688,0.050190789044289,0.0491974356643357,0.045201072027972
2384.53,0.0342394,0.0372178,0.0400064,0.0436076,0.0483846,0.0502995,0.0493579,0.0455681,,,0.0342445514285714,0.0372134714285714,0.0400078485714286,0.0436100685714286,0.0483861085714286,0.0503041885714286,0.0493559971428571,0.0455642514285714,0.0342757631701632,0.0371944477855478,0.0400254895104895,0.0435728983682984,0.0484067853146853,0.0503238160839161,0.0493334911421911,0.045489079020979
2385.5,0.0337739,0.0369793,0.0397975,0.0434481,0.0483535,0.0504509,0.0495097,0.0458275,,,0.0337841,0.0369743028571429,0.0398022485714286,0.0434500285714286,0.04835938,0.0504496485714286,0.0495073771428571,0.0458202742857143,0.0338389342657343,0.0369326377622378,0.0398452193473193,0.0434625722610723,0.048394755011655,0.0504571149184149,0.0494542212121212,0.0457367426573426
2386.46,0.0334634,0.0367511,0.0396693,0.0433273,0.0483919,0.0506044,0.0496204,0.0459756,,,0.0334598,0.03675104,0.0396703457142857,0.0433269485714286,0.0483928085714286,0.0505983228571429,0.0496163542857143,0.0459727114285714,0.0334783827505828,0.0367331342657343,0.0396907745920746,0.0433566804195804,0.0483889016317016,0.0505939648018648,0.0495722836829837,0.0459352785547786
2387.42,0.0332293,0.0365639,0.0395926,0.0432489,0.0484523,0.050729,0.0496945,0.0460696,,,0.03322222,0.0365679542857143,0.0395912714285714,0.0432508714285714,0.0484472171428571,0.0507317428571428,0.0496924771428571,0.0460754542857143,0.033209893006993,0.036580375990676,0.0395668948717949,0.0432682191142191,0.0483931939393939,0.0507304902097902,0.0497054671328671,0.0460960668997669
2388.39,0.033035,0.0364491,0.039526,0.0432207,0.0484766,0.0508646,0.0497837,0.0462004,,,0.03303866,0.0364506,0.0395220828571429,0.0432217371428571,0.0484710885714286,0.0508721,0.0497904628571429,0.0462048828571429,0.0330416198135198,0.0364694881118881,0.0394815822843823,0.0432170221445221,0.0484236,0.0508551470862471,0.0498617424242424,0.0462472764568764
2389.35,0.0329265,0.0363908,0.0394436,0.0432275,0.048466,0.0510191,0.0499633,0.0463906,,,0.0329298257142857,0.0363865314285714,0.0394396057142857,0.0432235057142857,0.0484651257142857,0.0510111542857143,0.0499694542857143,0.0463860314285714,0.0329586596736597,0.0364005333333333,0.0394314986013986,0.0432108652680653,0.0484809778554779,0.0509664165501166,0.0500392445221445,0.0464211389277389
2390.32,0.0329071,0.0363556,0.0393652,0.043242,0.048486,0.0511129,0.0502297,0.0466105,,,0.0329066542857143,0.0363569457142857,0.0393712085714286,0.0432405942857143,0.0484955057142857,0.0511038228571429,0.0502289371428571,0.0466106028571429,0.0329273948717949,0.0363630825174825,0.0394013060606061,0.043244203962704,0.0485525384615385,0.0510736648018648,0.0502324286713287,0.0466396247086247
2391.28,0.0329413,0.0363599,0.0393572,0.0432835,0.0486123,0.0511591,0.0505075,0.0468837,,,0.0329430914285714,0.0363665257142857,0.03936392,0.0432890457142857,0.0486185057142857,0.0511677828571428,0.0505031114285714,0.0468913114285714,0.0329298962703963,0.0363470545454545,0.0393874447552448,0.0433136002331002,0.048644751981352,0.0511938445221445,0.050438758974359,0.0469146822843823
2392.25,0.0329988,0.0364044,0.0394159,0.0433877,0.0488097,0.0512767,0.0507302,0.0472326,,,0.0329945142857143,0.0363978685714286,0.0394087257142857,0.0433884542857143,0.0487981628571428,0.05128336,0.0507233771428571,0.0472293771428571,0.0329662072261072,0.0363572121212121,0.0394026051282051,0.0434167965034965,0.0487831990675991,0.0513442682983683,0.050657727972028,0.0472418804195804
2393.21,0.0330284,0.0364125,0.0394592,0.0435256,0.0489706,0.0514834,0.0508825,0.0475908,,,0.0330235228571429,0.0364022314285714,0.0394535428571428,0.0435221285714286,0.0489644542857143,0.0514788228571429,0.05088196,0.0475852028571429,0.0330168648018648,0.0363984,0.0394519601398601,0.0435381384615385,0.0489717909090909,0.0515271780885781,0.0508807839160839,0.0475911146853147
2394.17,0.0330289,0.0363838,0.0394887,0.0436594,0.049122,0.0517192,0.0510287,0.0479295,,,0.0330370514285714,0.0363931685714286,0.0394969028571429,0.0436628628571428,0.0491364171428571,0.0517200914285714,0.0510366028571428,0.0479376514285714,0.0330456715617716,0.0364596337995338,0.0395205195804196,0.0436519536130536,0.0491808911421911,0.0517339962703963,0.0510928988344988,0.0479282657342657
2395.14,0.033056,0.0364377,0.039572,0.0437918,0.0493626,0.0519775,0.0512394,0.0482852,,,0.03306032,0.0364517742857143,0.03957758,0.0437936,0.0493696114285714,0.051982,0.0512437457142857,0.0482870942857143,0.0330371692307692,0.0365176713286713,0.0395825682983683,0.0437417491841492,0.0493758184149184,0.0519570130536131,0.0512878468531469,0.0482377377622378
2396.1,0.0330703,0.0365843,0.039681,0.0438851,0.0496229,0.0522413,0.051493,0.0485993,,,0.0330581371428571,0.0365786771428571,0.0396739714285714,0.0438760914285714,0.0496083714285714,0.0522358742857143,0.0514895457142857,0.0485853971428571,0.0329990571095571,0.0365484296037296,0.0396235778554778,0.0438080841491841,0.049537441958042,0.0521807934731935,0.0514734624708625,0.0485172568764569
2397.07,0.032982,0.0366695,0.0397225,0.0438806,0.0497516,0.0524411,0.0517172,0.0487911,,,0.03297618,0.03665612,0.0397144171428571,0.0438743685714286,0.0497423771428571,0.0524339685714286,0.0517115857142857,0.0487880742857143,0.0329424482517482,0.0365408741258741,0.0396526363636364,0.0438552501165501,0.0496630090909091,0.0523840023310023,0.0516595032634033,0.0487707041958042
2398.03,0.0328432,0.0366048,0.0396853,0.0438247,0.0497669,0.0525707,0.05188,0.0489421,,,0.0328533657142857,0.0366020485714286,0.0396859857142857,0.0438330914285714,0.0497754542857143,0.0525741628571428,0.0518783114285714,0.0489536542857143,0.0328802571095571,0.0365026613053613,0.0396832107226107,0.0438821727272727,0.0497569207459207,0.0525637785547785,0.0518455902097902,0.0490032013986014
2399,0.0327739,0.0364578,0.0396525,0.0438365,0.0497946,0.0527071,0.0520149,0.0491691,,,0.03277906,0.0364613485714286,0.0396608057142857,0.04384766,0.0497998885714286,0.0527120371428571,0.0520189885714286,0.0491744828571428,0.0328279776223776,0.0364512027972028,0.0397162766899767,0.0438958979020979,0.0498257766899767,0.0527401002331002,0.0520260662004662,0.0492187321678322
2399.96,0.0327755,0.0363282,0.0396992,0.0439372,0.0498607,0.0528869,0.0521751,0.0494541,,,0.0327691742857143,0.0363295885714286,0.03970334,0.0439306857142857,0.0498547685714286,0.0528838314285714,0.0521766771428571,0.0494484514285714,0.032799368997669,0.0364073972027972,0.0397543501165501,0.0439219578088578,0.0498878587412587,0.0529321300699301,0.0522031328671329,0.0494354489510489
2400.92,0.0327892,0.0362743,0.0398036,0.0440178,0.0499295,0.0530891,0.0523661,0.0497163,,,0.03278848,0.0362776685714286,0.0397976514285714,0.04400484,0.0499281371428571,0.0530894171428571,0.0523635714285714,0.0497082342857143,0.0328042456876457,0.0363962517482518,0.0398068046620047,0.0439864454545455,0.0499702025641026,0.0531421629370629,0.0523867431235431,0.0496832638694639
2401.89,0.03283,0.0363382,0.0398956,0.0440453,0.0500345,0.0533285,0.052575,0.0499408,,,0.0328368742857143,0.0363472771428571,0.0398940314285714,0.0440529971428571,0.0500436114285714,0.05333732,0.0525775371428571,0.0499434914285714,0.0328420920745921,0.0364363146853147,0.0398762256410256,0.0440898927738928,0.0500855293706294,0.0533594615384615,0.0525885529137529,0.049967906993007
2402.85,0.0329213,0.0365227,0.0399745,0.0441379,0.0502251,0.0536162,0.0528184,0.0502068,,,0.0329207171428571,0.0365246028571428,0.0399796171428571,0.0441518971428571,0.0502287171428571,0.05361542,0.0528204657142857,0.0502186285714286,0.0329018643356643,0.036521068997669,0.0399556554778555,0.0442047484848485,0.0502279212121212,0.0535680328671329,0.0528183540792541,0.0502650958041958
2403.82,0.0330063,0.0367247,0.0400579,0.044324,0.0504444,0.0538604,0.0530833,0.0505621,,,0.0329977714285714,0.0367141485714286,0.0400537685714286,0.0443186428571428,0.0504338657142857,0.0538474228571428,0.0530780371428571,0.0505615171428571,0.0329728641025641,0.0366224123543124,0.0400338016317016,0.0443020025641026,0.0503894247086247,0.0537571396270396,0.0530747694638695,0.0505586594405594
2404.78,0.033035,0.0368189,0.0401037,0.0444687,0.0505933,0.0539784,0.0533326,0.0509165,,,0.0330345114285714,0.0368118542857143,0.0400988142857143,0.0444572228571429,0.0505869057142857,0.0539745342857143,0.0533326428571428,0.0509041228571428,0.0330440925407925,0.0367133606060606,0.0400990529137529,0.0443766529137529,0.0505607962703963,0.0539289540792541,0.0533425627039627,0.0508533904428904
2405.74,0.0330569,0.0368031,0.040118,0.0444996,0.0506956,0.0540389,0.0535906,0.0511866,,,0.0330670057142857,0.0368049514285714,0.0401248485714286,0.0444981428571428,0.0507058857142857,0.0540467514285714,0.0535974057142857,0.0511855542857143,0.0330956571095571,0.0367741902097902,0.0401438102564102,0.0444388090909091,0.0507230041958042,0.0540858489510489,0.0536057610722611,0.0511539184149184
2406.71,0.0331272,0.0367573,0.0401639,0.0444782,0.0508497,0.0541557,0.0538811,0.0514334,,,0.0331296342857143,0.0367613114285714,0.0401678171428571,0.0444829828571429,0.0508564285714286,0.0541623085714286,0.0538797628571428,0.05144228,0.0331093843822844,0.0367897909090909,0.0401654822843823,0.0444885610722611,0.0508607475524475,0.0542249407925408,0.0538572090909091,0.0514543834498834
2407.67,0.0331832,0.0367399,0.0402246,0.044483,0.051034,0.054351,0.0541485,0.0517301,,,0.0331716285714286,0.03674386,0.04021866,0.0444866,0.0510232085714286,0.0543510257142857,0.0541409485714286,0.0517303228571429,0.0330930284382284,0.0367698655011655,0.040172679020979,0.0445240300699301,0.0509829517482517,0.0543615027972028,0.0540998398601399,0.0517470811188811
2408.64,0.0331338,0.0367625,0.0402376,0.0445367,0.0511484,0.0545699,0.0543528,0.0520463,,,0.0331261371428571,0.0367595857142857,0.0402309057142857,0.0445348485714286,0.0511401457142857,0.0545619028571428,0.0543515571428571,0.0520408228571429,0.0330794724941725,0.0367612538461538,0.0401930895104895,0.0445684247086247,0.051117468997669,0.0545317895104895,0.0543438988344988,0.0520417037296037
2409.6,0.0330229,0.0367905,0.0402097,0.04462,0.0512187,0.0547572,0.0545421,0.052349,,,0.0330291657142857,0.0367834885714286,0.0402099142857143,0.0446181057142857,0.0512274257142857,0.0547534457142857,0.05454756,0.0523494028571428,0.0330900708624709,0.0368076300699301,0.0402528237762238,0.0446540939393939,0.0512806289044289,0.0547552386946387,0.0545907822843823,0.0523640736596737
2410.57,0.0329838,0.0368233,0.0402258,0.0447352,0.051367,0.054951,0.054779,0.0526691,,,0.0329952085714286,0.03682942,0.0402362914285714,0.0447398542857143,0.0513772342857143,0.0549607542857143,0.0547840828571429,0.0526723828571428,0.0331115631701632,0.0369034463869464,0.0403429962703963,0.0447809125874126,0.0514568717948718,0.0550131424242424,0.0548258356643357,0.0527142778554778
2411.53,0.0330767,0.0369421,0.0403683,0.0449067,0.0516136,0.0552332,0.0550624,0.0530328,,,0.0330824085714286,0.0369558828571428,0.04037808,0.0449117057142857,0.0516124514285714,0.0552395857142857,0.0550620142857143,0.0530372485714286,0.0331273023310023,0.0370088072261072,0.0404346219114219,0.0449182524475524,0.0516215601398601,0.0552725501165501,0.0550439857808858,0.0530565839160839
2412.49,0.0332287,0.0371567,0.0405972,0.0451046,0.0518594,0.0555719,0.0553319,0.053428,,,0.03322072,0.0371537,0.0405911057142857,0.0451008285714286,0.0518519857142857,0.0555657285714286,0.0553244685714286,0.0534297571428571,0.0331483757575758,0.0370945258741259,0.0405228212121212,0.0450406195804196,0.0517754275058275,0.0555210037296037,0.0552630407925408,0.0533724370629371
2413.46,0.0333003,0.0373161,0.0407584,0.0452406,0.0520187,0.0558607,0.0555316,0.0537907,,,0.0332858914285714,0.0372980657142857,0.0407420714285714,0.0452308028571428,0.0520116628571429,0.0558524971428571,0.0555256942857143,0.0537777314285714,0.0331895710955711,0.0371627515151515,0.0406253456876457,0.0451469086247086,0.0519338116550117,0.0557751016317016,0.0554976979020979,0.0536834780885781
2414.42,0.0332451,0.0373043,0.0407689,0.0452704,0.0520923,0.0560652,0.0556923,0.0540364,,,0.0332472685714286,0.0372976057142857,0.0407649742857143,0.0452674942857143,0.0520927028571428,0.0560620714285714,0.0556987971428571,0.0540265171428571,0.0332381300699301,0.0372342277389277,0.0407450351981352,0.0452480146853147,0.0520952275058275,0.0560514088578088,0.0557442358974359,0.0540113079254079
2415.39,0.0331848,0.0372157,0.0407362,0.045264,0.0521631,0.0562467,0.0559137,0.0542319,,,0.0331985828571428,0.0372265085714286,0.0407515,0.0452715857142857,0.0521716714285714,0.0562537542857143,0.0559228885714286,0.0542469685714286,0.0332646748251748,0.0373134104895105,0.0408520806526807,0.0453389498834499,0.0522417524475524,0.0563337738927739,0.0559928207459207,0.0543475391608392
2416.35,0.0332158,0.0372228,0.0408136,0.0453253,0.0523093,0.056503,0.0562197,0.0545593,,,0.0332174885714286,0.0372360942857143,0.0408257114285714,0.0453344371428571,0.0523143142857143,0.0565154714285714,0.0562174028571428,0.0545752,0.0332549990675991,0.0373779149184149,0.0409062538461539,0.0454012212121212,0.0523635578088578,0.0565910027972028,0.0562363543123543,0.0546722766899767
2417.32,0.0332737,0.037372,0.0409759,0.0454697,0.0525091,0.0568496,0.056527,0.0550249,,,0.03326614,0.0373758314285714,0.0409691628571428,0.0454699828571428,0.0525059971428571,0.0568478942857143,0.0565219,0.0550179657142857,0.0332276997668998,0.0374158780885781,0.0409031193473193,0.0454425342657343,0.052476658974359,0.0568168738927739,0.0564741037296037,0.0549890722610723
2418.28,0.0332744,0.0375546,0.0410566,0.045606,0.0526822,0.0571565,0.0567791,0.0554495,,,0.0332689485714286,0.03754374,0.0410402628571429,0.0455924142857143,0.0526741771428571,0.05714066,0.0567776857142857,0.0554325457142857,0.0332159655011655,0.0374463358974359,0.0408873545454545,0.045505124009324,0.0526102993006993,0.0570278419580419,0.0567137163170163,0.0553264997668998
2419.24,0.033222,0.0376172,0.0409678,0.0456397,0.0527845,0.0573136,0.056979,0.0557348,,,0.0332223,0.03760346,0.0409586285714286,0.0456299714285714,0.0527793742857143,0.0573078485714286,0.0569756228571428,0.0557304971428571,0.0332280214452214,0.0374834358974359,0.0409021573426573,0.0456156634032634,0.0527696156177156,0.057233982051282,0.0569550678321678,0.0556953862470863
2420.21,0.0331842,0.0375331,0.0408122,0.0456348,0.0528655,0.0573956,0.0571462,0.0559803,,,0.0331923514285714,0.0375356971428571,0.04082372,0.0456495685714286,0.0528756228571428,0.0574048571428571,0.0571472885714286,0.0559955742857143,0.0332424934731935,0.0375087223776224,0.0409439445221445,0.0457525188811189,0.0529297692307692,0.0574334335664336,0.0571798622377622,0.056062234032634
2421.17,0.0332252,0.0374359,0.0407995,0.0457688,0.0530345,0.0575443,0.0573396,0.0563357,,,0.0332295971428571,0.0374481228571428,0.04082116,0.0457872885714286,0.0530455228571429,0.0575517485714286,0.0573492171428571,0.0563468085714286,0.0332519093240093,0.0375031834498834,0.0409896167832168,0.0458804321678322,0.0530793578088578,0.0576326843822844,0.0573814303030303,0.0563948272727273
2422.14,0.0333141,0.0374289,0.041005,0.0460469,0.0532827,0.0577935,0.0576054,0.0567725,,,0.0333062142857143,0.03742998,0.0410054285714286,0.04603766,0.0532712657142857,0.0577908771428571,0.0576049628571428,0.0567597714285714,0.033282793006993,0.0374843965034965,0.0410437179487179,0.0459942766899767,0.0532411666666667,0.0578549216783217,0.0575881967365968,0.0567146125874126
2423.1,0.0333687,0.0374728,0.0412513,0.0462586,0.0534727,0.0580901,0.0578776,0.0571326,,,0.0333621085714286,0.0374647685714286,0.0412319285714286,0.04623808,0.0534602885714286,0.0580874857142857,0.0578638514285714,0.0571182514285714,0.0333575841491842,0.037490220979021,0.0411280060606061,0.046114865034965,0.0534375540792541,0.0581175522144522,0.0578340948717949,0.0570659804195804
2424.07,0.0333988,0.0375157,0.041356,0.0463012,0.0536005,0.0584116,0.0580953,0.0574064,,,0.0334060342857143,0.0375176114285714,0.0413489885714286,0.0463015171428571,0.0536124228571428,0.0584178314285714,0.0580957457142857,0.0574150914285714,0.0334591065268065,0.0375419862470862,0.0412433088578089,0.0462552361305361,0.0536600300699301,0.0584134097902098,0.058126637995338,0.0574547004662005
2425.03,0.0334911,0.0375994,0.0413627,0.0463114,0.0538069,0.058766,0.058358,0.0577517,,,0.0335025257142857,0.0376087685714286,0.0413721285714286,0.0463254228571428,0.0538200142857143,0.0587668571428571,0.05837486,0.0577683285714286,0.0335466503496504,0.037632524009324,0.0413630540792541,0.0463998955710956,0.0538765566433566,0.0587206515151515,0.0584540913752914,0.0578499916083916
2425.99,0.0336479,0.0377434,0.0413968,0.0464222,0.0540936,0.0590886,0.05876,0.0582249,,,0.0336446171428571,0.0377402542857143,0.0414011285714286,0.0464275485714286,0.0540859971428571,0.0590761285714286,0.0587621514285714,0.0582224142857143,0.0335971881118881,0.0377338025641026,0.0414559552447552,0.0465219051282051,0.0540582358974359,0.0590186599067599,0.058800103962704,0.0582306846153846
2426.96,0.0337382,0.0378579,0.0414737,0.046603,0.0543093,0.0593047,0.0591989,0.0586884,,,0.0337223171428571,0.0378494314285714,0.0414714114285714,0.0465992971428571,0.0542974971428571,0.0593027285714285,0.0591858971428571,0.0586729971428571,0.0336159785547786,0.0378127512820513,0.0415152843822844,0.0466151428904429,0.0542033337995338,0.0592920228438228,0.0591459347319347,0.0586028368298368
2427.92,0.0336693,0.0378898,0.0415583,0.0467608,0.0543914,0.0594851,0.0595472,0.0590336,,,0.03366528,0.0378938371428571,0.0415594914285714,0.0467572342857143,0.0543909371428571,0.0594979657142857,0.0595455971428571,0.0590321942857143,0.0336115081585081,0.0378487016317016,0.0415636932400932,0.0466938172494172,0.0543287657342657,0.0595306048951049,0.0594769398601399,0.0589756836829837
2428.89,0.0335338,0.0378848,0.0416422,0.0468458,0.054415,0.0597236,0.0598291,0.0593316,,,0.0335463142857143,0.0378873628571429,0.0416419942857143,0.0468428771428571,0.0544194228571428,0.0597252028571428,0.0598351428571429,0.0593415857142857,0.0335841953379953,0.0378386428904429,0.0416187027972028,0.0467624403263403,0.0544383048951049,0.0597322403263403,0.0597852296037296,0.0593429857808858
2429.85,0.0334712,0.0378415,0.0417031,0.0468498,0.0544606,0.0599639,0.0600875,0.0596699,,,0.0334760085714286,0.0378323628571429,0.0416995428571428,0.0468459942857143,0.0544636342857143,0.0599535114285714,0.06008186,0.059669,0.0335414671328671,0.0377928797202797,0.0416689515151515,0.046804696037296,0.054522758041958,0.0599104356643357,0.0600609011655012,0.0596947244755245
2430.81,0.033475,0.0377286,0.0417211,0.0467987,0.0545571,0.060131,0.0602948,0.0600195,,,0.0334680142857143,0.0377260714285714,0.0417209457142857,0.04680014,0.0545594914285714,0.0601276228571428,0.0602905314285714,0.0600135771428571,0.0335062997668998,0.0377359221445221,0.041697703030303,0.0468116664335664,0.0545919724941725,0.0600953377622378,0.0603032857808858,0.0600358713286713
2431.78,0.0334826,0.0376214,0.0417178,0.0467628,0.054698,0.0602711,0.0604892,0.0603619,,,0.0334831485714286,0.0376308971428571,0.0417192314285714,0.0467693828571428,0.0546974,0.0602760457142857,0.0604987142857143,0.0603671285714286,0.0335008354312354,0.0377002272727273,0.0417097804195804,0.046808175990676,0.0546804144522144,0.0603095207459207,0.060538817016317,0.0603868951048951
2432.74,0.0335129,0.0376247,0.0417166,0.0467956,0.0548489,0.0604698,0.0607587,0.0607477,,,0.0335191485714286,0.0376302028571428,0.0417150142857143,0.0467941514285714,0.0548427285714286,0.0604752685714286,0.0607613828571428,0.0607521485714286,0.0335208927738928,0.0377048277389277,0.0417217172494172,0.0468339678321678,0.0548146202797203,0.0605466053613053,0.060799741025641,0.0607591156177156
2433.71,0.0335784,0.0377325,0.0417242,0.0468738,0.0549824,0.060755,0.0610803,0.0611665,,,0.0335770714285714,0.0377299371428571,0.0417240114285714,0.0468700028571429,0.0549805314285714,0.06075764,0.0610733657142857,0.0611601742857143,0.0335391897435897,0.0377504361305361,0.0417462696969697,0.0469083235431235,0.0549930277389277,0.0607915088578088,0.0610936370629371,0.0611383235431235
2434.67,0.0336187,0.0378746,0.0417658,0.046991,0.0551431,0.0610908,0.0613997,0.061556,,,0.0336116285714286,0.0378717285714286,0.0417700857142857,0.0469984485714286,0.05515216,0.06108834,0.0614020742857143,0.0615541914285714,0.033541651048951,0.0378383065268065,0.0417984874125874,0.0470275326340326,0.0552015862470862,0.0610502002331002,0.0614091974358974,0.0615137869463869
2435.64,0.0335889,0.0380107,0.0418688,0.0471851,0.0553974,0.0614105,0.0617435,0.0619277,,,0.0335842114285714,0.0380091485714286,0.0418693828571428,0.0471885885714285,0.0554016085714286,0.0614037457142857,0.0617494057142857,0.0619302114285714,0.0335452335664336,0.0379724867132867,0.0418940076923077,0.0471825331002331,0.0554326813519814,0.0613427272727273,0.0617350002331002,0.0619052307692308
2436.6,0.0335266,0.038134,0.0420106,0.0474071,0.055706,0.0616761,0.0621106,0.0623142,,,0.0335296685714286,0.0381319942857143,0.04200676,0.0473970971428571,0.0556984485714286,0.0616719171428571,0.0621054914285714,0.0623094342857143,0.0335735855477855,0.0381393393939394,0.0420302095571096,0.0473608247086247,0.0556842377622378,0.0616729081585082,0.0620618529137529,0.0623373715617716
2437.56,0.0335241,0.0382558,0.0421618,0.0475673,0.0559805,0.0619284,0.062431,0.0627188,,,0.0335323371428571,0.0382588257142857,0.0421652028571429,0.0475637171428571,0.0559772085714286,0.0619354714285714,0.0624228914285714,0.0627206514285714,0.0336345142191142,0.0383068557109557,0.0421845104895105,0.0475424475524476,0.0559507662004662,0.0620147815850816,0.0623877158508159,0.062810396969697
2438.53,0.0336379,0.0384108,0.0423378,0.0476927,0.0562206,0.062257,0.0626943,0.0632004,,,0.0336424171428571,0.0384190542857143,0.04234338,0.04770176,0.0562254171428571,0.0622697885714286,0.0626974542857143,0.0632140542857143,0.0337228566433566,0.0384486983682984,0.0423303407925408,0.0477080648018648,0.0562191867132867,0.0623337191142191,0.0627222044289044,0.0633048142191142
2439.49,0.0338284,0.0385984,0.0425143,0.0478521,0.0564644,0.062669,0.0629847,0.0637963,,,0.0338268828571429,0.0385962142857143,0.0425075885714286,0.0478544314285714,0.0564656257142857,0.0626666342857143,0.0629928771428571,0.0637989057142857,0.033824672960373,0.0385549841491842,0.0424468675990676,0.0478475836829837,0.0564685566433566,0.0626190932400932,0.0630656466200466,0.063793617016317
2440.46,0.0340033,0.0387217,0.0426019,0.0480086,0.0566938,0.0630223,0.0633496,0.0643845,,,0.0339993314285714,0.0387097771428571,0.0425938685714286,0.0479995914285714,0.0566904571428571,0.0630046342857143,0.06335212,0.0643717457142857,0.0339182277389277,0.0386247156177156,0.0425263020979021,0.0479665230769231,0.0566773342657343,0.0628857086247086,0.0633994445221445,0.0642536303030303
2441.42,0.034088,0.0387093,0.0425895,0.0480981,0.0568764,0.0632024,0.063741,0.0648126,,,0.0340822657142857,0.0387069857142857,0.0425918742857143,0.04809444,0.0568761514285714,0.0631960828571428,0.0637390371428571,0.0648017485714286,0.033978844988345,0.0386572445221445,0.0425751713286713,0.0480834559440559,0.0568414375291375,0.0631415885780886,0.0637053407925408,0.064674865967366
2442.39,0.0340542,0.0386289,0.0425597,0.0481616,0.0570188,0.0633009,0.0640815,0.065077,,,0.0340498971428571,0.0386358,0.04256384,0.0481688171428571,0.0570192971428571,0.0633145114285714,0.0640754742857143,0.0650779085714285,0.0339887871794872,0.0386512692307692,0.0426010592074592,0.0482083713286713,0.0569804547785548,0.0633720149184149,0.0639766878787879,0.0650502822843823
2443.35,0.0339405,0.0385752,0.0425674,0.0482828,0.0571305,0.0634831,0.0643166,0.0653007,,,0.0339434057142857,0.0385787914285714,0.0425699542857143,0.04828904,0.0571251942857143,0.0634939685714286,0.0643111057142857,0.0653110971428571,0.0339535855477855,0.038616041958042,0.0426133286713287,0.0483328932400932,0.0571188909090909,0.0635659249417249,0.0642207813519813,0.065373789044289
2444.31,0.0338357,0.0385624,0.0426192,0.0484612,0.0572152,0.0637555,0.0644621,0.0655961,,,0.03384014,0.03855952,0.0426194485714286,0.0484581142857143,0.0572147628571428,0.0637478028571428,0.06446072,0.0656011828571429,0.0339036046620047,0.0385810755244755,0.042635924009324,0.0484518962703963,0.0572692498834499,0.0637437869463869,0.0644566424242424,0.0656652766899767
2445.28,0.0337947,0.0385628,0.0426919,0.0486235,0.0573385,0.0639978,0.0645979,0.0659543,,,0.0337956514285714,0.03855962,0.0426874342857143,0.0486170457142857,0.0573501657142857,0.0639869485714285,0.0646008314285714,0.0659469885714286,0.0338704372960373,0.0385806181818182,0.042688606993007,0.0485766841491841,0.0574337300699301,0.0639433652680653,0.0647006489510489,0.0659697783216783
2446.24,0.0338206,0.0385823,0.0427594,0.0487324,0.0575711,0.0641795,0.06482,0.0663071,,,0.0338237285714286,0.0385868685714286,0.0427607371428571,0.0487316371428571,0.0575760457142857,0.0641839142857143,0.0648323342857143,0.0663048285714286,0.0338691797202797,0.0386253508158508,0.0427641414918415,0.048713758041958,0.0576082783216783,0.0641817526806527,0.0649574093240093,0.0663153284382284
2447.21,0.0339054,0.0386639,0.0428477,0.0488259,0.0578476,0.0643967,0.0651902,0.0666716,,,0.0339074142857143,0.0386698828571429,0.0428540771428571,0.04883052,0.0578378542857143,0.06440564,0.0651976228571428,0.0666798628571428,0.0338995820512821,0.0387007974358974,0.0428493233100233,0.0488519219114219,0.0577838701631702,0.0644446090909091,0.0652284058275058,0.066694034032634
2448.17,0.0340046,0.0387973,0.0429672,0.0489509,0.0580449,0.064694,0.0656264,0.0670914,,,0.0339987714285714,0.0387935714285714,0.0429616285714286,0.0489540971428571,0.0580382914285714,0.0646920885714286,0.0656135942857143,0.0670926514285714,0.0339481319347319,0.0387862293706294,0.0429422107226107,0.0489808361305361,0.0579523433566434,0.064712396969697,0.0655198424242424,0.0670841221445221
2449.13,0.0340502,0.0389024,0.0430539,0.0491004,0.0581536,0.0650117,0.0659599,0.0675137,,,0.0340455971428571,0.0388969057142857,0.0430469828571428,0.0490971257142857,0.0581554771428571,0.0650068228571428,0.0659465028571429,0.0675048457142857,0.0339951293706294,0.0388585864801865,0.0430396920745921,0.0491003158508158,0.0581088389277389,0.0649865706293706,0.0658335881118881,0.0674688575757576
2450.1,0.0340422,0.0389426,0.0431088,0.0492301,0.0582414,0.0653124,0.0661714,0.0678711,,,0.0340449685714286,0.03894518,0.0431176285714286,0.0492279057142857,0.0582431142857143,0.06531294,0.0661753342857143,0.06786912,0.0340313976689977,0.0388944902097902,0.043137317016317,0.049211165034965,0.058252955011655,0.0652848997668998,0.0661595305361305,0.0678411771561771
2451.06,0.0340343,0.0389454,0.0432136,0.0493339,0.0583541,0.0656156,0.0663979,0.0681995,,,0.0340360228571428,0.03894654,0.0432182028571428,0.0493373628571428,0.0583547942857143,0.0656155057142857,0.0664085371428571,0.0682065371428571,0.0340587414918415,0.0388877051282051,0.0432321715617716,0.0493128715617716,0.058399672027972,0.0656146473193473,0.0664828475524475,0.0682028603729604
2452.03,0.0340479,0.0389082,0.043347,0.0494313,0.0585175,0.0659345,0.0667305,0.0685579,,,0.0340475314285714,0.03889986,0.0433386171428571,0.0494288828571428,0.0585187685714285,0.0659340714285714,0.0667336971428571,0.0685573514285714,0.0340808696969697,0.0388570435897436,0.0433201125874126,0.0494070424242424,0.0585790547785548,0.0659651461538461,0.0668035291375291,0.068559693006993
2452.99,0.0340843,0.0388151,0.043434,0.0495014,0.0587493,0.0662834,0.0671362,0.0689232,,,0.0340872828571429,0.0388115085714286,0.0434326628571428,0.0494965142857143,0.05875254,0.0662880371428571,0.0671320771428571,0.0689170457142857,0.0341099132867133,0.0388379687645688,0.0434109027972028,0.0495002104895105,0.0588122701631702,0.0663302291375291,0.0671515317016317,0.0689269335664336
2453.96,0.0341491,0.0387475,0.0434974,0.0495515,0.0590524,0.0666816,0.0675447,0.0692787,,,0.0341488771428571,0.0387589771428571,0.0435002028571428,0.0495562571428571,0.0590557428571428,0.06668358,0.0675407485714286,0.0692815714285714,0.0341570396270396,0.0388655736596737,0.0435192393939394,0.0495986347319347,0.0590876734265734,0.0667103321678322,0.067548389044289,0.069324320979021
2454.92,0.0342131,0.0388287,0.0435756,0.0496459,0.0593919,0.0670943,0.0679338,0.0696795,,,0.0342091742857143,0.0388374857142857,0.0435756857142857,0.0496517028571428,0.0593897657142857,0.06709028,0.0679369971428571,0.0696858428571429,0.0342047594405594,0.0389487135198135,0.0436258885780886,0.0496967298368298,0.059361765967366,0.0670839734265734,0.0679528615384615,0.0697429205128205
2455.88,0.0342497,0.0390481,0.0436743,0.0497934,0.0596939,0.0674636,0.0683274,0.0701472,,,0.0342540542857143,0.0390456657142857,0.0436819971428571,0.0497936828571428,0.0596913885714286,0.0674646628571428,0.0683372057142857,0.0701505685714286,0.0342228913752914,0.0390693592074592,0.0436955664335664,0.0497828242424242,0.059594686013986,0.0674121016317016,0.0682982438228438,0.0701475116550117
2456.85,0.0342781,0.0392926,0.0437982,0.0499351,0.0599094,0.0677785,0.0687121,0.0706294,,,0.0342792571428571,0.0392893257142857,0.0437982342857143,0.0499297771428571,0.0599050457142857,0.0677795885714286,0.0687059285714285,0.0706262114285714,0.0342092137529138,0.0392117459207459,0.0437273333333333,0.0498584356643357,0.059785837995338,0.0676810473193473,0.0685727405594406,0.0705305927738928
2457.81,0.0342667,0.0394775,0.0438622,0.0500088,0.0600187,0.0680156,0.0689601,0.0710344,,,0.0342528742857143,0.03946988,0.0438442514285714,0.05000016,0.0600071885714285,0.0680033342857143,0.0689352514285714,0.0710183971428571,0.0341882284382284,0.0393653198135198,0.0437426505827506,0.049938237995338,0.0599618988344988,0.0679162251748252,0.0688158086247086,0.0709203680652681
2458.78,0.0341704,0.0395563,0.0437808,0.0500144,0.0600529,0.0681388,0.0690156,0.0713077,,,0.0341676828571428,0.0395503085714286,0.0437774057142857,0.0500162857142857,0.0600562771428571,0.0681315657142857,0.0690162085714286,0.0713028571428571,0.0341911198135198,0.0395082727272727,0.0437549503496503,0.050032244988345,0.0601471668997669,0.0681530263403263,0.0690602230769231,0.0713288585081585
2459.74,0.0341054,0.0395714,0.0436779,0.0500526,0.0601774,0.0682551,0.0691127,0.0715815,,,0.0341214628571428,0.0395800742857143,0.0436944857142857,0.0500626285714286,0.06019882,0.0682712742857143,0.0691430342857143,0.0716044457142857,0.0342474461538462,0.0396218324009324,0.0437781997668998,0.0501419727272727,0.0603620892773893,0.0684135615384615,0.0693191752913753,0.071740551048951
2460.71,0.0342196,0.0396351,0.043717,0.0502021,0.0605182,0.0685559,0.0694784,0.0720445,,,0.0342268,0.0396418885714286,0.0437218257142857,0.0502046885714286,0.0605221171428571,0.0685727514285714,0.0694863028571428,0.0720566114285714,0.034365341958042,0.0397098557109557,0.0438287018648019,0.0502710034965035,0.0606209613053613,0.0687089568764569,0.0696082400932401,0.0721453997668998
2461.67,0.0344735,0.0397585,0.0438681,0.0504246,0.0609514,0.0690439,0.0699858,0.0726177,,,0.0344706285714286,0.0397545742857143,0.0438626742857143,0.0504218314285714,0.0609386542857143,0.06903706,0.0699659057142857,0.0726002742857143,0.0345174687645688,0.0397845503496503,0.0439141876456876,0.0504258186480186,0.0609135713286713,0.0690471594405594,0.069945013986014,0.0725465501165501
2462.63,0.0347436,0.0398735,0.0440449,0.0506516,0.0613074,0.0695252,0.0704158,0.0730808,,,0.0347434971428571,0.0398726171428571,0.04404646,0.0506489428571428,0.0613055571428571,0.06950984,0.0704100485714285,0.07306988,0.0346636412587413,0.0398504144522145,0.0440344396270396,0.0506070552447552,0.0612068249417249,0.0694290242424242,0.0703314965034965,0.0729517776223776
2463.6,0.0349399,0.0399578,0.0442244,0.0508469,0.0615653,0.0698857,0.0707814,0.0734168,,,0.0349335657142857,0.0399580228571428,0.0442249142857143,0.0508446628571428,0.0615666628571428,0.0698862142857143,0.07079244,0.0734225171428571,0.0347731438228438,0.0399071307692308,0.0441671948717949,0.0507998592074592,0.0614608086247086,0.0698299610722611,0.070742758974359,0.0733639417249417
2464.56,0.0349736,0.0399994,0.0443654,0.0510053,0.0617257,0.0701905,0.0711627,0.0737361,,,0.0349602542857143,0.0399946857142857,0.0443601028571428,0.0510055828571429,0.0617184228571428,0.0702000314285714,0.0711613028571428,0.0737378742857143,0.0348241226107226,0.0399478878787879,0.0442679531468531,0.0509813174825175,0.0616420198135198,0.0701935967365967,0.0711368006993007,0.0737667286713287
2465.53,0.0348298,0.0399837,0.0444207,0.0511477,0.0617733,0.0704987,0.071511,0.0740824,,,0.0348278114285714,0.0399819085714286,0.0444167142857143,0.0511487542857143,0.0617699914285714,0.07049882,0.0715005342857143,0.0740834457142857,0.0348114214452214,0.0399661652680653,0.0443243573426573,0.0511479827505828,0.0617497344988345,0.0704728328671329,0.0714914710955711,0.0741468470862471
2466.49,0.0346493,0.0399511,0.0444049,0.0512917,0.0617777,0.0707582,0.0717939,0.0744787,,,0.0346623371428571,0.0399551457142857,0.0444005028571428,0.0512898828571428,0.0617836142857143,0.0707494485714286,0.0717979114285714,0.0744840142857143,0.0347601757575758,0.0399752566433566,0.0443828398601399,0.0513164272727273,0.0618281128205128,0.0706788256410256,0.071823979020979,0.0745284452214452
2467.46,0.0345961,0.0399629,0.0443791,0.0514426,0.0618471,0.0709155,0.0721011,0.0749358,,,0.0346052457142857,0.0399649657142857,0.04437928,0.0514438257142857,0.0618520628571428,0.0709090542857143,0.07211154,0.0749339571428571,0.0347172055944056,0.0400024132867133,0.0444933636363636,0.0514939179487179,0.0619311848484848,0.0708651699300699,0.0721558414918415,0.0749449060606061
2468.42,0.0346821,0.0400332,0.0444557,0.0516269,0.0620207,0.0710192,0.0724755,0.0754025,,,0.0346765542857143,0.0400319485714286,0.0444711542857143,0.0516342971428571,0.0620207342857143,0.0710230314285714,0.0724723457142857,0.0753984028571428,0.0347284696969697,0.0400719475524476,0.044661051981352,0.0516711934731935,0.0620906097902098,0.0710719347319347,0.0724821881118881,0.0753945247086247
2469.38,0.0348125,0.040152,0.044745,0.0518568,0.0622798,0.0711931,0.0728382,0.0758491,,,0.0348078371428571,0.0401534228571429,0.0447604885714286,0.0518571942857143,0.0622809742857143,0.0712041914285714,0.0728322514285714,0.0758522714285714,0.0348195188811189,0.0401983216783217,0.0448630582750583,0.0518361515151515,0.0623203853146853,0.071312272960373,0.0727979568764569,0.0758501468531468
2470.35,0.0349572,0.0403239,0.045177,0.0520582,0.0626053,0.0715163,0.0731471,0.0762937,,,0.0349631142857143,0.0403265314285714,0.0451679485714286,0.0520483942857143,0.0626071257142857,0.0715205171428571,0.0731476485714286,0.0762956542857143,0.0349767431235431,0.0403672503496503,0.0450773699300699,0.0519790090909091,0.0626155706293706,0.0715973587412587,0.0731150622377622,0.076283113986014
2471.31,0.0351405,0.0405369,0.045501,0.0521524,0.0629644,0.0719385,0.0734295,0.0767174,,,0.0351432257142857,0.04053948,0.0454780285714286,0.0521484657142857,0.0629619914285714,0.07193214,0.0734284971428571,0.0767144342857143,0.0351437582750583,0.040534696969697,0.0452832158508159,0.0520925843822844,0.0629425111888112,0.0719373174825175,0.0734322186480186,0.0766737748251748
2472.28,0.0353177,0.0407483,0.0455719,0.0521751,0.063303,0.0723602,0.0737063,0.0770785,,,0.0353143142857143,0.0407481971428571,0.0455669114285714,0.0521805,0.0633019371428571,0.0723574828571428,0.0737096771428571,0.0770750371428571,0.0352590361305361,0.0406681785547786,0.0454520543123543,0.0521767736596737,0.0632587538461538,0.0723215671328671,0.0737329452214452,0.077025596969697
2473.24,0.0354123,0.0408853,0.0455126,0.0522079,0.0635951,0.0727561,0.0740101,0.0773699,,,0.0354084257142857,0.0408733171428571,0.0455264085714286,0.0522101971428571,0.06359456,0.0727592628571428,0.0740143,0.07736678,0.0353040708624709,0.0407671988344988,0.0455563524475524,0.0522404475524475,0.0635408484848485,0.0727160321678322,0.0740203335664336,0.0773589850815851
2474.2,0.0353873,0.0408763,0.0455042,0.0522694,0.0638271,0.0731326,0.0743341,0.0776249,,,0.0353793714285714,0.0408676428571428,0.0455112971428571,0.0522671542857143,0.0638221542857143,0.0731304571428571,0.07432678,0.0776276942857143,0.0352975918414918,0.0408361041958042,0.0455956512820513,0.0522982216783217,0.0637816268065268,0.0730836191142191,0.0743119981351981,0.0776797608391608
2475.17,0.0352509,0.0407895,0.0455667,0.0523514,0.0639917,0.0734592,0.0746225,0.0779132,,,0.0352483371428571,0.0408030685714286,0.0455607428571428,0.0523528914285714,0.0639913314285714,0.0734547942857143,0.0746200742857143,0.0779225514285714,0.0352564780885781,0.0408702368298368,0.0456071883449883,0.05236882004662,0.0639826184149184,0.0734149680652681,0.0746118328671329,0.0779790016317016
2476.13,0.0351038,0.0407941,0.0456373,0.0524719,0.0641393,0.0737304,0.0749049,0.0782719,,,0.03511616,0.0408065628571429,0.0456354485714286,0.0524750114285714,0.0641449828571428,0.0737296028571428,0.0749134114285714,0.0782734171428571,0.0351992694638695,0.0408778368298368,0.0456425331002331,0.052473082983683,0.0641664272727273,0.0737336468531469,0.0749223529137529,0.0782639251748252
2477.1,0.0350766,0.040901,0.0457227,0.0526315,0.0643246,0.0739921,0.0752392,0.078629,,,0.0350834485714286,0.0408912628571428,0.0457277657142857,0.0526275057142857,0.0643231942857143,0.0739941914285714,0.0752375285714286,0.0786169485714286,0.0351681573426573,0.040889217016317,0.0457303298368298,0.0526239601398601,0.0643668328671329,0.0740601344988345,0.075256882983683,0.078556093006993
2478.06,0.0351557,0.0409757,0.0458512,0.0527945,0.064536,0.0742995,0.075584,0.0788948,,,0.0351465714285714,0.0409650114285714,0.0458496742857143,0.0527905742857143,0.0645332914285714,0.0743073171428571,0.07557692,0.0788888257142857,0.0351972118881119,0.0409339776223776,0.04585732004662,0.0528135948717949,0.0645901034965035,0.0743861904428905,0.0756128916083916,0.0788633440559441
2479.03,0.0352476,0.0409973,0.045992,0.0529718,0.0647783,0.0746834,0.0759174,0.0791202,,,0.0352474371428571,0.0410042771428571,0.0459893771428571,0.0529800457142857,0.0647882771428571,0.0746888,0.0759258685714286,0.0791318742857143,0.0352716738927739,0.041014872027972,0.045992596969697,0.0530178533799534,0.0648159184149184,0.0746955948717949,0.0759647629370629,0.0791756839160839
2479.99,0.0353653,0.0410696,0.0461321,0.0532201,0.0650879,0.0750834,0.0763001,0.0794258,,,0.0353785942857143,0.0410795085714286,0.0461370628571429,0.05322718,0.0650918514285714,0.07507434,0.0763095628571428,0.07943324,0.035350451981352,0.0411085282051282,0.0461270871794872,0.0532206853146853,0.0650378041958042,0.0749884531468531,0.0762881018648019,0.079482496969697
2480.95,0.0355237,0.041215,0.0462891,0.0534999,0.0653848,0.0753761,0.076694,0.079796,,,0.0355180857142857,0.0412106971428571,0.0462869571428571,0.0534886114285714,0.0653666028571429,0.0753641514285714,0.0766813828571428,0.0797877542857143,0.0354092972027972,0.041198841958042,0.0462688421911422,0.0534259230769231,0.0652716242424242,0.075272451048951,0.0765764018648019,0.0797858664335664
2481.92,0.0355826,0.0413403,0.0464227,0.0536891,0.0655429,0.0755438,0.0769506,0.0801284,,,0.0355595428571428,0.0413298857142857,0.0464155171428571,0.0536776228571428,0.0655327857142857,0.0755459342857143,0.0769349485714285,0.08012342,0.035449434965035,0.0412973736596737,0.0464141179487179,0.0536391505827506,0.065524703962704,0.0755450881118881,0.0768446023310023,0.0800972431235431
2482.88,0.0354673,0.0414025,0.0465176,0.0537973,0.0656484,0.0757082,0.0770686,0.0804168,,,0.03546874,0.0414043685714286,0.0465240628571428,0.0538076028571428,0.0656683971428571,0.0757196342857143,0.0770743257142857,0.0804216085714285,0.0354849599067599,0.0414157769230769,0.0465509065268065,0.0538495694638695,0.0657806265734266,0.0757963221445221,0.0771096526806527,0.0804175004662005
2483.85,0.0353721,0.0414801,0.0466423,0.053968,0.0659055,0.0759661,0.0772293,0.0807131,,,0.03539556,0.0414910628571429,0.0466489171428571,0.0539817314285714,0.0659227457142857,0.0759709342857143,0.0772461,0.0807159628571428,0.0355270489510489,0.0415387757575758,0.0466702501165501,0.0540391946386946,0.0660160512820513,0.0760289496503497,0.0773694258741259,0.0807251132867133
2484.81,0.0354745,0.0416298,0.0467899,0.0542245,0.0662851,0.0762809,0.0775472,0.0810131,,,0.0354798657142857,0.0416310171428571,0.0467835485714286,0.0542176,0.0662712142857143,0.0762738371428571,0.07755296,0.0810109571428571,0.0355822090909091,0.0416428627039627,0.0467607498834499,0.0542058827505827,0.0662228897435897,0.0762685673659674,0.0776223680652681,0.0809996237762238
2485.78,0.0356783,0.0417804,0.0468763,0.0544299,0.0665569,0.0765596,0.0779408,0.0812792,,,0.0356654428571429,0.0417713742857143,0.0468724942857143,0.0544167,0.0665389942857143,0.07655348,0.0779288171428571,0.0812764742857143,0.0356636895104895,0.0417239780885781,0.0468169289044289,0.0543650804195804,0.0664140286713287,0.0765352958041958,0.0778892787878788,0.0812485491841492
2486.74,0.0358247,0.0418465,0.0468915,0.0545278,0.0666526,0.0767916,0.0782614,0.0814988,,,0.0358194371428571,0.0418423942857143,0.0468917657142857,0.0545310314285714,0.0666568257142857,0.0767969914285714,0.0782517742857143,0.0814968628571428,0.0357741946386946,0.0417916086247086,0.0468485473193473,0.0545225939393939,0.0665986142191142,0.0768075331002331,0.0781873037296037,0.081488165034965
2487.7,0.0359049,0.041848,0.0468699,0.0546158,0.0667128,0.0770377,0.0785001,0.0816911,,,0.03591246,0.0418520628571428,0.0468681342857143,0.0546271657142857,0.0667221685714286,0.0770454057142857,0.0785080885714286,0.0816933971428571,0.035873517016317,0.0418469263403263,0.0468653783216783,0.0546579221445221,0.0667580484848485,0.0770400233100233,0.0784967153846154,0.0817160850815851
2488.67,0.0359715,0.0418527,0.0468428,0.0547538,0.0668288,0.0772958,0.0787603,0.0818979,,,0.0359755114285714,0.0418558457142857,0.0468455342857143,0.0547528742857143,0.0668296914285714,0.0772909657142857,0.0787672085714286,0.0819033171428571,0.0359060853146853,0.0418804041958042,0.0468755114219114,0.0547479631701632,0.0668780682983683,0.0772201885780886,0.0787818808857809,0.081924558041958
2489.63,0.0359889,0.041881,0.0468621,0.0548691,0.0669826,0.0774739,0.0790522,0.0821342,,,0.0359761714285714,0.0418801171428571,0.0468656657142857,0.0548591057142857,0.0669801485714285,0.0774599628571428,0.0790462171428571,0.0821322457142857,0.035871824009324,0.0418928088578089,0.0469031820512821,0.0548020944055944,0.0669928904428904,0.0773804102564102,0.0790382363636364,0.0821180328671329
2490.6,0.0358747,0.0419166,0.0469478,0.0548998,0.0671458,0.0775364,0.0793054,0.0823518,,,0.0358621085714286,0.04191546,0.0469459828571428,0.05489722,0.0671422514285714,0.0775343085714286,0.0792992542857143,0.08234538,0.0358315123543124,0.0419092745920746,0.0469799433566433,0.054859941025641,0.0671553303030303,0.0775547918414918,0.0792922934731935,0.082310889044289
2491.56,0.035695,0.0419535,0.0470783,0.0549006,0.0673186,0.0776103,0.0795193,0.0825253,,,0.0357052942857143,0.04195212,0.0470780942857143,0.0549046285714286,0.0673209571428571,0.07762698,0.0795229857142857,0.0825259942857143,0.0358366412587413,0.0419579734265734,0.0471178566433566,0.0549514755244755,0.0673724198135198,0.0777508377622378,0.0795603384615385,0.0825225317016317
2492.53,0.0356628,0.041999,0.0472532,0.0549563,0.0675426,0.077847,0.079765,0.0827042,,,0.0356843828571429,0.0419989485714286,0.0472570228571429,0.0549610485714286,0.0675517971428571,0.0778575857142857,0.0797746342857143,0.0827071057142857,0.0358868766899767,0.042036882983683,0.0472979715617716,0.055069365034965,0.0676028368298368,0.0779619885780886,0.0798278097902098,0.0827604461538462
2493.49,0.035871,0.0420765,0.0474745,0.0551047,0.0678319,0.0782033,0.0800706,0.0829299,,,0.03587694,0.0420831428571428,0.0474778085714286,0.0551122771428571,0.0678331171428571,0.0781938457142857,0.08007078,0.0829330628571428,0.0359555466200466,0.0421203104895105,0.0474794662004662,0.0551841897435897,0.0678057463869464,0.078182937995338,0.0800711904428904,0.0830037400932401
2494.45,0.0361607,0.04221,0.0476996,0.0553282,0.0680933,0.0785125,0.0803518,0.0832099,,,0.0361467971428571,0.0422138485714286,0.0476980914285714,0.0553302057142857,0.0680828685714286,0.0785041514285714,0.08034202,0.0832170314285714,0.0360272114219114,0.0421955522144522,0.0476274813519814,0.055276927972028,0.0679688289044289,0.0784091815850816,0.0802806641025641,0.0832269305361305
2495.42,0.0363037,0.042346,0.0478473,0.0555208,0.0682194,0.0787182,0.0805222,0.0835148,,,0.0362875771428571,0.0423350371428571,0.04783692,0.0555073857142857,0.0682096457142857,0.0787193314285714,0.08051896,0.0835104628571428,0.0360936622377622,0.0422683717948718,0.047731482051282,0.0553513557109557,0.0681011342657342,0.0786295892773893,0.0804521904428904,0.0834285477855478
2496.38,0.036234,0.0423861,0.047854,0.0555531,0.0682245,0.0788614,0.0806095,0.083732,,,0.0362315485714286,0.0423777,0.0478472028571428,0.0555385028571428,0.0682256571428571,0.0788596085714286,0.0806137857142857,0.0837156114285714,0.0361307993006993,0.0423370995337995,0.0477947051282051,0.0554222363636364,0.0682201289044289,0.0788278354312354,0.080580682983683,0.0836136937062937
2497.35,0.0360737,0.0423598,0.0477772,0.0554522,0.0682367,0.0789699,0.0806792,0.0837995,,,0.0360831971428571,0.0423705571428571,0.0477860285714286,0.0554566828571429,0.0682463342857143,0.0789687257142857,0.0806790457142857,0.0837996285714285,0.03611691002331,0.0423915787878788,0.0478252447552447,0.0555005048951049,0.0683467997668998,0.0790007242424242,0.0806739459207459,0.0837750177156177
2498.31,0.0359735,0.0423946,0.0477537,0.0554155,0.0683706,0.0790924,0.0807468,0.0838465,,,0.0359791142857143,0.0424027514285714,0.0477616714285714,0.0554338428571428,0.06837636,0.0790979285714285,0.0807429428571428,0.0838615342857143,0.0360723738927739,0.0424364470862471,0.0478389006993007,0.055594127039627,0.0685011412587413,0.079168520979021,0.0807619806526807,0.0839131172494172
2499.27,0.0359733,0.0424925,0.0478173,0.0555881,0.0686284,0.0792913,0.0808296,0.0840007,,,0.03597078,0.04248224,0.0478139485714286,0.0555961228571428,0.0686287942857143,0.0792965371428571,0.0808316914285714,0.0840015742857143,0.0360543214452214,0.042492541958042,0.0478569233100233,0.0557206629370629,0.0686914114219114,0.0793550608391608,0.0808852909090909,0.0840542272727273
2500.24,0.0360475,0.0425604,0.0479088,0.0559011,0.0689451,0.0795645,0.0809899,0.0842144,,,0.0360492828571429,0.0425554885714286,0.0479073257142857,0.0558915771428571,0.0689462571428571,0.0795639428571428,0.0809969371428571,0.0842044057142857,0.0361093125874126,0.0425736785547786,0.0479010151515151,0.0558997524475524,0.0689094627039627,0.0795673608391608,0.0810696636363636,0.0842359389277389
2501.2,0.0361999,0.0426249,0.0480081,0.056192,0.0692511,0.0798488,0.0812656,0.0844297,,,0.0362052142857143,0.0426374828571428,0.0480086742857143,0.0561848857142857,0.0692459142857143,0.0798435028571428,0.0812680685714285,0.0844324342857143,0.0362362093240093,0.0426715902097902,0.0479830431235431,0.0561203920745921,0.0691375435897436,0.079800399067599,0.0813148587412587,0.084478996969697
2502.17,0.0364135,0.0427699,0.0481123,0.0564094,0.0694633,0.0800875,0.0816125,0.0847053,,,0.0364125828571428,0.0427753428571429,0.0481096171428571,0.0564148685714286,0.0694518057142857,0.0800840114285714,0.08160932,0.0847170771428571,0.0363922268065268,0.0427650794871795,0.04809311002331,0.0563367771561772,0.0693561736596737,0.0800431545454545,0.0816063055944056,0.0847648951048951
2503.13,0.0366093,0.0429325,0.0482118,0.0565849,0.0695591,0.0802857,0.0819576,0.085068,,,0.0366045257142857,0.0429187857142857,0.0482125542857143,0.0565845228571428,0.06955946,0.0802885714285714,0.0819548914285714,0.0850681457142857,0.0365323247086247,0.0428443505827506,0.048215706993007,0.0565094680652681,0.0695569871794872,0.0802803710955711,0.0819223219114219,0.0850476279720279
2504.1,0.036719,0.0429863,0.0483283,0.0566863,0.06965,0.0804892,0.082265,0.0854072,,,0.03671426,0.0429770428571428,0.0483306657142857,0.05667376,0.06966128,0.0804919428571428,0.0822650857142857,0.0853955857142857,0.0366367862470862,0.0429245454545454,0.048353224009324,0.0566359867132867,0.0697509932400932,0.0805076531468532,0.0822310104895105,0.0852994163170163
2505.06,0.03673,0.0429649,0.0484747,0.0566858,0.0698433,0.0807103,0.0825304,0.0856106,,,0.0367274885714286,0.04297396,0.0484734657142857,0.0566861171428571,0.0698473028571428,0.0807077457142857,0.0825311457142857,0.08560328,0.0367018195804196,0.0430236503496503,0.0485100265734266,0.0567384962703963,0.0699501643356643,0.0807352780885781,0.0825002902097902,0.0855236825174825
2506.02,0.036685,0.0430099,0.0486363,0.0567019,0.0701147,0.0809293,0.0827485,0.0857014,,,0.03668914,0.0430199457142857,0.04863864,0.0567188971428571,0.0701136371428571,0.0809289485714285,0.0827464085714286,0.0857049571428571,0.0367244083916084,0.0431282885780886,0.048670093006993,0.0568287053613054,0.0701493671328671,0.0809662282051282,0.0827154897435897,0.085717520979021
2506.99,0.036656,0.0431572,0.0488128,0.0568494,0.0703932,0.0811563,0.0829053,0.0857882,,,0.0366619828571429,0.0431586571428571,0.0488174028571429,0.0568554514285714,0.0703940657142857,0.0811630457142857,0.0829022314285714,0.0857978771428571,0.0367064990675991,0.0432047974358974,0.0488072212121212,0.0568967226107226,0.0703361372960373,0.0811831447552448,0.0828803468531468,0.0858595545454545
2507.95,0.0366667,0.0433255,0.0489766,0.0570448,0.0706202,0.0814055,0.0830112,0.0859381,,,0.0366658257142857,0.0433230057142857,0.0489718771428571,0.05703382,0.0706139771428571,0.0814071542857143,0.0830129142857143,0.0859416571428571,0.0366602592074592,0.0432420226107226,0.0488993937062937,0.0569418116550117,0.0705001864801865,0.0813627125874126,0.0830092561771562,0.0859482174825175
2508.92,0.036671,0.0434165,0.0490464,0.057134,0.070727,0.0816124,0.0831124,0.0861053,,,0.0366658057142857,0.0434059742857143,0.0490377771428571,0.0571207914285714,0.0707165857142857,0.0816019171428571,0.0831150742857143,0.08609546,0.0366115818181818,0.0432599853146853,0.0489404981351981,0.0569936867132867,0.0706355603729604,0.0815006265734266,0.0831282424242424,0.0860263976689977
2509.88,0.036633,0.043361,0.048996,0.057091,0.0707175,0.0816932,0.0832351,0.0862025,,,0.0366288342857143,0.0433500542857143,0.0489942085714286,0.0570887028571428,0.0707193857142857,0.0816844914285714,0.0832324514285714,0.0861925228571428,0.0365964920745921,0.0432812638694639,0.0489513981351981,0.0570809526806527,0.0707463641025641,0.0816171454545454,0.0832665946386946,0.086150586013986
2510.85,0.0365774,0.0432126,0.0488998,0.0570439,0.0707171,0.0816864,0.0833743,0.0862572,,,0.0365766457142857,0.0432188571428571,0.0489018914285714,0.0570563542857143,0.0707282428571428,0.0816906,0.0833740771428571,0.0862621542857143,0.0366311780885781,0.0433089347319347,0.0489595226107226,0.057190393006993,0.0708369214452214,0.0817315997668998,0.0834304393939394,0.0863406892773893
2511.81,0.0365775,0.0431526,0.0488531,0.0571476,0.0708292,0.0817321,0.0835559,0.0864133,,,0.0365878114285714,0.0431708571428571,0.0488603685714286,0.0571624114285714,0.07083694,0.0817442114285714,0.0835651828571428,0.0864294485714286,0.0366990009324009,0.0433339986013986,0.0489751655011655,0.0572898529137529,0.0709076344988345,0.0818502780885781,0.0836016125874126,0.0865732976689977
2512.77,0.0367154,0.0432893,0.0489268,0.0574117,0.0710272,0.0819214,0.0838084,0.0867569,,,0.0367275542857143,0.0432975457142857,0.0489370514285714,0.0574114514285714,0.0710242942857143,0.0819273485714286,0.0838116571428571,0.086765,0.0367849004662005,0.0433601923076923,0.0490069904428904,0.0573864335664336,0.0709784407925408,0.0819914634032634,0.0837707461538461,0.0868213375291375
2513.74,0.0369529,0.043518,0.049107,0.057673,0.0711942,0.0822041,0.084052,0.0871857,,,0.0369428714285714,0.04350366,0.0491016514285714,0.0576535514285714,0.0711787285714286,0.0821942342857143,0.0840361685714286,0.0871729628571428,0.0368901282051282,0.0434090703962704,0.0490712529137529,0.0575188396270396,0.0710841731934732,0.0821875941724942,0.0839448491841492,0.0870803864801865
2514.7,0.03711,0.0436378,0.0492602,0.0577712,0.0712472,0.0824606,0.0841689,0.0875029,,,0.0370935857142857,0.0436203828571428,0.0492465457142857,0.0577579228571428,0.0712418342857143,0.0824529885714285,0.0841593428571428,0.0874871114285714,0.0370032228438228,0.0434937447552447,0.0491689013986014,0.0576933937062937,0.0712310902097902,0.0824406778554778,0.0841238904428904,0.0873510822843823
2515.67,0.0371237,0.0436151,0.0493153,0.0577729,0.0712837,0.0826864,0.084226,0.0876603,,,0.0371310542857143,0.0436216571428571,0.0493177942857143,0.0577912,0.0713015542857143,0.0826983828571428,0.0842429628571428,0.0876635657142857,0.0370932095571095,0.043603048018648,0.0492808438228438,0.0578706897435897,0.0713900298368298,0.0827074205128205,0.0843006109557109,0.087619062004662
2516.63,0.0371225,0.0436195,0.0493605,0.0578996,0.0714638,0.0829658,0.0844017,0.0877939,,,0.0371332742857143,0.0436336171428571,0.0493689514285714,0.0579187057142857,0.0714740857142857,0.0829728285714286,0.0844123628571428,0.0878045885714285,0.037135717016317,0.0437194128205128,0.0493881622377622,0.0580162421911422,0.0715386615384615,0.0829439424242424,0.0844788699300699,0.0878640477855478
2517.6,0.0371491,0.0437441,0.0494549,0.0581593,0.0717393,0.0832433,0.0846765,0.0880016,,,0.0371400828571428,0.04374164,0.0494524657142857,0.0581452257142857,0.07172628,0.0832271085714286,0.0846624514285714,0.08800244,0.0371282701631702,0.0438322237762238,0.0494813937062937,0.0581298885780886,0.0716850298368298,0.0831392762237762,0.0846710193473193,0.088075417948718
2518.56,0.0371205,0.0439173,0.049559,0.0583371,0.071942,0.0833814,0.0849065,0.0882566,,,0.03711384,0.0439152857142857,0.0495565314285714,0.0583219028571428,0.0719311485714286,0.08337102,0.0849014942857143,0.0882557342857143,0.0370943254079254,0.0439357920745921,0.0495637079254079,0.0582313144522144,0.0718505636363636,0.0833091822843823,0.0848820081585082,0.088263861072261
2519.52,0.0370589,0.0440962,0.0496617,0.0583823,0.0720556,0.0834315,0.0851117,0.0885223,,,0.0370666657142857,0.04410262,0.0496649142857143,0.0583904771428571,0.0720607514285714,0.0834440742857143,0.0851242657142857,0.0885229,0.037079148018648,0.044036841958042,0.0496519976689977,0.058336606993007,0.0720447233100233,0.0834799228438229,0.0851054407925408,0.0884644892773893
2520.49,0.0370642,0.0442614,0.0497807,0.0584215,0.0721904,0.0835661,0.0853705,0.0887722,,,0.0370670714285714,0.04425234,0.0497795085714286,0.0584255628571428,0.0721977028571428,0.0835745942857143,0.0853699685714285,0.0887635085714286,0.0371183435897436,0.0441477988344988,0.0497613808857809,0.0584395522144522,0.0722533706293706,0.0836662524475525,0.0853335820512821,0.0887123671328671
2521.45,0.0371457,0.0443186,0.0498962,0.0584859,0.0723966,0.083811,0.0856147,0.0889728,,,0.0371413971428571,0.0443027085714286,0.0498916228571429,0.0584810571428571,0.0723966428571429,0.0838061828571428,0.0855997942857143,0.08896752,0.0372127386946387,0.0442645354312354,0.0498960561771562,0.0585255988344988,0.0724573629370629,0.0838688438228438,0.0855705501165501,0.0890126358974359
2522.42,0.0372792,0.0442792,0.0500023,0.0585593,0.0726392,0.0840929,0.0857823,0.089192,,,0.0372854742857143,0.0442907457142857,0.0500043228571428,0.0585636114285714,0.0726389771428571,0.0840943057142857,0.0857825057142857,0.0892068285714285,0.037346834032634,0.0443754958041958,0.0500532857808858,0.0586071545454545,0.0726570135198135,0.0841005566433566,0.0858297265734266,0.0893379825174825
2523.38,0.0374907,0.04434,0.0501465,0.058682,0.0728827,0.0843947,0.0859852,0.0895593,,,0.0374988257142857,0.04436124,0.0501542142857143,0.0586859514285714,0.0728830685714286,0.0843956685714286,0.0860034228571429,0.0895743342857143,0.0375033976689977,0.0444791666666667,0.0502153044289044,0.058707775990676,0.0728559762237762,0.0843742892773893,0.0861085946386946,0.0896505888111888
2524.34,0.037733,0.0445631,0.0503527,0.058844,0.0730942,0.0846829,0.0863329,0.0900312,,,0.0377234257142857,0.0445567828571428,0.0503565228571428,0.0588409228571428,0.0730908914285714,0.0846760942857143,0.0863392942857143,0.09002286,0.0376510832167832,0.0445757515151515,0.0503522440559441,0.0588245312354312,0.0730374557109557,0.0846605351981352,0.0863804186480186,0.0899314909090909
2525.31,0.0378641,0.0447628,0.0505548,0.0589892,0.0732365,0.0849127,0.0867223,0.0903888,,,0.03785372,0.0447473285714286,0.0505477628571428,0.0589870314285714,0.0732337485714286,0.0849165142857143,0.0867081914285714,0.0903667285714286,0.0377546501165501,0.0446657263403263,0.0504494186480186,0.058945441025641,0.0731809592074592,0.0849064365967366,0.0866229834498835,0.0901875454545454
2526.27,0.0378537,0.0448271,0.0506421,0.0590974,0.073311,0.0851187,0.0869757,0.0905105,,,0.0378576257142857,0.0448281028571429,0.0506291571428571,0.0590941,0.0733100828571428,0.08512476,0.0869648571428571,0.0905037542857143,0.0378023025641026,0.0447541540792541,0.0505180703962704,0.0590752149184149,0.0732887780885781,0.0850903405594406,0.0868388736596736,0.090428265967366
2527.24,0.0377926,0.0448245,0.050586,0.0591737,0.0733512,0.085291,0.08708,0.0905322,,,0.0377949057142857,0.0448289485714286,0.0505849114285714,0.0591739057142857,0.0733513885714286,0.08528056,0.0870829485714286,0.0905492485714286,0.0378051475524476,0.0448283655011655,0.0505770228438228,0.0592124044289044,0.0733802603729604,0.0852200948717949,0.0870370885780886,0.0906451652680653
2528.2,0.0377258,0.0448118,0.0505089,0.0592617,0.0734013,0.085349,0.0871486,0.0906685,,,0.0377235542857143,0.04481156,0.0505205828571428,0.0592698942857143,0.0734049942857143,0.0853417228571428,0.08715304,0.0906811685714286,0.0377786559440559,0.0448500505827506,0.0506294613053613,0.0593294221445221,0.0734661932400932,0.0853023757575758,0.0872096046620047,0.0908199559440559
2529.17,0.0376714,0.0447939,0.0505459,0.0594026,0.0735033,0.0853339,0.0872605,0.0909351,,,0.0376759171428571,0.0447977485714286,0.0505549685714286,0.0594073571428571,0.0735085285714285,0.0853435,0.0872646485714286,0.0909310457142857,0.0377396090909091,0.044804055011655,0.0506656296037296,0.0594004400932401,0.073547337995338,0.085352151981352,0.0873489389277389,0.0909588557109557
2530.13,0.0376737,0.0447785,0.0506958,0.059542,0.0736561,0.0853718,0.0874429,0.0911999,,,0.0376803514285714,0.0447788428571428,0.0506966314285714,0.0595346371428571,0.0736561857142857,0.0853769942857143,0.0874482914285714,0.0911932057142857,0.0377054932400932,0.0447262566433566,0.0506909456876457,0.0594304027972028,0.0736298102564103,0.0854066470862471,0.08747878997669,0.091102058974359
2531.09,0.0377243,0.0447284,0.0508516,0.05957,0.0737976,0.0854768,0.0876746,0.0913781,,,0.0377199542857143,0.0447159285714286,0.0508401914285714,0.0595550942857143,0.0737881114285714,0.0854675171428571,0.08766878,0.0913687228571428,0.0376793186480186,0.0446584167832168,0.0507300941724942,0.0594440743589744,0.0737197641025641,0.0855050314685314,0.087634696969697,0.0912759365967366
2532.06,0.0377372,0.0446024,0.0508966,0.0594626,0.0738647,0.0856024,0.0878715,0.091463,,,0.03772802,0.0445998971428571,0.0508843857142857,0.0594614771428571,0.0738601571428571,0.0856024771428571,0.0878626114285714,0.0914621342857143,0.0376551149184149,0.0446181678321678,0.0507998848484848,0.0594644058275058,0.073820531002331,0.0856709811188811,0.0878267923076923,0.091464762004662
2533.02,0.0376771,0.0445048,0.0508472,0.0593697,0.073905,0.0858104,0.0880174,0.0915573,,,0.0376776485714286,0.0445206742857143,0.0508546314285714,0.0593866628571428,0.0739133571428571,0.0858254171428571,0.0880231342857143,0.0915721114285714,0.0376423974358974,0.0446164491841492,0.0508960515151515,0.0595078682983683,0.0739437636363636,0.0859042801864802,0.0880398459207459,0.0916510554778555
2533.99,0.0376158,0.0445691,0.0508623,0.0594543,0.0740191,0.0861617,0.0881998,0.0917738,,,0.0376192457142857,0.0445740714285714,0.0508751742857143,0.05946144,0.0740210971428571,0.0861637742857143,0.0882069828571428,0.0917755228571428,0.0376594300699301,0.0446611503496503,0.0510022876456876,0.0595903177156177,0.0741000655011655,0.0861743573426573,0.0882500447552448,0.0918437020979021
2534.95,0.0376187,0.0447436,0.0510141,0.0596815,0.0742101,0.086542,0.0884393,0.0920525,,,0.0376201828571429,0.0447362285714286,0.0510164057142857,0.0596754314285714,0.0742093285714286,0.0865297685714286,0.0884380571428571,0.0920439885714285,0.0377122407925408,0.0447503142191142,0.051101041025641,0.0597233953379953,0.0742845815850816,0.0864461736596737,0.0884408482517482,0.0920542034965035
2535.92,0.037711,0.0449186,0.0512246,0.0599331,0.0744578,0.0868128,0.0886727,0.0923133,,,0.0377183714285714,0.0449177428571428,0.0512231942857143,0.0599320371428571,0.0744662085714286,0.0868068428571428,0.0886686628571428,0.0923177742857143,0.037798341025641,0.0448781587412588,0.0511851853146853,0.0598986925407925,0.0744859212121212,0.0867104459207459,0.0886192391608392,0.0922836090909091
2536.88,0.0379006,0.0450704,0.0513889,0.0601617,0.074751,0.0869783,0.0888513,0.0925754,,,0.0379036428571429,0.0450701942857143,0.0513809542857143,0.0601626428571428,0.0747483342857143,0.0869787114285714,0.0888451628571428,0.09257522,0.0379121058275058,0.0450282909090909,0.051256565034965,0.060083475990676,0.0746898867132867,0.0869634771561772,0.0888033508158508,0.0925282398601398
2537.84,0.0381094,0.0451853,0.0514185,0.0603323,0.0749804,0.0871122,0.0889735,0.0928058,,,0.0381006657142857,0.0451827371428571,0.0514075885714286,0.0603267028571428,0.0749669942857143,0.0871173942857143,0.0889743057142857,0.0927963628571428,0.0380329212121212,0.0451602368298368,0.0513058652680653,0.060237865034965,0.0748714820512821,0.0871789594405594,0.0889909666666667,0.0927724123543123
2538.81,0.0382238,0.045252,0.0513176,0.0603989,0.0750678,0.0872834,0.0891093,0.0929736,,,0.0382182628571428,0.0452538857142857,0.0513214485714286,0.06039224,0.0750677571428571,0.08729222,0.0891195771428571,0.09297714,0.038127772027972,0.045235055011655,0.0513190766899767,0.0603436104895105,0.0750106137529138,0.0873371738927739,0.0891673016317016,0.0929978351981352
2539.77,0.0382321,0.0452891,0.0512177,0.0603808,0.0750914,0.0875002,0.0893193,0.093158,,,0.0382336685714286,0.0452904885714286,0.0512273514285714,0.0603832085714286,0.0750974085714285,0.0874973114285714,0.0893200285714286,0.0931672742857143,0.0381752708624709,0.0452548354312354,0.0513045076923077,0.0604133708624709,0.0751092955710956,0.087459896969697,0.0893342421911422,0.0932027459207459
2540.74,0.0381872,0.0452932,0.0512054,0.060375,0.0751299,0.087668,0.0895442,0.0933969,,,0.0381868828571428,0.04528732,0.0512056828571428,0.0603838885714286,0.0751297885714285,0.0876542428571428,0.0895348742857143,0.0933945428571428,0.0381768114219114,0.0452512755244755,0.0512857508158508,0.0604641468531468,0.0751788804195804,0.0875824979020979,0.0895038358974359,0.0933913263403263
2541.7,0.0381237,0.0452447,0.0512547,0.0604504,0.0751919,0.0877259,0.0897162,0.09362,,,0.0381229714285714,0.0452400371428571,0.0512549914285714,0.0604541457142857,0.0751934857142857,0.0877245714285714,0.0897156257142857,0.0936132028571428,0.0381542825174825,0.0452500435897436,0.0512826466200466,0.0605010256410256,0.0752345442890443,0.0877147296037296,0.0896840668997669,0.093568520979021
2542.66,0.0380799,0.0451926,0.0513363,0.0605722,0.0752873,0.0877735,0.0898763,0.0937845,,,0.0380830542857143,0.04520112,0.0513373885714286,0.0605683771428571,0.0752895114285714,0.0877867171428571,0.08988164,0.09378288,0.0381444137529137,0.0452675417249417,0.0513097934731935,0.0605340400932401,0.0752994613053613,0.0878484344988345,0.089883765034965,0.093749482051282
2543.63,0.0381026,0.0452403,0.0514175,0.0606619,0.0754075,0.0879259,0.0900722,0.0939269,,,0.0381065171428571,0.0452493685714286,0.0514116114285714,0.06065494,0.0754049285714286,0.0879306571428571,0.0900701342857143,0.0939293857142857,0.0381748776223776,0.0453209529137529,0.0513681853146853,0.0605848414918415,0.0753888515151515,0.0879825927738928,0.0901081235431235,0.0939471923076923
2544.59,0.0382018,0.0453918,0.0514529,0.0606856,0.0755181,0.088144,0.0902893,0.0941026,,,0.0382037285714286,0.0453854914285714,0.0514497028571429,0.06068158,0.07551552,0.0881351714285714,0.0902883571428571,0.0941060028571428,0.0382427060606061,0.0454164745920746,0.0514369277389277,0.0606637018648019,0.0755004846153846,0.08813027995338,0.0903475400932401,0.0941614221445221
2545.56,0.0383418,0.0455453,0.0514658,0.0606906,0.0756147,0.0883332,0.0905371,0.094338,,,0.0383415514285714,0.0455407828571428,0.0514718942857143,0.06069684,0.0756152228571428,0.0883293085714285,0.0905459285714285,0.0943398942857143,0.0383245857808858,0.0455345850815851,0.0514916009324009,0.0607568848484848,0.0756236342657343,0.0883058857808858,0.0905810305361306,0.0943885850815851
2546.52,0.0384644,0.0456726,0.0515168,0.0607711,0.075723,0.0885019,0.0908361,0.0946198,,,0.0384607828571428,0.0456811028571428,0.0515215742857143,0.0607814885714286,0.0757265228571428,0.0885081314285714,0.0908390571428571,0.09462082,0.0383960585081585,0.0456442496503496,0.0515278862470862,0.0608503834498835,0.0757449023310023,0.0885070792540792,0.0907917228438228,0.0946253655011655
2547.49,0.0385143,0.0457982,0.0515954,0.0609485,0.0758626,0.0887039,0.0911038,0.0949126,,,0.0385093885714286,0.0457962971428571,0.0515894,0.0609463571428571,0.0758650428571428,0.0887059657142857,0.0910902314285714,0.0949112714285714,0.0384374825174825,0.0457238962703963,0.0515613762237762,0.0609500477855478,0.0758571027972028,0.0887127529137529,0.0909785165501165,0.0948665356643356
2548.45,0.0384784,0.0458474,0.0516354,0.061123,0.076012,0.0889203,0.0912232,0.0951691,,,0.0384771828571429,0.0458323057142857,0.0516278057142857,0.0611123971428571,0.0760064714285714,0.0889154142857143,0.0912112771428571,0.0951633914285714,0.0384402230769231,0.0457638965034965,0.0516091771561772,0.0610655167832168,0.0759685296037296,0.0889045871794872,0.0911483317016317,0.0951097794871795
2549.41,0.0384009,0.0457677,0.0516406,0.0612198,0.0761212,0.0891081,0.0912356,0.0953575,,,0.0384033257142857,0.0457689342857143,0.0516464885714286,0.0612196114285714,0.0761158085714286,0.08910762,0.0912458257142857,0.0953540371428571,0.0384153181818182,0.0457691312354312,0.0516747946386946,0.0611888508158508,0.0760954671328671,0.0890876060606061,0.0913021862470862,0.0953510298368298
2550.38,0.0383402,0.0456827,0.0517034,0.0612878,0.0762047,0.0892813,0.0913214,0.0955126,,,0.0383417685714286,0.04569704,0.0517130085714286,0.0612952914285714,0.0762093971428571,0.0892830057142857,0.0913377628571428,0.0955187028571428,0.0383889477855478,0.0457579636363636,0.0517542822843823,0.0612977107226107,0.076245258974359,0.0892778585081585,0.0914377041958042,0.0955732149184149
2551.34,0.0383264,0.0457016,0.0518475,0.0613781,0.0763399,0.0894595,0.0915417,0.0957096,,,0.0383276857142857,0.0457017885714286,0.0518427685714285,0.06137762,0.0763462085714286,0.0894574942857143,0.0915374571428571,0.09571872,0.0383881608391608,0.0457508377622378,0.0518518118881119,0.0613755372960373,0.0764086624708625,0.0894782095571095,0.0915641832167832,0.095757241958042
2552.31,0.0383713,0.0457663,0.0519845,0.0614544,0.0765494,0.0896424,0.0917667,0.0959525,,,0.0383745657142857,0.0457583542857143,0.0519762542857143,0.0614484514285714,0.0765509,0.0896448771428571,0.0917546571428571,0.09594962,0.0384260403263403,0.0457676116550117,0.0519722424242424,0.0614295365967366,0.0765737344988345,0.0896817811188811,0.0917078904428904,0.0959055694638695
2553.27,0.0384717,0.0458165,0.0520812,0.061486,0.0767822,0.0898531,0.0919161,0.0961389,,,0.03847308,0.0458172542857143,0.0520868142857143,0.0614854171428571,0.0767789257142857,0.0898576428571428,0.0919168114285714,0.0961250828571428,0.0384903072261072,0.0458234578088578,0.052102458974359,0.0614836734265734,0.0767432846153846,0.0898834277389277,0.0918882769230769,0.096041144988345
2554.24,0.0385863,0.0458846,0.0522006,0.0615116,0.0769698,0.0900858,0.0920501,0.0962,,,0.03858498,0.04589078,0.0522094628571428,0.0615156114285714,0.0769623942857143,0.0900834771428571,0.0920557485714286,0.0961965714285714,0.0385501822843823,0.0459121557109557,0.0522144703962704,0.0615518636363636,0.0769217841491841,0.0900750263403263,0.0920908435897436,0.0961821428904429
2555.2,0.0386577,0.0459942,0.0523402,0.0615767,0.0770819,0.0902817,0.0922206,0.0962282,,,0.0386545971428571,0.0459949971428571,0.05233384,0.06158024,0.0770826628571428,0.0902784942857143,0.09222402,0.0962410314285714,0.0385794906759907,0.0460032235431235,0.0522866244755245,0.0616294174825175,0.0770902363636364,0.0902432778554778,0.0922774701631701,0.096326155011655
2556.16,0.0386439,0.0460968,0.0523941,0.06168,0.0771746,0.0904091,0.0924136,0.0963559,,,0.03863826,0.0460915371428571,0.0523829571428571,0.0616799571428571,0.0771845857142857,0.0904081314285714,0.0924140285714286,0.0963644628571428,0.038569103962704,0.0460639596736597,0.0523167303030303,0.0617026748251748,0.0772152867132867,0.0903725687645688,0.0924175013986014,0.0964561862470862
2557.13,0.0385391,0.0461346,0.0523306,0.0617789,0.0772951,0.0904737,0.0925752,0.0965658,,,0.0385373428571428,0.0461339314285714,0.0523332228571428,0.0617770742857143,0.0772954085714286,0.0904734857142857,0.0925720714285714,0.0965614628571428,0.03852127995338,0.0460781212121212,0.0523127263403263,0.0617522757575757,0.0772802398601398,0.0904476272727273,0.0925008848484849,0.0965599400932401
2558.09,0.0384033,0.0461112,0.052248,0.0618313,0.0773741,0.0904925,0.0926465,0.0967407,,,0.03840888,0.0461123828571428,0.0522563828571429,0.0618314028571428,0.0773640114285714,0.0904944285714286,0.0926418542857143,0.0967345542857143,0.0384463114219114,0.0460469764568765,0.0522813013986014,0.0617619843822844,0.0772952456876457,0.0904709501165501,0.0925355561771562,0.0966442006993007
2559.06,0.038317,0.046038,0.052214,0.0618164,0.0773387,0.090485,0.0926051,0.096814,,,0.0383213628571428,0.0460313742857143,0.05221292,0.06181184,0.0773340114285714,0.09048158,0.0925977628571428,0.0968085142857143,0.038365696037296,0.0459899843822844,0.0522358086247086,0.0617316167832168,0.0772819233100233,0.0904698438228438,0.0925404596736597,0.0967191284382284
2560.02,0.0382956,0.0459126,0.0521985,0.0617122,0.0772337,0.0904482,0.0924828,0.0967908,,,0.0382932514285714,0.0459094714285714,0.0521926971428571,0.0617038771428571,0.0772381485714286,0.0904435628571428,0.0924821914285714,0.09678828,0.0383078878787879,0.04594252004662,0.0522037151515152,0.0616715745920746,0.0772554855477856,0.0904700006993007,0.0925332594405595,0.0967768128205128
2560.99,0.0383036,0.0458099,0.052184,0.0615499,0.0771586,0.090419,0.092397,0.0967402,,,0.0383006514285714,0.0458190542857143,0.0521862714285714,0.0615554971428571,0.0771651228571428,0.0904288571428571,0.0924120171428571,0.0967482657142857,0.0382998489510489,0.045934131002331,0.0522133261072261,0.061599848018648,0.0772257536130536,0.0904853538461538,0.0925316482517483,0.0968099195804196
2561.95,0.0383329,0.0458413,0.0522207,0.0614578,0.077161,0.0904884,0.0924722,0.0967607,,,0.0383341342857143,0.0458516885714286,0.0522272485714286,0.0614698,0.0771614114285714,0.0904953685714286,0.0924804971428571,0.0967673171428571,0.0383566881118881,0.0459660967365967,0.0522709808857809,0.0615522540792541,0.0772132191142191,0.0905339032634033,0.0925644191142191,0.0968361748251748
2562.91,0.0384098,0.0460114,0.0523323,0.0614989,0.0772124,0.0906324,0.0926577,0.0968567,,,0.0384126714285714,0.0460130285714286,0.0523318028571428,0.0614947857142857,0.0772087914285714,0.0906210428571428,0.0926454514285714,0.0968518657142857,0.0384668482517483,0.046021841025641,0.0523568223776224,0.0615645144522144,0.0772404948717949,0.0906276212121212,0.0926506787878788,0.0968814223776224
2563.88,0.0385462,0.0462036,0.0524661,0.0615962,0.0772795,0.0907457,0.092806,0.0969554,,,0.03854986,0.0461936828571428,0.0524634942857143,0.0615911857142857,0.0772817371428571,0.0907434114285714,0.0928012257142857,0.0969533342857143,0.0385941426573427,0.046091858041958,0.0524469941724942,0.0616386692307692,0.0772995864801865,0.0907546701631702,0.0927735484848485,0.0969534114219114
2564.84,0.0387205,0.0462823,0.0525752,0.0617207,0.0773711,0.0908555,0.0929125,0.0970404,,,0.0387229171428571,0.0462703514285714,0.0525753371428571,0.0617318857142857,0.0773769885714286,0.0908685114285714,0.0929239514285714,0.0970442742857143,0.0387007123543124,0.0461649214452214,0.0525298997668998,0.0617430466200466,0.0773552745920746,0.0908882435897436,0.092892813986014,0.0970361531468532
2565.81,0.0388684,0.0462276,0.0526431,0.0619019,0.0774699,0.0910157,0.0930283,0.0971194,,,0.0388622371428571,0.0462307885714286,0.0526395685714286,0.0619039742857143,0.0774655971428571,0.0910147571428571,0.0930260714285714,0.0971186971428571,0.0387631610722611,0.0462125319347319,0.0525967610722611,0.0618363321678322,0.077386803030303,0.0909944622377622,0.0929697918414918,0.0970956543123543
2566.77,0.0388974,0.046159,0.0526517,0.0620388,0.0774899,0.0911284,0.0930709,0.0971549,,,0.0388875257142857,0.04617112,0.0526492657142857,0.0620224285714286,0.0774768285714286,0.0911167171428571,0.0930572371428571,0.0971521828571428,0.0387763233100233,0.0462159051282051,0.0526361522144522,0.061895217948718,0.0774022265734266,0.0910439025641026,0.092989462004662,0.0971037624708625
2567.73,0.0387869,0.0461588,0.0526241,0.0620062,0.0773953,0.0911067,0.0929838,0.0971176,,,0.0387853314285714,0.0461570771428571,0.05262854,0.0619970885714285,0.0773943657142857,0.09110556,0.0929845628571429,0.0971150628571428,0.03875228997669,0.0461889020979021,0.052645582983683,0.0619270505827506,0.0774129321678322,0.0910364172494172,0.0929694652680653,0.0970619286713287
2568.7,0.0386315,0.0461679,0.0526118,0.0618699,0.0773028,0.091,0.0928699,0.0970099,,,0.0386372,0.0461590971428571,0.05261372,0.0618781628571428,0.0773185285714286,0.0910022714285714,0.0928784628571428,0.0970062571428571,0.0387109121212121,0.0461619643356643,0.0526346473193473,0.0619440277389277,0.0774167088578089,0.0909912745920746,0.0929315372960373,0.0969892426573427
2569.66,0.0385441,0.0461473,0.0526145,0.061802,0.07734,0.090871,0.0928232,0.0968638,,,0.0385520628571428,0.0461521428571428,0.0526124771428571,0.06181724,0.0773476714285714,0.0908708114285714,0.0928272542857143,0.0968670228571428,0.0386715615384615,0.0461619638694639,0.0526176832167832,0.0619427902097902,0.0774103237762238,0.0909176594405594,0.0928828293706294,0.0969038328671329
2570.63,0.0385711,0.0461607,0.0526095,0.0618782,0.077451,0.0907559,0.0928378,0.0967538,,,0.0385758228571428,0.0461659028571429,0.0526086514285714,0.0618817485714286,0.0774398142857143,0.0907607342857143,0.0928363685714286,0.0967602114285714,0.0386507902097902,0.0461933090909091,0.0526079533799534,0.0619282918414918,0.0774025445221445,0.0908213396270396,0.0928407027972028,0.0968230128205128
2571.59,0.038666,0.0462153,0.0525977,0.0619964,0.0774904,0.0906931,0.0928605,0.0967168,,,0.0386619028571428,0.0462109628571428,0.0525975457142857,0.0619820942857143,0.0774814085714285,0.0906968542857143,0.0928532485714285,0.0967161742857143,0.0386491848484849,0.0462304470862471,0.052607524009324,0.0619244734265734,0.0774050671328671,0.0907178305361305,0.0928349505827506,0.0967569568764569
2572.56,0.0387272,0.0462576,0.0525899,0.0620131,0.0774433,0.0906646,0.0928548,0.0967149,,,0.0387222885714286,0.0462593914285714,0.0525928142857143,0.0620062428571428,0.0774480485714286,0.0906608885714285,0.0928548771428571,0.0967143685714286,0.0386412592074592,0.0462474146853147,0.0526038941724942,0.0619387466200466,0.0774166088578089,0.0906227813519813,0.0928698951048951,0.0967053319347319
2573.52,0.0387009,0.0462847,0.0525987,0.0619517,0.0773997,0.0906086,0.0928688,0.0967175,,,0.0387003342857143,0.0462864485714286,0.05260056,0.0619614885714286,0.0774042428571428,0.0906025485714286,0.0928787771428571,0.09671762,0.0385979053613054,0.0462408207459208,0.0525872198135198,0.0619479825174825,0.077426089044289,0.0905484624708625,0.0929183729603729,0.096671072027972
2574.48,0.0385906,0.0462728,0.0526027,0.0619156,0.0773942,0.0905066,0.0929497,0.0967002,,,0.0385852685714286,0.04626434,0.0525970085714286,0.0619187371428571,0.0773917314285714,0.0905041057142857,0.0929505057142857,0.0966932828571428,0.0385137587412587,0.0462117643356643,0.0525619715617716,0.0619299508158508,0.0774318216783217,0.0905038902097902,0.0929547615384615,0.0966569384615385
2575.45,0.0384064,0.0461777,0.0525588,0.061894,0.0774084,0.0904107,0.0930283,0.0966372,,,0.0384017285714286,0.0461756428571429,0.0525552085714286,0.0618862085714285,0.0774084857142857,0.0904169571428571,0.0930199857142857,0.0966357171428571,0.0384084526806527,0.0461552944055944,0.0525357557109557,0.0618867867132867,0.077447037995338,0.0904824324009324,0.0929703317016317,0.096652424009324
2576.41,0.0382206,0.0460539,0.0524903,0.0618395,0.0774527,0.0904021,0.093026,0.0965834,,,0.0382292742857143,0.0460610228571428,0.0524951771428571,0.0618392685714286,0.07745792,0.09041128,0.0930228714285714,0.0965941228571428,0.0383180778554779,0.046078465034965,0.0525127508158508,0.0618426337995338,0.077480344988345,0.0904676002331002,0.0929667202797203,0.0966476041958042
2577.38,0.03816,0.0459799,0.0524624,0.0617956,0.0775365,0.090489,0.0929612,0.096611,,,0.0381692485714286,0.04598134,0.0524660685714286,0.0618020628571428,0.0775369371428571,0.0904870457142857,0.0929635142857143,0.0966137942857143,0.0382810153846154,0.0460052869463869,0.0524990575757576,0.0618227783216783,0.0775201594405594,0.0904619606060606,0.0929487892773893,0.0966420347319347
2578.34,0.0382502,0.0459511,0.0524834,0.0618085,0.0776083,0.0905725,0.0928888,0.0966671,,,0.0382486057142857,0.0459468657142857,0.0524809571428571,0.0618077714285714,0.0776020257142857,0.0905605857142857,0.0928904028571428,0.0966585114285714,0.0383150123543123,0.0459663347319347,0.0525029494172494,0.0618314871794872,0.0775487512820513,0.0904900403263403,0.092919882051282,0.0966330247086247
2579.31,0.0384089,0.0459461,0.0525188,0.061849,0.0776115,0.0905765,0.0928367,0.0966662,,,0.0384066371428571,0.0459456714285714,0.0525176171428571,0.0618461885714286,0.0776080885714286,0.0905718457142857,0.0928372657142857,0.0966649314285714,0.0384072983682984,0.0459875692307692,0.0525283438228438,0.0618610543123543,0.0775638547785548,0.0905636361305361,0.0928846160839161,0.0966192055944056
2580.27,0.0385724,0.0459929,0.0525626,0.0618964,0.0775627,0.0905639,0.0928141,0.096623,,,0.0385733685714286,0.0459987457142857,0.0525654714285714,0.0618991342857143,0.0775644742857143,0.0905749314285714,0.0928167914285714,0.0966254514285714,0.0385233808857809,0.0460654221445221,0.0525657888111888,0.0619076892773893,0.077571427039627,0.0906573703962704,0.0928502249417249,0.0966030582750583
2581.23,0.0387034,0.0461245,0.0526226,0.0619628,0.0775183,0.0906519,0.0928236,0.096567,,,0.0387008285714286,0.0461309028571429,0.0526238942857143,0.0619640771428571,0.0775213942857143,0.09066444,0.09282576,0.0965642571428571,0.0386223491841492,0.0461614256410256,0.0525996034965035,0.0619623871794872,0.0775686123543123,0.0907335948717949,0.0928182062937063,0.0965774470862471
2582.2,0.0387533,0.0463057,0.0526731,0.0620284,0.077514,0.090829,0.0928364,0.0964991,,,0.0387470171428571,0.0463035742857143,0.0526686771428571,0.0620263857142857,0.0775183542857143,0.0908236257142857,0.0928322428571428,0.0965014828571428,0.0386761531468531,0.0462436610722611,0.0526283466200466,0.0620068261072261,0.0775534645687646,0.0907847382284382,0.0927847797202797,0.0965341111888112
2583.16,0.0387035,0.0464266,0.0526733,0.0620585,0.0775494,0.0909374,0.0927985,0.0964522,,,0.0387009628571428,0.0464141028571428,0.05266706,0.0620565457142857,0.0775485685714285,0.0909203514285714,0.09279268,0.0964572914285714,0.0386837680652681,0.0463077032634032,0.0526582715617716,0.0620286207459207,0.0775391074592074,0.0908252538461538,0.0927503018648018,0.0964802354312354
2584.13,0.0386087,0.0464021,0.052634,0.0620419,0.0775733,0.090882,0.0927044,0.0964314,,,0.03861434,0.0463951142857143,0.0526390142857143,0.06204082,0.0775661171428571,0.0908806371428571,0.0927052914285714,0.0964280571428571,0.0386624934731935,0.0463487289044289,0.0526834377622378,0.0620247151515151,0.0775390944055944,0.0908486606060606,0.092716172960373,0.0964225004662005
2585.09,0.0385532,0.0462929,0.0526388,0.0619902,0.0775442,0.0907666,0.0926165,0.0963824,,,0.0385588057142857,0.0463043685714286,0.0526504657142857,0.06199158,0.0775440371428571,0.0907823285714286,0.0926226971428571,0.0963790228571428,0.0386250048951049,0.0463499093240093,0.0526932023310023,0.0619905312354312,0.0775456177156177,0.0908226752913753,0.0926760587412587,0.0963514351981352
2586.06,0.0385555,0.0462412,0.0527128,0.0619276,0.0775044,0.0907109,0.0925868,0.0962899,,,0.0385551314285714,0.0462514085714286,0.0527081114285714,0.0619293485714286,0.0775120114285714,0.0907140371428571,0.09259118,0.0962920514285714,0.0385753794871795,0.0463065256410256,0.0526897699300699,0.0619282839160839,0.0775370095571095,0.0907297944055944,0.0926261319347319,0.0962596615384615
2587.02,0.0385687,0.0462554,0.052745,0.0618622,0.0774981,0.0906511,0.092595,0.096178,,,0.0385669771428571,0.04624688,0.0527325457142857,0.0618603828571428,0.0774997457142857,0.0906377371428571,0.0925915628571428,0.0961770657142857,0.0385245151515152,0.046240403030303,0.0526835009324009,0.0618582976689977,0.07750101002331,0.0905924242424243,0.0925756317016317,0.0961574981351981
2587.98,0.0385502,0.0462248,0.0526791,0.0617817,0.0774807,0.0904868,0.0925697,0.0960457,,,0.0385448514285714,0.0462162542857143,0.0526819028571428,0.0617782371428571,0.0774731485714285,0.0904814857142857,0.0925621314285714,0.0960414828571428,0.0384872920745921,0.0461819095571096,0.0526730671328671,0.0617961484848485,0.0774376263403263,0.0904484710955711,0.0925282874125874,0.0960571834498834
2588.95,0.0384775,0.0461381,0.0526041,0.061695,0.0773884,0.0902735,0.0924796,0.0959029,,,0.0384729914285714,0.0461434571428571,0.0526137771428571,0.0616993885714286,0.07738486,0.0902829371428571,0.0924823257142857,0.0959057971428571,0.0384652993006993,0.0461457990675991,0.0526423181818182,0.0617365153846154,0.0773518321678321,0.0903158731934732,0.0924696149184149,0.0959580668997669
2589.91,0.0383905,0.0460837,0.0525763,0.0616514,0.0772455,0.0901287,0.0923817,0.0958087,,,0.0383985057142857,0.0460904542857143,0.0525762914285714,0.0616596285714286,0.0772514742857143,0.0901356,0.0923891228571428,0.09581896,0.0384527088578089,0.0461277219114219,0.0525796384615385,0.0616731421911422,0.077251096037296,0.0901918755244755,0.092387596037296,0.0958577149184149
2590.88,0.0383817,0.0460875,0.0525391,0.061649,0.0771176,0.0900598,0.0923012,0.0957884,,,0.0383888657142857,0.0460846028571429,0.0525305114285714,0.0616419971428571,0.0771183114285714,0.0900546485714285,0.0922949171428571,0.0957867971428571,0.0384512953379953,0.0461154361305361,0.0524949706293706,0.0616081876456876,0.0771393874125874,0.0900762836829837,0.0922850282051282,0.0957609668997669
2591.84,0.0384502,0.0460966,0.052436,0.0615899,0.0770006,0.0899937,0.0921767,0.0957476,,,0.0384452457142857,0.0460937114285714,0.0524334114285714,0.0615796314285714,0.0769969228571428,0.0899900142857143,0.0921705542857143,0.0957333285714286,0.038464603030303,0.0460985114219114,0.0524125526806527,0.0615397144522145,0.0770180757575757,0.0899789818181818,0.092168265967366,0.095669141025641
2592.8,0.0385115,0.0460919,0.0523107,0.0614579,0.0768821,0.0899174,0.0920201,0.0956106,,,0.0385091171428571,0.0460968971428571,0.0523173857142857,0.0614657514285714,0.0768863857142857,0.0899219171428571,0.0920292714285714,0.09561114,0.0384867076923077,0.0460716284382284,0.052343868997669,0.0614607601398601,0.076895275058275,0.0899035832167832,0.0920433939393939,0.0955773272727273
2593.77,0.0385389,0.046088,0.0522371,0.0613566,0.0767926,0.0898609,0.091915,0.0954682,,,0.0385408114285714,0.0460871685714285,0.0522399114285714,0.0613632342857143,0.0767941342857143,0.0898608142857143,0.0919186942857143,0.0954798485714285,0.0385013060606061,0.0460345832167832,0.0522818027972028,0.0613721682983683,0.076783127972028,0.0898432675990676,0.0919208603729604,0.0954918438228438
2594.73,0.0385335,0.0460412,0.0522111,0.061298,0.0767126,0.0898015,0.091838,0.0954049,,,0.0385313142857143,0.0460301428571429,0.0522094457142857,0.0612898314285714,0.0767062914285714,0.0897958257142857,0.0918282285714285,0.0954005971428571,0.0384869484848485,0.0459893137529137,0.0522238221445221,0.0612874107226107,0.0766859869463869,0.0897932277389277,0.0918122578088578,0.0954334538461539
2595.7,0.0384741,0.0459175,0.0521958,0.0612167,0.0766047,0.0897175,0.0917226,0.0953693,,,0.0384712457142857,0.04591786,0.0521948657142857,0.0612125857142857,0.0766040057142857,0.0897181085714286,0.0917201571428571,0.0953618257142857,0.0384340997668998,0.0459387848484848,0.0521797850815851,0.0612254505827506,0.0766010797202797,0.0897482219114219,0.0917266396270396,0.0954169547785548
2596.66,0.038365,0.0458119,0.0521736,0.0611426,0.0765051,0.0896534,0.0916163,0.0953602,,,0.0383638085714286,0.0458257428571429,0.05217186,0.0611509571428571,0.0765104314285714,0.0896619971428571,0.0916259342857143,0.0953721914285714,0.0383587284382284,0.0458915212121212,0.0521546972027972,0.0611988643356643,0.07653041002331,0.0896955377622378,0.0916676643356643,0.0954418058275058
2597.63,0.0382438,0.0458152,0.0521378,0.0611536,0.0764581,0.0896466,0.0915951,0.0954636,,,0.0382453171428571,0.0458163571428571,0.0521379285714286,0.0611600285714286,0.0764594628571428,0.0896492742857143,0.0915991971428571,0.0954735942857143,0.038285541958042,0.0458568871794872,0.0521372403263403,0.0612022044289044,0.0764815613053613,0.0896276631701632,0.0916278986013986,0.0954919976689977
2598.59,0.038162,0.0458567,0.052102,0.0612301,0.0764458,0.0896342,0.0916226,0.0956256,,,0.03816746,0.0458467057142857,0.0521043228571428,0.0612247342857143,0.0764419771428571,0.0896221142857143,0.0916155285714286,0.0956127085714286,0.0382268442890443,0.0458367331002331,0.0521111629370629,0.0612179121212121,0.0764581,0.0895548417249417,0.0915973643356643,0.0955381692307692
2599.55,0.0381534,0.0458522,0.0520783,0.0612775,0.0764344,0.0895221,0.0916146,0.0956757,,,0.0381559457142857,0.04585346,0.0520785485714286,0.0612717142857143,0.0764344942857143,0.0895143514285714,0.0916106314285714,0.0956640428571428,0.0381867505827506,0.0458270438228438,0.0520743778554779,0.0612337132867133,0.0764543144522144,0.0894905918414918,0.0915778247086247,0.0955610163170163
2600.52,0.0381881,0.0458341,0.0520517,0.0612638,0.0764347,0.0893572,0.0915694,0.0955938,,,0.0381846542857143,0.0458393542857143,0.0520494457142857,0.0612667228571428,0.0764409142857143,0.08936884,0.0915729657142857,0.0955989685714286,0.0381673303030303,0.0458167745920746,0.0520371116550116,0.0612380354312354,0.0764526491841492,0.0894292386946387,0.0915699713286713,0.0955613491841492
2601.48,0.0382065,0.0458201,0.0520043,0.0612245,0.0764564,0.0892768,0.0915316,0.0954958,,,0.0382029857142857,0.0458158142857143,0.0520017971428571,0.0612262485714286,0.0764559114285714,0.08928796,0.0915333914285714,0.09550042,0.0381649186480186,0.045791020979021,0.0520040048951049,0.0612099160839161,0.0764277009324009,0.0893511172494172,0.0915543461538462,0.0955376312354312
2602.45,0.0381892,0.0457666,0.0519445,0.061161,0.0764367,0.0892824,0.0915042,0.0954373,,,0.0381890542857143,0.0457621857142857,0.0519479457142857,0.0611581285714286,0.0764288228571428,0.0892760742857143,0.0915046285714285,0.0954380971428571,0.0381702696969697,0.0457499333333333,0.0519692023310023,0.0611356235431235,0.0763621235431235,0.0892514836829837,0.091507813986014,0.09549018997669
2603.41,0.0381578,0.04568,0.0519099,0.0610543,0.0763185,0.0892453,0.0914693,0.09542,,,0.0381595228571428,0.04568252,0.05191488,0.0610525857142857,0.0763159542857143,0.0892342342857143,0.0914694971428571,0.0954216714285714,0.0381696655011655,0.045707786013986,0.0519257417249417,0.061028751048951,0.0762583258741259,0.0891541780885781,0.0914324934731935,0.0954452722610723
2604.38,0.0381356,0.0456182,0.0518979,0.0609189,0.0761366,0.0891106,0.091404,0.0954363,,,0.0381371771428571,0.0456236171428571,0.0518931685714286,0.0609183942857143,0.07613846,0.0891084657142857,0.0913982228571428,0.0954335571428571,0.038153151981352,0.0456674491841492,0.05187282004662,0.0609214909090909,0.0761339641025641,0.0890831538461538,0.0913524424242424,0.0954358750582751
2605.34,0.0381258,0.0456097,0.0518478,0.0607893,0.0759555,0.0889525,0.0912831,0.0954591,,,0.0381264171428571,0.04561234,0.0518428628571428,0.0607905428571428,0.0759567942857143,0.08895994,0.0912790028571429,0.0954582257142857,0.0381285291375291,0.0456228184149184,0.0518154850815851,0.0608379876456876,0.0760097216783217,0.0890280284382284,0.0912869156177156,0.0954661009324009
2606.3,0.0381132,0.0456198,0.0517541,0.0607059,0.075818,0.0888701,0.0911488,0.0954933,,,0.0381100714285714,0.0456143485714286,0.0517571771428571,0.0607102628571428,0.0758213257142857,0.0888797771428571,0.0911557771428571,0.0954971571428571,0.0381089762237762,0.0455809459207459,0.0517569491841492,0.0607814198135198,0.0759008494172494,0.0889605426573427,0.0912340927738928,0.0955151596736597
2607.27,0.0380754,0.045583,0.0516689,0.0606946,0.0757518,0.0888757,0.0910911,0.095554,,,0.0380740542857143,0.04557652,0.0516715914285714,0.06069898,0.0757565057142857,0.0888749628571428,0.0911009914285714,0.0955546257142857,0.0380864221445221,0.0455503088578088,0.0516923018648019,0.0607410268065268,0.0758108431235431,0.0888726757575758,0.0911751892773893,0.0955597216783217
2608.23,0.0380265,0.0454974,0.0516084,0.0607304,0.0757458,0.0888687,0.0911186,0.0956113,,,0.0380334857142857,0.0455020971428571,0.0516088457142857,0.0607297142857143,0.0757467857142857,0.0888582,0.09111872,0.0956097228571428,0.0380385925407925,0.0455199657342657,0.0516177391608392,0.0607018766899767,0.0757291093240093,0.0887759275058275,0.0910946995337995,0.0955833435897436
2609.2,0.0379963,0.0454367,0.0515574,0.0607372,0.075734,0.0887571,0.0911245,0.095628,,,0.0379972771428571,0.0454447314285714,0.05155596,0.0607301285714286,0.0757282657142857,0.0887523,0.0911129542857143,0.09562554,0.0379587536130536,0.045472196969697,0.0515446048951049,0.0606504624708625,0.0756432487179487,0.0886763135198135,0.0909989002331002,0.0955800358974359
2610.16,0.0379331,0.0454198,0.0514955,0.0606469,0.0756389,0.0885714,0.0910006,0.0955853,,,0.0379211942857143,0.04541614,0.0514918657142857,0.0606412428571428,0.07563014,0.0885748285714285,0.0909899457142857,0.0955819657142857,0.0378598328671329,0.0454016319347319,0.0514862699300699,0.0605756941724942,0.0755492948717949,0.0885677431235431,0.0909044974358974,0.0955484731934732
2611.12,0.0377738,0.0453719,0.0514191,0.0604739,0.0754499,0.0883981,0.0907734,0.0954931,,,0.0377700714285714,0.0453641771428571,0.0514211657142857,0.0604766428571428,0.0754493942857143,0.0884021114285714,0.0907784571428571,0.0954945914285714,0.0377559489510489,0.0453172431235431,0.0514365354312354,0.0604691925407925,0.0754467876456876,0.0884488347319347,0.0908125916083916,0.0954861314685315
2612.09,0.0375942,0.0452609,0.051367,0.0602986,0.0752586,0.0882837,0.0905937,0.0954002,,,0.0376058228571428,0.0452619114285714,0.0513732142857143,0.0603038885714286,0.07526862,0.08828556,0.0906077828571428,0.09540392,0.0376567153846154,0.0452360165501165,0.0513849780885781,0.0603352037296037,0.0753398911421911,0.0883384344988345,0.0907141962703963,0.095406482983683
2613.05,0.0375136,0.0451448,0.0513539,0.0601694,0.0751625,0.0882279,0.0905533,0.095338,,,0.0375190514285714,0.0451480571428571,0.0513508057142857,0.0601691942857143,0.0751672142857143,0.0882267685714286,0.0905563942857143,0.0953349142857143,0.0375735587412587,0.0451719090909091,0.0513370554778555,0.0601999498834499,0.0752397538461538,0.0882625181818182,0.0906168407925408,0.0953472461538462
2614.02,0.0375157,0.0450698,0.051322,0.060073,0.0751422,0.0882087,0.0905797,0.0952945,,,0.0375084485714286,0.0450701342857143,0.0513142085714286,0.0600697,0.0751374685714286,0.0882092314285714,0.0905705542857143,0.0952908057142857,0.0375222706293706,0.0451280769230769,0.05130052004662,0.060097848951049,0.0751547347319347,0.0882261184149184,0.090545320979021,0.0953423249417249
2614.98,0.0375206,0.0450441,0.0512496,0.0599985,0.0751233,0.0882173,0.0905643,0.0952937,,,0.0375176171428571,0.04504704,0.0512537914285714,0.0600002571428571,0.0751227685714286,0.0882208657142857,0.0905591657142857,0.0953015514285714,0.0375164321678322,0.045100251981352,0.0512716682983683,0.0600412673659674,0.0750870368298368,0.088211758974359,0.090513234965035,0.0953938123543123
2615.95,0.037533,0.045072,0.0512059,0.0599735,0.0750866,0.0882387,0.0905052,0.0954027,,,0.0375390171428571,0.0450759857142857,0.0512142228571428,0.05998022,0.0750866085714286,0.0882357171428571,0.0905095542857143,0.0954132428571428,0.0375515424242424,0.045082651981352,0.0512404319347319,0.0600113300699301,0.075035851981352,0.0882005951048951,0.0905030498834499,0.0954734993006993
2616.91,0.0375924,0.0451235,0.0512112,0.0600051,0.0750191,0.0882163,0.0904604,0.095597,,,0.03759504,0.0451202342857143,0.0512074714285714,0.0600059314285714,0.0750128685714286,0.0882096742857143,0.0904647628571428,0.0955933142857143,0.0376026657342657,0.045068558041958,0.0511991144522145,0.0599822044289044,0.074993741025641,0.0881783459207459,0.0904819412587412,0.0955453680652681
2617.87,0.0376681,0.0451221,0.0511887,0.060022,0.0749077,0.0881283,0.0904371,0.0957291,,,0.0376633771428571,0.0451134342857143,0.0511816542857143,0.0600126571428571,0.0749087457142857,0.0881308028571429,0.0904350685714286,0.0957157971428571,0.0376456713286713,0.0450496289044289,0.0511491470862471,0.0599434682983683,0.0749460074592075,0.0881300389277389,0.0904339198135198,0.0955876032634032
2618.84,0.0376986,0.0450294,0.0511051,0.0599432,0.074812,0.0880302,0.0903916,0.0956945,,,0.0376953085714286,0.0450281742857143,0.0511064971428571,0.0599374571428571,0.07482178,0.0880367314285714,0.0903876571428571,0.0956884914285714,0.0376692766899767,0.0450154529137529,0.051094968997669,0.0598938286713287,0.0748770634032634,0.0880466407925408,0.090366596969697,0.0955926662004662
2619.8,0.0376775,0.0449081,0.0510093,0.0597967,0.0747794,0.0879483,0.0903039,0.0955439,,,0.0376804657142857,0.0449165428571428,0.0510137314285714,0.0598030685714286,0.0747819885714286,0.0879457285714286,0.0903043628571428,0.0955488285714285,0.037664927039627,0.0449542466200466,0.0510291755244755,0.0598252608391608,0.0747772386946387,0.0879317594405594,0.0902908226107226,0.0955547242424242
2620.77,0.0376368,0.0448352,0.0509339,0.0596775,0.0747432,0.0878327,0.0902,0.0953981,,,0.0376387628571428,0.0448392371428571,0.0509349628571429,0.0596845628571429,0.0747343371428571,0.0878257057142857,0.09020228,0.0954053685714286,0.0376217853146853,0.0448626916083916,0.0509391391608392,0.0597258207459207,0.0746513354312354,0.0877978724941725,0.0902057319347319,0.0954750606060606
2621.73,0.0375739,0.0447892,0.0508598,0.0596063,0.0746065,0.0876635,0.0901005,0.0953204,,,0.0375695371428571,0.0447829171428571,0.0508565171428571,0.0596040971428571,0.0745966942857143,0.0876650342857143,0.0901000628571428,0.0953217971428571,0.0375403825174825,0.0447563538461538,0.0508299470862471,0.0595986916083916,0.0745182853146853,0.087661020979021,0.0901054482517482,0.0953763710955711
2622.7,0.0374633,0.0447015,0.0507555,0.0595214,0.0743758,0.0875024,0.0899994,0.0952893,,,0.0374605057142857,0.0446958,0.0507517371428571,0.0595146628571429,0.0743778571428571,0.0875080914285714,0.08999892,0.09528618,0.0374439885780886,0.0446620130536131,0.0507256375291375,0.0594700403263403,0.0743939627039627,0.0875353470862471,0.0899945062937063,0.0952946911421911
2623.66,0.0373304,0.0445768,0.0506278,0.0593868,0.074172,0.0873932,0.0898958,0.095267,,,0.0373324828571429,0.0445795428571428,0.0506287685714286,0.0593843657142857,0.0741836485714286,0.0873921542857143,0.0898956885714285,0.0952662114285714,0.0373628606060606,0.0445952445221445,0.0506447710955711,0.0593671358974359,0.0742797636363636,0.0874272655011655,0.089888241958042,0.0952539463869464
2624.62,0.0372332,0.0444863,0.0505274,0.0592451,0.074092,0.0873133,0.0897944,0.0952521,,,0.0372364485714286,0.0444921542857143,0.0505313685714286,0.0592493428571428,0.0740965257142857,0.0873115257142857,0.0897927542857143,0.0952525457142857,0.0373061871794872,0.0445486995337995,0.0505859046620047,0.0592924303030303,0.0741735778554779,0.0873349104895105,0.0897982400932401,0.0952519675990676
2625.59,0.0372054,0.0444692,0.0504937,0.0591673,0.0740968,0.0872523,0.0897012,0.0952524,,,0.0372107828571428,0.0444718228571429,0.05049814,0.0591741914285714,0.0740926942857143,0.08725674,0.08970276,0.0952526828571428,0.0372630834498834,0.0445089843822844,0.0505420104895105,0.0592351995337995,0.0740858564102564,0.0872562256410257,0.0897270477855478,0.0952707496503497
2626.55,0.0372428,0.0444964,0.0505198,0.0591749,0.0740946,0.0872205,0.0896414,0.0952705,,,0.03724436,0.0444943942857143,0.0505197742857143,0.0591756028571428,0.0740899285714285,0.0872206028571428,0.0896449142857143,0.0952728314285714,0.0372267431235431,0.0444778097902098,0.0505166324009324,0.0591960177156177,0.0740320370629371,0.08719318997669,0.0896746081585082,0.0952928067599067
2627.52,0.0372784,0.0445082,0.050547,0.059209,0.0740415,0.0871764,0.089622,0.0953057,,,0.0372691342857143,0.0445027742857143,0.05053974,0.0592021342857143,0.0740373685714286,0.0871677857142857,0.0896213142857143,0.0953062914285714,0.0371970675990676,0.0444596904428904,0.0505088351981352,0.0591775515151515,0.0740030065268065,0.0871408624708625,0.0896362864801865,0.0953039811188811
2628.48,0.037227,0.0444683,0.0505169,0.0592025,0.0739481,0.0870773,0.089609,0.0953301,,,0.0372206828571429,0.0444667142857143,0.0505154514285714,0.0592013,0.0739517171428571,0.08707736,0.0896076542857143,0.0953280771428571,0.03716667995338,0.0444412648018648,0.0504925713286713,0.0591677783216783,0.0739633025641026,0.0870836454545455,0.0895948731934732,0.0952919013986014
2629.45,0.0371115,0.0444037,0.0504558,0.0591684,0.0738732,0.086981,0.0895764,0.0953089,,,0.03711804,0.0444092114285714,0.0504643542857143,0.0591732771428571,0.0738811371428571,0.0869919457142857,0.0895772657142857,0.0953066542857143,0.0371272995337995,0.0444066752913753,0.0504395876456876,0.0591499289044289,0.0738929487179487,0.0870119657342657,0.0895319184149184,0.0952536554778555
2630.41,0.0370285,0.0443599,0.0504069,0.0591337,0.0738334,0.0869446,0.0895139,0.0952309,,,0.0370335571428571,0.0443599514285714,0.0504043285714286,0.0591304942857143,0.0738275714285714,0.0869432371428571,0.0895115085714285,0.0952273342857143,0.037080589044289,0.0443614006993007,0.050356565967366,0.059117744988345,0.0738078156177156,0.086931868997669,0.0894509163170163,0.0951992072261072
2631.37,0.0369983,0.0443181,0.0503136,0.0590685,0.0737527,0.0868975,0.0894011,0.0951111,,,0.0369952485714286,0.0443114828571428,0.0502994742857143,0.0590638285714286,0.0737434257142857,0.0868854914285714,0.0893938914285714,0.0951109285714286,0.0370314044289044,0.0443229034965035,0.0502742655011655,0.0590736876456876,0.0737286438228438,0.086855551981352,0.0893715004662005,0.0951378207459207
2632.34,0.0369822,0.0442589,0.0501493,0.0589803,0.0736231,0.086785,0.0892455,0.0950061,,,0.0369828257142857,0.0442620971428571,0.0501527457142857,0.0589861028571428,0.0736305314285714,0.0867869371428571,0.0892459628571428,0.0950132485714286,0.0369849710955711,0.0442986648018648,0.0502129783216783,0.059019334965035,0.0736567475524475,0.0867909752913753,0.0893032037296037,0.095070686013986
2633.3,0.0369771,0.0442401,0.0500522,0.0589311,0.0735448,0.0866925,0.0891387,0.0949745,,,0.0369796971428571,0.0442490657142857,0.0500713914285714,0.0589370914285714,0.0735541,0.0867034628571428,0.0891532714285714,0.0949792485714285,0.0369498522144522,0.0442821382284382,0.0501744918414918,0.0589522794871795,0.073584465034965,0.0867389738927739,0.0892436414918415,0.0950039596736597
2634.27,0.0369726,0.0442822,0.0501203,0.0589152,0.0735313,0.0866828,0.0891669,0.0949915,,,0.0369669,0.0442799028571429,0.0501217914285714,0.0589107,0.0735251885714286,0.0866816942857143,0.0891722142857143,0.0949853971428571,0.0369301986013986,0.044262227972028,0.0501523862470862,0.0588742489510489,0.0735096962703963,0.0866973298368298,0.0891952811188811,0.0949540368298368
2635.23,0.036928,0.0443011,0.0502277,0.058857,0.0734876,0.0866908,0.0892463,0.0949769,,,0.0369235428571429,0.0442921685714286,0.0502119885714286,0.0588485657142857,0.0734791314285714,0.0866826314285714,0.0892311971428571,0.0949693228571429,0.0369222305361305,0.0442347766899767,0.0501445902097902,0.058798524009324,0.0734410731934732,0.0866699440559441,0.0891673034965035,0.0949339466200466
2636.19,0.0368691,0.0442395,0.0502311,0.0587334,0.07339,0.0866643,0.0892311,0.0949217,,,0.03687606,0.0442378114285714,0.0502268314285714,0.0587331771428571,0.0733931542857143,0.0866650885714286,0.0892235828571428,0.0949254971428571,0.0369222207459207,0.0442051363636364,0.0501569293706294,0.0587387867132867,0.0733908421911422,0.0866647925407926,0.0891642694638694,0.0949418244755245
2637.16,0.0368737,0.0441443,0.0501705,0.0586197,0.0733136,0.0866464,0.0891517,0.0949053,,,0.03688042,0.04414916,0.0501774685714286,0.0586287428571428,0.0733200028571429,0.08665312,0.0891616514285714,0.0949134257142857,0.0369271575757576,0.0441740470862471,0.0501823097902098,0.0586924736596737,0.0733568594405594,0.0866759606060606,0.0891775762237762,0.0949624326340326
2638.12,0.0369384,0.0440821,0.0501357,0.0585938,0.0732967,0.086671,0.0891262,0.0949628,,,0.0369348085714286,0.0440858285714286,0.0501388885714286,0.0585988228571429,0.0732964257142857,0.0866712742857143,0.0891317371428571,0.0949624657142857,0.0369304983682984,0.0441311177156177,0.050190168997669,0.0586480953379953,0.073325431002331,0.0866798585081585,0.0891856118881119,0.0949815764568765
2639.09,0.0369814,0.0440628,0.0501352,0.0586281,0.0733029,0.0866936,0.0891566,0.0950345,,,0.0369758714285714,0.0440630914285714,0.0501363485714286,0.0586233,0.07330074,0.0866890914285714,0.0891535314285714,0.0950295714285714,0.0369275797202797,0.0440738685314685,0.0501599013986014,0.0586051137529138,0.0732954254079254,0.0866590258741259,0.0891713114219114,0.0949987734265734
2640.05,0.0369628,0.0440528,0.0501403,0.0586364,0.073299,0.0866665,0.0891803,0.0950646,,,0.0369624828571428,0.04405004,0.0501393571428571,0.05863082,0.07329828,0.0866652057142857,0.0891785342857143,0.0950621228571428,0.0369180403263403,0.0440194163170163,0.0501055086247086,0.0585744944055944,0.073276596037296,0.0866184766899767,0.0891431652680653,0.095020523076923
2641.02,0.0369072,0.0440151,0.0501089,0.0585885,0.073277,0.0865946,0.0891705,0.0950548,,,0.0369078171428571,0.04401084,0.0501025571428571,0.0585874371428571,0.07327562,0.08659358,0.0891683485714286,0.0950553142857143,0.0368976710955711,0.0439832431235431,0.0500472417249417,0.0585591365967366,0.0732635505827506,0.0865696799533799,0.0891211428904429,0.0950434251748252
2641.98,0.0368429,0.0439449,0.0500099,0.0585193,0.0732373,0.0864979,0.089121,0.0950357,,,0.0368429771428571,0.0439449942857143,0.0500073028571428,0.0585217857142857,0.0732385085714286,0.0864965714285714,0.0891177771428571,0.0950375857142857,0.0368621634032634,0.0439571878787879,0.0499859268065268,0.0585444801864802,0.0732366149184149,0.0865136160839161,0.0891063032634032,0.095052996969697
2642.94,0.036791,0.0438871,0.0498862,0.0584761,0.0731964,0.0864083,0.0890507,0.0950319,,,0.0367933314285714,0.0438941885714286,0.04989196,0.0584809428571428,0.0731988428571428,0.0864133228571428,0.0890536228571428,0.09503376,0.0368211174825175,0.0439242389277389,0.049921141958042,0.0585175944055944,0.0731897121212121,0.0864532892773893,0.0890869044289044,0.0950456212121212
2643.91,0.0367717,0.0438855,0.049811,0.0584772,0.0731567,0.0863732,0.0890161,0.095046,,,0.0367728142857143,0.0438878485714286,0.0498142914285714,0.0584774571428571,0.0731531342857143,0.0863768514285714,0.0890225028571428,0.0950453228571428,0.0367919013986014,0.0438864391608392,0.0498637657342657,0.0584847876456876,0.0731367167832168,0.0864048972027972,0.089063558041958,0.095039096037296
2644.87,0.036778,0.0439012,0.0497903,0.0584844,0.0730921,0.0863814,0.0890396,0.0950589,,,0.0367764571428571,0.0438919942857143,0.0497881657142857,0.0584788971428571,0.07308844,0.0863761971428571,0.0890387342857143,0.0950546914285714,0.0367820153846154,0.0438626997668998,0.0498219247086247,0.058459758041958,0.0730917107226107,0.0863809797202797,0.0890481375291375,0.095050351048951
2645.84,0.0367899,0.0438679,0.0497917,0.0584565,0.0730181,0.0863791,0.0890689,0.0950594,,,0.0367902514285714,0.0438642828571428,0.0497931228571429,0.05845596,0.0730230971428571,0.0863779,0.0890629685714286,0.0950604542857143,0.036788162004662,0.0438658529137529,0.049796282983683,0.0584453857808858,0.073058572027972,0.0863759855477855,0.0890459358974359,0.095078931002331
2646.8,0.0368054,0.0438267,0.0498077,0.0584165,0.0729929,0.0863732,0.0890618,0.0950854,,,0.03680576,0.04383648,0.0498089428571429,0.0584204,0.0729981971428571,0.0863784285714286,0.08906228,0.0950923171428571,0.0368026657342657,0.0438886125874126,0.0497833470862471,0.0584303184149184,0.0730337428904429,0.0863728713286713,0.0890490815850816,0.0951163051282051
2647.77,0.0368184,0.0438609,0.0498142,0.0583937,0.0730164,0.0863846,0.0890453,0.0951625,,,0.0368174314285714,0.04386654,0.0498089971428571,0.0583943085714285,0.0730137771428571,0.0863836314285714,0.0890500742857143,0.0951610428571428,0.0368147181818182,0.0439077414918415,0.049773248018648,0.0583983557109557,0.0730109997668998,0.0863567081585082,0.0890455293706294,0.0951574303030303
2648.73,0.0368186,0.0439397,0.0497726,0.0583719,0.0730267,0.0863732,0.0890408,0.0952356,,,0.0368193885714286,0.04393478,0.0497704057142857,0.0583707,0.0730226285714286,0.0863675685714286,0.08903894,0.0952293514285714,0.0368140545454545,0.0439040165501165,0.0497546494172494,0.0583475494172494,0.0729868328671329,0.0863279256410256,0.0890293965034965,0.0952024701631702
2649.69,0.036807,0.0439665,0.049705,0.0583278,0.0729925,0.0863102,0.089014,0.0952666,,,0.0368068714285714,0.0439600371428571,0.0497091742857143,0.0583245514285714,0.07299166,0.0863077914285714,0.0890086942857143,0.0952672171428571,0.0367945016317016,0.0438790666666667,0.0497229242424242,0.0582964179487179,0.0729595606060606,0.0863005745920746,0.0890012515151515,0.0952523988344988
2650.66,0.0367754,0.0439021,0.0496591,0.0582521,0.07293,0.0862325,0.0889523,0.0952903,,,0.0367737714285714,0.0438988342857143,0.0496614571428571,0.0582490571428571,0.0729310714285714,0.0862362371428571,0.0889552142857143,0.0952934457142857,0.0367543470862471,0.0438451475524475,0.0496787065268065,0.0582598102564102,0.0729246685314685,0.0862816818181818,0.0889645916083916,0.0953029962703963
2651.62,0.0367171,0.0437827,0.0496339,0.0581734,0.0728652,0.0862051,0.088905,0.0953343,,,0.0367169628571428,0.0437844571428571,0.0496321085714286,0.05817922,0.0728660742857143,0.0862129257142857,0.08891058,0.0953350285714285,0.0366998585081585,0.0438045818181818,0.0496274533799534,0.0582306815850816,0.0728797412587413,0.0862654857808858,0.0889231846153846,0.095347334032634
2652.59,0.0366444,0.0436826,0.0496009,0.0581558,0.0728116,0.0862494,0.0888874,0.0953895,,,0.0366433285714286,0.0436885571428571,0.0495982857142857,0.05816348,0.0728115314285714,0.0862491171428571,0.0888836114285714,0.0953883428571429,0.0366440331002331,0.0437551263403263,0.0495820216783217,0.0581973533799534,0.0728309547785548,0.0862505219114219,0.0888776181818182,0.0953876993006993
2653.55,0.0365712,0.0436556,0.0495525,0.0581955,0.0727725,0.0862955,0.0888497,0.0954383,,,0.0365712085714286,0.0436594228571429,0.04955202,0.0581910085714286,0.0727734771428571,0.0862867828571428,0.0888453628571428,0.0954363885714286,0.0365965184149184,0.0437077832167832,0.0495526811188811,0.058161410955711,0.0727881023310023,0.0862440018648018,0.0888289571095571,0.0954338682983683
2654.52,0.0365239,0.043686,0.0495116,0.0581991,0.072752,0.0862768,0.0887863,0.0954766,,,0.0365284171428571,0.0436834457142857,0.0495145142857143,0.0581895257142857,0.07275326,0.0862752742857143,0.08879002,0.0954777571428571,0.0365609801864802,0.0436800447552448,0.049536572027972,0.0581306286713287,0.0727555300699301,0.0862465655011655,0.0887842482517482,0.0954849347319347
2655.48,0.0365288,0.0437135,0.0495067,0.0581256,0.0727428,0.0862284,0.0887422,0.0955226,,,0.03653018,0.04370876,0.0495091,0.05812614,0.072741,0.08623362,0.0887434857142857,0.0955255828571428,0.036541072960373,0.0436769188811189,0.0495275974358974,0.0581081505827506,0.0727311107226107,0.0862450326340326,0.0887499305361305,0.0955298414918415
2656.44,0.0365595,0.0437076,0.0495323,0.0580457,0.0727229,0.0862032,0.088719,0.095581,,,0.0365554371428571,0.0437080028571429,0.0495306457142857,0.05805284,0.07272152,0.0862052314285714,0.0887160685714285,0.0955798514285714,0.0365403342657343,0.0436875396270396,0.049528303030303,0.0580897142191142,0.0727105256410256,0.0862242426573426,0.0887268582750583,0.0955656832167832
2657.41,0.0365735,0.0436931,0.0495549,0.0580238,0.0726913,0.0861932,0.0887033,0.0956217,,,0.0365716571428571,0.04369586,0.0495521057142857,0.0580255914285714,0.0726923885714286,0.0861914514285714,0.0887047742857143,0.0956174228571428,0.0365568668997669,0.0436958107226107,0.0495427762237762,0.0580693629370629,0.0726907445221445,0.0861846419580419,0.088719065034965,0.0955985
2658.37,0.0365757,0.0436901,0.0495603,0.058041,0.0726631,0.0861667,0.0887159,0.095628,,,0.0365778942857143,0.0436895171428571,0.0495610714285714,0.05803878,0.0726636657142857,0.08616346,0.0887184371428571,0.0956277942857143,0.0365827342657343,0.0436937020979021,0.0495645566433566,0.0580507662004662,0.07267028997669,0.0861428489510489,0.08873542004662,0.0956313216783217
2659.34,0.0365925,0.0436865,0.0495669,0.0580575,0.0726407,0.0861124,0.0887604,0.0956331,,,0.0365947971428571,0.0436850428571429,0.0495702342857143,0.0580566857142857,0.0726405285714286,0.0861117571428571,0.0887591828571428,0.0956381485714286,0.0366075948717949,0.0436864244755245,0.0495779242424242,0.0580429881118881,0.0726486135198135,0.0861104466200466,0.0887746888111888,0.0956609776223776
2660.3,0.0366247,0.043677,0.0495841,0.0580594,0.0726199,0.0860568,0.0888108,0.0956726,,,0.0366236457142857,0.0436774457142857,0.0495840485714286,0.0580591171428571,0.0726201571428571,0.08606052,0.0888102257142857,0.0956739028571428,0.0366233743589744,0.0436834256410256,0.0495702902097902,0.0580409993006993,0.0726251895104895,0.086083437995338,0.0888188825174825,0.0956838053613053
2661.26,0.0366463,0.0436733,0.0495824,0.0580423,0.0725985,0.0860339,0.0888553,0.0957232,,,0.0366442942857143,0.0436746371428571,0.0495782942857143,0.0580421628571428,0.0725986714285714,0.086036,0.0888579657142857,0.0957192314285714,0.0366295326340326,0.0436872018648019,0.0495437037296037,0.0580263412587413,0.0725971722610722,0.0860566207459208,0.0888470745920746,0.0957038198135198
2662.23,0.0366436,0.0436819,0.0495329,0.0580051,0.0725713,0.0860343,0.0888888,0.0957464,,,0.03664408,0.0436827057142857,0.0495304314285714,0.0580051085714286,0.0725714714285714,0.0860320971428571,0.0888885514285714,0.09574442,0.0366303678321678,0.0436920102564103,0.0495111773892774,0.0579896778554779,0.0725594074592074,0.0860326734265734,0.0888485815850816,0.0957307400932401
2663.19,0.0366263,0.0436937,0.0494546,0.0579483,0.0725311,0.0860241,0.0888751,0.09575,,,0.0366257685714286,0.0436928342857143,0.0494562028571428,0.0579464314285714,0.0725299,0.0860223514285714,0.0888681742857143,0.0957515857142857,0.036625434965035,0.0436892207459207,0.049480258041958,0.0579378421911422,0.0725104191142191,0.0860137358974359,0.0888215778554778,0.0957656424242424
2664.16,0.0365985,0.0436902,0.0493953,0.0578723,0.0724687,0.0859951,0.0887809,0.0957649,,,0.0365984742857143,0.04368966,0.0493999971428571,0.05787188,0.0724667542857143,0.0859962571428571,0.0887783885714285,0.09576814,0.0366081703962704,0.0436714109557109,0.049446517948718,0.0578800941724942,0.0724553713286713,0.0859927776223776,0.0887669627039627,0.0957949538461538
2665.12,0.0365705,0.043663,0.0493841,0.0577993,0.0723889,0.0859595,0.0886537,0.0958035,,,0.0365733371428571,0.0436628542857143,0.0493870228571429,0.0578025057142857,0.0723894228571429,0.0859610171428571,0.0886612,0.0958051285714286,0.0365761932400932,0.0436365307692308,0.0494054988344988,0.0578222573426573,0.0724017738927739,0.0859571529137529,0.0886896265734266,0.0958054025641026
2666.09,0.0365529,0.04361,0.0493953,0.0577564,0.0723192,0.085916,0.0885703,0.0958404,,,0.0365521028571428,0.0436077028571428,0.04939152,0.0577576771428571,0.0723218485714286,0.0859149628571428,0.0885736171428571,0.0958370914285714,0.036539679020979,0.0435909990675991,0.0493630920745921,0.0577720783216783,0.0723547601398601,0.0859010965034965,0.0886033424242424,0.0958012009324009
2667.05,0.0365232,0.0435308,0.0493691,0.0577333,0.072281,0.0858456,0.08852,0.0958312,,,0.0365186142857143,0.0435295057142857,0.04936352,0.0577306685714286,0.0722827142857143,0.0858427028571428,0.0885139828571428,0.0958260485714286,0.036512351981352,0.0435438533799534,0.0493260818181818,0.0577366011655012,0.0723132547785548,0.0858291074592075,0.0885249407925408,0.0957940629370629
2668.01,0.0364682,0.0434518,0.0492898,0.0577048,0.0722648,0.0857414,0.0884534,0.0957701,,,0.0364687828571428,0.0434556828571429,0.0492906485714286,0.0577041657142857,0.0722647914285714,0.0857414685714285,0.0884524057142857,0.0957705114285714,0.036493613986014,0.0434970713286713,0.0492872904428904,0.0577122044289044,0.0722666526806527,0.0857453594405594,0.088461282051282,0.0957817755244755
2668.98,0.0364282,0.0434145,0.0492068,0.0576764,0.0722411,0.0856303,0.0883913,0.0957114,,,0.0364352628571429,0.0434191885714286,0.0492125942857143,0.0576801114285714,0.0722402257142857,0.0856340542857143,0.0883981142857143,0.0957188657142857,0.0364695878787879,0.0434471,0.0492331237762238,0.0576847128205128,0.0722027107226107,0.0856489948717949,0.0884072892773893,0.0957543277389278
2669.94,0.0364367,0.0434151,0.0491596,0.057661,0.0721805,0.0855384,0.0883661,0.0957046,,,0.0364392285714286,0.0434134457142857,0.0491607485714286,0.0576619942857143,0.0721778428571428,0.0855391457142857,0.0883662628571428,0.0957069485714286,0.0364315517482517,0.0433948815850816,0.0491652473193473,0.0576425708624708,0.0721223046620047,0.0855420447552448,0.08835428997669,0.0957145874125874
2670.91,0.0364448,0.0433951,0.0491201,0.0576282,0.0720638,0.085448,0.0883307,0.0957121,,,0.0364359285714286,0.04338838,0.04911374,0.0576224228571428,0.07205876,0.08544422,0.0883226342857143,0.0957035971428571,0.0363830072261072,0.0433448911421911,0.0491010009324009,0.0575843939393939,0.0720352459207459,0.0854320867132867,0.0882954923076923,0.0956759566433566
2671.87,0.0363741,0.0433153,0.0490468,0.057536,0.0719028,0.0853327,0.0882361,0.0956689,,,0.0363679028571429,0.0433134742857143,0.0490447428571429,0.0575322542857143,0.0719034942857143,0.0853313885714286,0.0882355171428571,0.0956659514285714,0.0363285013986014,0.0432937638694639,0.0490503801864802,0.0575123475524475,0.0719418193473193,0.0853225785547786,0.088225603030303,0.0956459354312354
2672.84,0.0362497,0.0432149,0.0489724,0.0574098,0.0717681,0.0852102,0.0881274,0.0956092,,,0.0362571057142857,0.04322132,0.0489803971428571,0.0574154657142857,0.0717787885714286,0.0852137057142857,0.08813526,0.0956170171428571,0.0362675223776224,0.0432331962703963,0.0490061300699301,0.0574301648018648,0.0718376568764569,0.0852128195804196,0.08814198997669,0.0956253235431235
2673.8,0.036169,0.0431544,0.0489536,0.0573187,0.0717222,0.0851135,0.0880565,0.0956016,,,0.0361744514285714,0.0431565085714286,0.0489566085714286,0.0573226085714286,0.0717254057142857,0.0851147771428571,0.0880560285714285,0.09560256,0.0362048097902098,0.0431684641025641,0.0489593797202797,0.0573484041958042,0.0717345062937063,0.0851123855477856,0.0880503685314685,0.0956177804195804
2674.76,0.036143,0.0431194,0.0489538,0.0572657,0.0717029,0.0850347,0.0879836,0.0956235,,,0.0361371114285714,0.0431128685714286,0.04894534,0.0572603685714286,0.0716902142857143,0.08502918,0.0879750542857143,0.0956170371428571,0.0361561801864802,0.0431190559440559,0.0489121815850816,0.0572775862470862,0.0716519955710956,0.0850376144522144,0.0879643888111888,0.0956291188811189
2675.73,0.0361191,0.0430709,0.0489013,0.0572082,0.0716106,0.084951,0.0878744,0.0956411,,,0.0361167257142857,0.0430700771428571,0.0488972542857143,0.0572078057142857,0.0716061342857143,0.08495058,0.0878755742857143,0.0956432085714286,0.0361359531468531,0.0430950398601399,0.0488725743589743,0.057218506993007,0.0715901305361305,0.0849894645687646,0.0878942752913753,0.0956607787878788
2676.69,0.0361134,0.0430461,0.0488231,0.0571658,0.0714937,0.084904,0.0877943,0.095696,,,0.0361208914285714,0.0430554342857143,0.0488296742857143,0.0571730428571429,0.0715067028571428,0.0849151428571428,0.08780426,0.09570338,0.0361432421911422,0.0430870289044289,0.0488452303030303,0.0571686454545455,0.0715301174825175,0.0849530489510489,0.0878396939393939,0.0957088526806527
2677.66,0.0361697,0.0430918,0.0487934,0.0571627,0.0714527,0.0849402,0.087795,0.0958052,,,0.0361725371428571,0.0430940457142857,0.0487968457142857,0.0571598628571428,0.0714566342857143,0.0849419228571428,0.08779506,0.0958021485714285,0.0361658972027972,0.0430831188811189,0.0488287981351981,0.0571306846153846,0.0714605020979021,0.0849195065268065,0.0877973526806527,0.0957709095571095
2678.62,0.0362444,0.0431459,0.0488097,0.0571386,0.0714364,0.0849761,0.087812,0.0958996,,,0.0362360514285714,0.0431348085714286,0.0488060914285714,0.0571287942857143,0.07142332,0.0849613914285714,0.0878024257142857,0.0958900428571428,0.0361954927738928,0.0430826407925408,0.0488223335664336,0.0571089062937063,0.071389717948718,0.0848927561771562,0.0877709037296037,0.0958537895104895
2679.59,0.0362608,0.0431201,0.0488293,0.0570663,0.0713477,0.0849081,0.0877801,0.0959457,,,0.0362555028571428,0.0431149914285714,0.0488285114285714,0.0570697371428571,0.0713433885714286,0.08490348,0.0877787714285714,0.0959463514285714,0.0362309995337995,0.043089455011655,0.0488295692307692,0.057101858974359,0.0713338664335664,0.0848759503496503,0.0877658564102564,0.0959648545454545
2680.55,0.0362396,0.0430555,0.0488516,0.057033,0.0712421,0.0848042,0.0877458,0.0960215,,,0.0362466971428571,0.0430650571428571,0.0488544285714286,0.0570444942857143,0.0712541942857143,0.0848167914285714,0.0877536857142857,0.0960321542857143,0.0362695386946387,0.0430992034965035,0.048850789044289,0.0570994941724942,0.071297913986014,0.0848628951048951,0.0877780902097902,0.0960965431235431
2681.51,0.0362633,0.0430528,0.0488852,0.0570858,0.0712254,0.0847863,0.0877711,0.0961974,,,0.0362694285714286,0.0430590485714286,0.0488848142857143,0.0570858,0.0712308857142857,0.08479242,0.0877732857142857,0.0962017457142857,0.0363046268065268,0.0431013142191142,0.0488763976689977,0.0570901093240093,0.0712718160839161,0.0848448694638694,0.0877975652680653,0.0962345256410256
2682.48,0.0363316,0.0431012,0.0489057,0.0571377,0.0712623,0.0848294,0.087826,0.0964195,,,0.0363264314285714,0.0430952771428571,0.0489024257142857,0.0571275257142857,0.0712536171428571,0.0848218828571428,0.0878204114285714,0.0964113314285714,0.0363329603729604,0.0430930125874126,0.048892806993007,0.0570722752913753,0.0712450680652681,0.0848224489510489,0.0878195540792541,0.0963746386946387
2683.44,0.0363727,0.043117,0.0488932,0.0571017,0.0712535,0.0848371,0.087855,0.0965832,,,0.0363687657142857,0.0431121228571428,0.04889362,0.0570977228571428,0.0712497114285714,0.0848323514285714,0.0878537828571428,0.0965765657142857,0.0363539386946387,0.0430815235431235,0.0488907144522144,0.0570514438228438,0.0712166023310023,0.0848049668997669,0.0878433582750583,0.0965178783216783
2684.41,0.0363751,0.0430856,0.048866,0.0570095,0.071201,0.0848007,0.0878678,0.0966792,,,0.0363797371428571,0.0430886,0.0488695914285714,0.0570154657142857,0.0712066657142857,0.0848054485714285,0.0878727114285714,0.0966833057142857,0.0363634132867133,0.0430699123543124,0.048866827039627,0.0570239958041958,0.0711855342657343,0.0847921743589744,0.0878641135198135,0.0966584743589744
2685.37,0.0363732,0.0430493,0.0488375,0.0569392,0.071151,0.0847669,0.0878883,0.0967756,,,0.0363740914285714,0.0430516314285714,0.0488357942857143,0.0569432028571428,0.0711507685714286,0.08476912,0.0878872885714286,0.0967789342857143,0.0363530965034965,0.0430508662004662,0.0488224027972028,0.0569793459207459,0.0711428184149184,0.0847650986013986,0.0878718009324009,0.0967898862470862
2686.33,0.0363473,0.0430154,0.0487792,0.0568993,0.0710836,0.084727,0.0878831,0.0968926,,,0.0363409228571428,0.0430123228571429,0.0487747171428571,0.0568967285714286,0.0710780971428571,0.0847226285714285,0.0878772028571428,0.0968889742857143,0.0363184011655012,0.0430176773892774,0.0487620536130536,0.0569180561771562,0.0710808207459208,0.0847074652680653,0.0878593806526806,0.0969156335664336
2687.3,0.0362673,0.042964,0.0486825,0.0568516,0.0709816,0.0846464,0.0878306,0.0970115,,,0.0362666057142857,0.0429631942857143,0.0486844114285714,0.0568502028571428,0.0709841885714286,0.0846450371428571,0.0878325285714286,0.0970119714285714,0.036265134965035,0.0429732923076923,0.0486906878787879,0.0568493750582751,0.071002503030303,0.0846255228438228,0.087829655011655,0.0970436184149184
2688.26,0.0361775,0.0429111,0.0485911,0.0567879,0.070892,0.0845415,0.087778,0.0971559,,,0.0361834914285714,0.0429156,0.0485953857142857,0.0567900257142857,0.0708980342857143,0.08454342,0.0877825514285714,0.09716238,0.0362045284382284,0.0429246722610723,0.0486108517482517,0.056773196037296,0.0709123787878788,0.0845370249417249,0.0877907128205128,0.0971755414918415
2689.23,0.0361303,0.0428821,0.0485264,0.0567163,0.0708316,0.0844446,0.08775,0.0973439,,,0.0361315257142857,0.04288222,0.0485252685714286,0.0567163257142857,0.0708291914285714,0.0844444714285714,0.0877474371428571,0.09734354,0.0361473755244755,0.0428753771561771,0.0485250983682984,0.0566830710955711,0.0708104801864802,0.0844554601398601,0.087750134965035,0.0973100916083916
2690.19,0.0361082,0.0428499,0.0484598,0.0566201,0.0707468,0.0843656,0.0877182,0.097518,,,0.0361038371428571,0.0428447485714286,0.0484563028571428,0.0566151628571428,0.0707405685714285,0.0843653257142857,0.0877155685714286,0.0975083057142857,0.0361063752913753,0.0428273662004662,0.0484414324009324,0.0565835216783217,0.0707039333333333,0.0843903121212121,0.0877170272727272,0.0974522296037296
2691.16,0.0360794,0.042786,0.0483759,0.0564823,0.0706121,0.0843159,0.0876841,0.0976249,,,0.0360781828571428,0.0427855971428571,0.0483758057142857,0.0564793685714286,0.0706112171428571,0.0843175971428571,0.0876863371428571,0.0976214114285714,0.0360912333333333,0.0427843223776224,0.048372234965035,0.0564894636363636,0.0706075363636364,0.0843489053613054,0.0877009300699301,0.0976122848484848
2692.12,0.036063,0.042722,0.0483001,0.0563435,0.0704747,0.0843101,0.0876799,0.0977244,,,0.0360682114285714,0.0427265257142857,0.0483024057142857,0.0563499542857143,0.0704795257142857,0.0843128857142857,0.0876827885714286,0.0977336571428571,0.0360966573426573,0.0427484848484848,0.0483243748251748,0.0564101876456877,0.0705260652680653,0.0843325701631702,0.0877039724941725,0.0977942995337995
2693.08,0.0360923,0.0426942,0.0482589,0.0562785,0.0703921,0.084343,0.0877117,0.097917,,,0.0360957114285714,0.0426954342857143,0.0482604428571428,0.05628576,0.0703972428571429,0.0843426914285714,0.0877113485714286,0.0979239428571428,0.0361041822843823,0.0427159179487179,0.0482934629370629,0.0563419258741259,0.0704501442890443,0.084335265034965,0.0877187552447553,0.0979897818181818
2694.05,0.0361398,0.0426861,0.0482519,0.0562868,0.0703655,0.0843769,0.0877519,0.0981952,,,0.0361349228571429,0.0426839828571428,0.0482526028571428,0.05628422,0.0703649257142857,0.0843726485714286,0.0877495428571428,0.0981918571428571,0.0361001242424242,0.042681937995338,0.0482692412587413,0.0562762997668998,0.0703692662004662,0.0843467452214452,0.0877359526806527,0.098190872027972
2695.01,0.0361382,0.0426668,0.0482607,0.0562832,0.0703361,0.0843777,0.087777,0.0984705,,,0.0361332028571429,0.0426661228571428,0.04826118,0.0562767885714286,0.0703317542857143,0.08437716,0.0877773,0.09846528,0.0360865132867133,0.0426479986013986,0.0482437,0.0562129951048951,0.0702800526806527,0.0843559958041958,0.0877512440559441,0.098404141025641
2695.98,0.0360771,0.0426301,0.0482587,0.0562126,0.0702518,0.0843609,0.087791,0.0986934,,,0.03607782,0.0426295514285714,0.0482561542857143,0.0562095828571428,0.07024886,0.0843636342857143,0.0877909485714286,0.0986898428571428,0.0360685377622378,0.0426148284382284,0.0482142314685315,0.0561579205128205,0.0701850128205128,0.0843553918414918,0.0877662638694639,0.0986377386946387
2696.94,0.0360044,0.0425777,0.0482137,0.0560947,0.0701112,0.0843483,0.0877944,0.0988753,,,0.03600734,0.0425772457142857,0.0482091571428571,0.0560950085714286,0.0701088,0.0843471685714286,0.0877908428571428,0.0988753428571428,0.0360399307692308,0.0425765247086247,0.0481798648018648,0.0561077801864802,0.0700879214452214,0.0843452771561772,0.0877872552447552,0.098882334032634
2697.91,0.0359596,0.0425177,0.0481232,0.0559844,0.0699472,0.0843298,0.0877883,0.0990691,,,0.0359635514285714,0.04251902,0.04812398,0.0559899542857143,0.0699486485714286,0.08432782,0.0877892857142857,0.0990753571428571,0.0359940405594405,0.0425277857808858,0.0481376284382284,0.0560497032634033,0.0699906046620047,0.0843342498834499,0.0878216221445221,0.0991237918414918
2698.87,0.0359479,0.0424635,0.0480377,0.055933,0.0698207,0.0843085,0.0878153,0.0993272,,,0.0359475142857143,0.0424643228571428,0.048044,0.0559384685714286,0.0698279685714285,0.0843103085714285,0.0878214114285714,0.0993307828571428,0.0359405972027972,0.0424699317016317,0.0480845522144522,0.0559790428904429,0.0698957641025641,0.0843324153846154,0.0878715333333333,0.0993650086247086
2699.83,0.0359284,0.0424131,0.0479986,0.055927,0.0697757,0.0843106,0.0879065,0.099629,,,0.03592198,0.0424123285714286,0.0480002285714286,0.0559234428571428,0.0697788028571428,0.08431324,0.0879082914285714,0.0996242085714286,0.0358946699300699,0.0424076496503496,0.0480210696969697,0.0559034531468531,0.0698104459207459,0.0843403836829837,0.0879297916083916,0.0996173657342657
2700.8,0.0358647,0.0423549,0.0479738,0.0558891,0.0697714,0.0843412,0.0880217,0.0999121,,,0.0358641257142857,0.0423538457142857,0.0479694885714286,0.0558825342857143,0.0697661114285714,0.08434204,0.0880185028571428,0.0999093742857143,0.0358571916083916,0.0423447011655012,0.047950617016317,0.0558295627039627,0.0697408808857809,0.0843475724941725,0.0879865212121212,0.0998813808857809
2701.76,0.0357953,0.0422863,0.0479122,0.0557835,0.0697308,0.0843746,0.0880998,0.10017,,,0.0358015742857143,0.0422860085714286,0.0479096971428571,0.0557829942857143,0.0697261114285714,0.0843729114285714,0.08809566,0.10017252,0.0358198976689977,0.0422834696969697,0.0478763864801865,0.0557553473193473,0.0696830641025641,0.0843455272727273,0.0880381752913753,0.100149075291375
2702.73,0.0357654,0.042217,0.047813,0.055651,0.0696386,0.0843753,0.088117,0.100428,,,0.0357657857142857,0.04221808,0.0478140714285714,0.0556542828571428,0.0696400571428571,0.0843717771428571,0.0881143514285714,0.100427734285714,0.0357788664335664,0.042225127039627,0.0477973983682984,0.0556715918414918,0.0696212617715618,0.0843336680652681,0.0880814764568765,0.100415858041958
2703.69,0.035747,0.0421601,0.0477046,0.0555383,0.0695342,0.0843275,0.0880978,0.100682,,,0.0357426542857143,0.0421607685714286,0.0477054057142857,0.0555409314285714,0.0695377485714286,0.0843260342857143,0.0881003542857143,0.100678742857143,0.035736310955711,0.0421695055944056,0.0477090631701632,0.0555697386946387,0.069538506060606,0.0843093855477855,0.0881093181818182,0.100683695104895
2704.65,0.0357076,0.0421161,0.0476029,0.0554538,0.06944,0.0842565,0.0880976,0.100931,,,0.0357078485714286,0.0421156885714286,0.0476028571428571,0.0554539885714286,0.0694389714285714,0.0842595171428571,0.0881019885714285,0.100932542857143,0.0356974328671329,0.0421170596736597,0.0476132114219114,0.0554562284382284,0.0694329298368298,0.0842680976689977,0.088126555011655,0.100959507925408
2705.62,0.0356654,0.0420777,0.0475144,0.0553752,0.069337,0.0842047,0.088142,0.101212,,,0.0356676714285714,0.0420777857142857,0.0475149057142857,0.0553720628571428,0.06933316,0.08420728,0.0881401142857143,0.1012174,0.0356654384615385,0.0420726766899767,0.0475260664335664,0.0553526128205128,0.0693233515151515,0.0842179468531468,0.0881570275058275,0.101248380885781
2706.58,0.0356357,0.0420424,0.0474461,0.055278,0.0692182,0.0841793,0.0882054,0.101544,,,0.0356348514285714,0.0420414828571428,0.0474458428571428,0.0552751971428571,0.0692185857142857,0.0841762228571428,0.0882021085714286,0.101543657142857,0.0356386321678322,0.0420423988344988,0.0474644342657343,0.0552727515151515,0.0692330904428904,0.0841800738927739,0.0882229151515151,0.101547594405594
2707.55,0.0356073,0.0420067,0.0473991,0.0551743,0.0691214,0.0841574,0.0882842,0.101883,,,0.0356058514285714,0.0420058942857143,0.04739934,0.0551774028571429,0.0691252228571428,0.0841547514285714,0.0882880571428571,0.101878714285714,0.0356146517482517,0.0420222123543124,0.0474271454545454,0.0552092433566434,0.0691700128205128,0.0841704976689977,0.0883233757575757,0.101853228438228
2708.51,0.0355789,0.0419778,0.0473775,0.0551089,0.0690799,0.084152,0.0884132,0.102189,,,0.0355806571428571,0.04198152,0.0473813485714286,0.0551149257142857,0.0690829257142857,0.0841573571428571,0.0884187885714285,0.102187628571429,0.0355927104895105,0.0419991006993007,0.0473997988344988,0.0551469461538462,0.0691242484848485,0.0841901386946387,0.0884382834498834,0.102165370629371
2709.48,0.0355661,0.0419723,0.0473826,0.0550904,0.0690824,0.084207,0.0885822,0.102472,,,0.0355685942857143,0.0419746314285714,0.0473832,0.0550893457142857,0.06908258,0.0842112942857143,0.0885799885714286,0.102473285714286,0.0355702344988345,0.0419654023310023,0.0473675708624709,0.0550780482517482,0.0690803221445221,0.0842305081585081,0.0885480512820513,0.102477195804196
2710.44,0.035564,0.0419634,0.0473708,0.0550571,0.0690823,0.0843038,0.0887158,0.102758,,,0.0355618142857143,0.0419574085714286,0.0473648428571428,0.0550500714285714,0.0690792914285714,0.0842989742857143,0.0887076742857143,0.102760142857143,0.035544075990676,0.0419209002331002,0.0473179764568765,0.0550018874125874,0.0690289351981352,0.0842819333333333,0.0886452473193473,0.10277306993007
2711.4,0.0355386,0.0418971,0.0472915,0.0549596,0.0690309,0.0843737,0.0887644,0.103058,,,0.0355348885714286,0.0418930285714286,0.0472893828571428,0.0549580914285714,0.0690263828571429,0.08436962,0.0887621542857143,0.103059714285714,0.0355152962703963,0.0418647657342657,0.0472448398601399,0.0549209011655012,0.0689673664335664,0.0843371095571096,0.0887292904428904,0.103049263403263
2712.37,0.0354814,0.0417893,0.0471636,0.0548305,0.0689146,0.0844043,0.0887732,0.103358,,,0.03548248,0.0417941942857143,0.0471655285714286,0.0548337828571428,0.0689126371428571,0.0844065628571428,0.0887789514285714,0.103353542857143,0.0354860293706294,0.0417976839160839,0.0471524244755245,0.0548382965034965,0.0688933144522145,0.0843895815850816,0.0887975822843823,0.103324006993007
2713.33,0.0354272,0.0417034,0.0470307,0.05472,0.0687725,0.0844308,0.0888136,0.103624,,,0.0354305,0.0417061,0.0470303485714286,0.0547206942857143,0.0687760914285714,0.08443248,0.08881672,0.103619285714286,0.0354529337995338,0.0417261466200466,0.0470503006993007,0.0547565482517482,0.0688066582750583,0.0844320995337995,0.088849648018648,0.103616046620047
2714.3,0.0353982,0.0416457,0.0469139,0.05464,0.0686666,0.084462,0.0888899,0.103874,,,0.0353992028571428,0.04164216,0.0469154342857143,0.0546410628571428,0.0686715114285714,0.0844604314285714,0.0888875257142857,0.103878971428571,0.0354112615384615,0.0416597657342657,0.0469513547785548,0.054680934965035,0.0687164251748252,0.0844640937062937,0.0888978142191142,0.103927806526807
2715.26,0.0353781,0.041591,0.0468384,0.0545943,0.068617,0.0844871,0.08897,0.104181,,,0.03537642,0.0415913,0.0468415457142857,0.0545969142857143,0.0686161342857143,0.0844862171428571,0.0889681828571428,0.104189314285714,0.0353632871794872,0.0416085524475524,0.0468738391608392,0.0546185284382284,0.0686389312354312,0.084495965034965,0.0889626226107226,0.104247776223776
2716.23,0.0353389,0.0415554,0.0468115,0.0545743,0.0685865,0.0845136,0.0890495,0.10456,,,0.0353360971428571,0.04155936,0.0468104457142857,0.0545732885714286,0.0685832428571428,0.0845149971428571,0.0890500485714285,0.104558542857143,0.0353139041958042,0.041575131002331,0.0468278983682984,0.0545639244755245,0.0685823703962704,0.0845326764568765,0.0890517272727273,0.10455931002331
2717.19,0.0352722,0.0415515,0.0468038,0.0545409,0.068548,0.0845593,0.0891452,0.104929,,,0.0352723885714286,0.04155126,0.0468027542857143,0.0545386028571428,0.06854926,0.0845623685714286,0.0891471628571428,0.104923257142857,0.0352625337995338,0.0415475916083916,0.0468035358974359,0.0544981804195804,0.0685374020979021,0.0845653156177156,0.089153862004662,0.104852643356643
2718.15,0.0352023,0.0415457,0.0467982,0.0544668,0.0685124,0.0846257,0.0892675,0.105223,,,0.0352049742857143,0.0415430342857143,0.0468003342857143,0.0544659171428571,0.0685149628571428,0.08462546,0.0892687857142857,0.105218628571429,0.035209948018648,0.0415144074592075,0.0467851361305361,0.0544143445221445,0.0684916142191142,0.0845943377622378,0.0892632335664336,0.105136491841492
2719.12,0.0351513,0.0415072,0.0467898,0.0543515,0.0684759,0.0846785,0.0894039,0.105444,,,0.0351502542857143,0.0415051085714286,0.0467880857142857,0.0543478828571428,0.0684718285714286,0.0846711457142857,0.0894001371428571,0.105441342857143,0.0351637806526806,0.0414773713286713,0.0467623368298368,0.0543246680652681,0.0684443918414918,0.0846379934731935,0.0893904375291375,0.105424962703963
2720.08,0.0351101,0.0414363,0.0467488,0.0542048,0.0684048,0.0846862,0.0895269,0.105645,,,0.0351084285714286,0.0414350657142857,0.0467444114285714,0.0542031628571428,0.0683995028571428,0.0846829857142857,0.0895237885714286,0.105647571428571,0.0351280160839161,0.0414363058275058,0.0467224289044289,0.0542366766899767,0.0683978424242424,0.0847030060606061,0.0895373282051282,0.105715834498834
2721.05,0.0350818,0.0413577,0.0466654,0.0540787,0.0683129,0.0847031,0.0896529,0.10591,,,0.0350861371428571,0.0413618571428571,0.0466679628571429,0.05408788,0.0683190714285714,0.0847146628571428,0.08966022,0.105921228571429,0.0350995363636364,0.0413819153846154,0.0466570333333333,0.0541494151515151,0.0683487934731935,0.0847735951048951,0.0896870538461539,0.106001913752914
2722.01,0.035089,0.0413105,0.046581,0.0540443,0.0682758,0.084821,0.0898346,0.106293,,,0.0350909628571429,0.0413140828571428,0.04658418,0.0540503771428571,0.0682838142857143,0.0848288771428571,0.0898399314285714,0.106296857142857,0.0350772948717949,0.0413158484848485,0.0465759958041958,0.0540718703962704,0.0682994354312354,0.0848417743589743,0.0898285881118881,0.106298123543124
2722.98,0.0351037,0.0412853,0.0465071,0.0540656,0.0682971,0.0849968,0.0900393,0.106717,,,0.0350966971428571,0.04127924,0.0465016142857143,0.05405522,0.0682893857142857,0.0849839,0.0900287828571428,0.106702857142857,0.0350642484848485,0.0412573011655012,0.0464980571095571,0.0540193470862471,0.0682638804195804,0.0849242850815851,0.0899708074592075,0.10663310955711
2723.94,0.035075,0.0412309,0.0464181,0.0540357,0.0682869,0.0850955,0.0901721,0.10706,,,0.0350719742857143,0.0412261428571428,0.0464164114285714,0.0540285942857143,0.0682780628571428,0.0850837742857143,0.0901637,0.107051171428571,0.0350639529137529,0.0412224184149184,0.0464373333333333,0.0539966918414918,0.0682581344988345,0.0850406508158508,0.0901301114219114,0.107018862470862
2724.9,0.0350337,0.0411668,0.0463524,0.0539688,0.0682453,0.0851326,0.0902608,0.107365,,,0.0350401457142857,0.0411733057142857,0.0463605171428571,0.0539777057142857,0.0682528085714285,0.0851433571428571,0.09026944,0.107377771428571,0.0350759512820513,0.0412105561771562,0.0464045638694639,0.0539958531468531,0.0682871405594405,0.085189386013986,0.090313958974359,0.107437997668998
2725.87,0.0350459,0.041168,0.0463681,0.053962,0.0682755,0.0852604,0.0904312,0.107778,,,0.0350499971428571,0.0411745914285714,0.0463702685714286,0.05396758,0.0682844657142857,0.0852737371428571,0.0904408428571428,0.107789657142857,0.0350898990675991,0.0412124256410256,0.0464031501165501,0.0540016468531469,0.0683393421911422,0.0853507543123543,0.0905156006993007,0.107861226107226
2726.83,0.0351025,0.0412336,0.0464286,0.0540085,0.0683931,0.0855057,0.0907083,0.108296,,,0.0351008457142857,0.0412300342857143,0.0464232171428571,0.05400322,0.06838998,0.0855006257142857,0.0907063714285714,0.108289657142857,0.0350955648018648,0.0412235655011655,0.0464219554778555,0.0540034191142191,0.0683973629370629,0.0855098186480186,0.0907282356643356,0.108274312354312
2727.8,0.0351466,0.0412858,0.046472,0.0540364,0.0685091,0.0857397,0.0910046,0.10878,,,0.0351429914285714,0.0412791657142857,0.0464723171428571,0.0540333057142857,0.0685031514285714,0.0857296542857143,0.0909981714285714,0.108768942857143,0.0350975571095571,0.0412468212121212,0.0464469585081585,0.0540074657342657,0.0684587995337995,0.0856725118881119,0.0909602585081585,0.108688724941725
2728.76,0.0351406,0.0412884,0.0464992,0.0540354,0.0685709,0.0858928,0.0912551,0.109165,,,0.03513634,0.0412891971428571,0.0465011714285714,0.0540366514285714,0.0685692542857143,0.0858928,0.0912521085714286,0.109164057142857,0.0351027808857809,0.0412786191142191,0.0464705386946387,0.054024068997669,0.0685312053613054,0.085847993006993,0.0912168883449883,0.10911841025641
2729.72,0.035089,0.0412826,0.0465074,0.0540313,0.0685953,0.0860126,0.0914698,0.109515,,,0.0350906371428571,0.0412881885714286,0.0465027028571428,0.05403226,0.0685964057142857,0.08601686,0.0914730057142857,0.109520485714286,0.0351019067599068,0.041300737995338,0.0464810869463869,0.0540446993006993,0.06860322004662,0.0860223496503496,0.0914770202797203,0.109553382284382
2730.69,0.035046,0.0413003,0.0464708,0.0540353,0.0686183,0.0861467,0.0916936,0.109905,,,0.0350525485714286,0.0413007885714286,0.0464697285714286,0.05403674,0.0686223285714286,0.0861482257142857,0.0916985028571428,0.109909628571429,0.0350815636363636,0.0412973111888112,0.046465641958042,0.0540519177156177,0.0686482041958042,0.0861702328671329,0.0917125179487179,0.109970536130536
2731.65,0.0350467,0.0413082,0.0464184,0.0540474,0.068663,0.086293,0.091934,0.110346,,,0.0350465114285714,0.0413027657142857,0.0464241428571428,0.0540478628571428,0.0686653485714285,0.0862922028571428,0.0919312314285714,0.1103466,0.0350453468531469,0.0412715913752914,0.0464273736596737,0.0540412678321678,0.0686584435897436,0.0862881370629371,0.0919157417249417,0.110363205128205
2732.62,0.0350498,0.0412673,0.0463917,0.0540508,0.0687055,0.0864316,0.0921413,0.110795,,,0.0350435685714286,0.0412648828571428,0.0463907142857143,0.0540484342857143,0.0686998514285714,0.0864298685714286,0.0921359428571429,0.110792428571429,0.03501298997669,0.0412400862470862,0.0463845121212121,0.0540192529137529,0.0686534925407925,0.0863995543123543,0.0920978207459207,0.110745344988345
2733.58,0.0350162,0.041202,0.0463652,0.0540233,0.0686945,0.0865519,0.0922981,0.111202,,,0.0350141771428571,0.0412052314285714,0.0463592428571428,0.05402108,0.0686883971428571,0.0865492257142857,0.0922993257142857,0.111196342857143,0.0350040717948718,0.0412184221445221,0.0463568317016317,0.0539946906759907,0.0686580335664336,0.0865305342657343,0.0922770559440559,0.111133233100233
2734.55,0.0349795,0.0411649,0.0463249,0.0539703,0.0686446,0.0866635,0.0924495,0.111547,,,0.0349833742857143,0.0411667514285714,0.0463266314285714,0.05396976,0.0686478142857143,0.0866627114285714,0.0924503657142857,0.111543742857143,0.0350217578088578,0.0412113780885781,0.0463576037296037,0.0539755540792541,0.0686817603729604,0.0866905596736597,0.092468186013986,0.111529864801865
2735.51,0.0349969,0.0411709,0.0463263,0.0539231,0.0686416,0.0868072,0.0926263,0.111876,,,0.03500242,0.0411717228571428,0.0463333885714286,0.0539255085714286,0.06864982,0.08681296,0.0926263428571428,0.111881485714286,0.0350535696969697,0.0412132482517483,0.046386379020979,0.0539641459207459,0.0687188011655012,0.0868747195804196,0.0926749888111888,0.111931596736597
2736.47,0.0350804,0.0412133,0.0464047,0.0539193,0.0687338,0.087033,0.0928492,0.112273,,,0.0350814371428571,0.04121672,0.0464070142857143,0.0539242114285714,0.0687370914285714,0.08703924,0.0928548485714285,0.112281142857143,0.0350900198135198,0.0412182020979021,0.0464282463869464,0.053958855011655,0.0687651412587412,0.0870753955710956,0.092896841958042,0.112341020979021
2737.44,0.0351776,0.0412758,0.0465127,0.0539684,0.0688736,0.0873237,0.0931384,0.112758,,,0.0351717971428571,0.0412736142857143,0.0465080628571428,0.0539680657142857,0.0688672057142857,0.0873196628571428,0.0931400371428571,0.112755171428571,0.0351317965034965,0.041225651048951,0.04647018997669,0.0539627377622378,0.068829868997669,0.087289817016317,0.0931373762237762,0.112768296037296
2738.4,0.035224,0.0413022,0.0465759,0.0540226,0.068975,0.0875893,0.0934482,0.113256,,,0.0352202285714286,0.0412941514285714,0.0465707057142857,0.0540167114285714,0.06896786,0.0875811657142857,0.0934414285714285,0.113250514285714,0.0351775962703963,0.0412382053613054,0.0465111564102564,0.0539834937062937,0.0689221848484848,0.0875192144522144,0.093399972027972,0.113222554778555
2739.37,0.0352228,0.0412618,0.046574,0.054038,0.0690266,0.0877869,0.0937138,0.113725,,,0.0352253714285714,0.04126084,0.0465731771428571,0.0540360714285714,0.0690300371428571,0.0877862057142857,0.0937099085714286,0.113725171428571,0.0352178543123543,0.0412587850815851,0.0465494636363636,0.0540224193473193,0.0690342372960373,0.08776248997669,0.0936810342657343,0.113703102564103
2740.33,0.0352212,0.0412178,0.0465473,0.0540394,0.0691003,0.0879685,0.0939494,0.114187,,,0.0352235228571429,0.0412246142857143,0.0465506428571429,0.0540435314285714,0.06910702,0.0879735914285714,0.0939531457142857,0.114189142857143,0.035242737995338,0.0412857496503496,0.0465762701631702,0.0540688372960373,0.0691468079254079,0.0880118284382284,0.0939706195804196,0.114193946386946
2741.3,0.0352364,0.0412446,0.0465457,0.0540741,0.0692279,0.0881942,0.0942146,0.114662,,,0.0352363485714286,0.0412505742857143,0.0465492828571428,0.0540784114285714,0.0692275485714286,0.0881981514285714,0.0942200171428571,0.114663114285714,0.0352523328671329,0.0413115473193473,0.0465868976689977,0.054106693006993,0.0692469372960373,0.0882531020979021,0.0942551202797203,0.114674734265734
2742.26,0.0352585,0.0413371,0.0465801,0.0541412,0.0693628,0.0884647,0.0945253,0.115145,,,0.0352581314285714,0.04133626,0.0465798771428571,0.0541397514285714,0.0693591142857143,0.08846494,0.09452488,0.115145085714286,0.0352575904428904,0.0413317862470862,0.0465875675990676,0.0541269724941725,0.0693344305361305,0.0884734871794872,0.0945270839160839,0.115138363636364
2743.22,0.0352782,0.0414205,0.0466196,0.0541895,0.0694625,0.0887346,0.0948342,0.115618,,,0.0352770857142857,0.0414135485714286,0.0466169257142857,0.0541847,0.0694611285714286,0.0887327142857143,0.09482928,0.115615257142857,0.0352683214452215,0.0413498407925408,0.0465906678321678,0.0541351547785548,0.0694166226107226,0.0886744918414918,0.0947943344988345,0.115593617715618
2744.19,0.0352905,0.0414298,0.0466359,0.0541847,0.0695275,0.0889557,0.0950989,0.116062,,,0.0352904314285714,0.04142554,0.0466337057142857,0.0541821371428571,0.0695264971428571,0.0889499485714285,0.0950963028571428,0.116060885714286,0.0352830125874126,0.0413650445221445,0.0466039095571096,0.0541419713286713,0.0694969142191142,0.088868934032634,0.0950653186480186,0.116046046620047
2745.15,0.0353034,0.0413811,0.0466319,0.0541485,0.0695743,0.0891018,0.0953344,0.11649,,,0.0353044542857143,0.0413836371428571,0.04663136,0.0541493057142857,0.0695732628571428,0.0890953114285714,0.0953364314285714,0.116490942857143,0.0352985615384615,0.0413698137529137,0.0466254797202797,0.0541524564102564,0.0695740475524475,0.0890656221445221,0.0953349212121212,0.11649151981352
2746.12,0.0353257,0.0413402,0.0466361,0.0541325,0.0696311,0.0892138,0.095586,0.116928,,,0.0353248428571429,0.0413433028571428,0.0466391942857143,0.0541362028571428,0.06963386,0.08921986,0.0955896857142857,0.116930571428571,0.0353231018648019,0.0413682850815851,0.0466561715617716,0.0541740221445221,0.0696592044289044,0.0892730512820513,0.0956007827505827,0.116932503496503
2747.08,0.0353539,0.0413433,0.0466833,0.0541789,0.0697382,0.0894083,0.0958753,0.117391,,,0.0353521,0.0413425885714286,0.04668474,0.0541809657142857,0.06974024,0.08941874,0.0958735771428571,0.117389542857143,0.0353670981351981,0.0413830962703963,0.0467091372960373,0.0542241032634033,0.0697764855477855,0.0895088993006993,0.0958787916083916,0.117388286713287
2748.05,0.0353945,0.0413904,0.0467722,0.0542867,0.0699037,0.0897312,0.0961809,0.117864,,,0.03539678,0.0413903142857143,0.0467692685714286,0.05428496,0.0699020457142857,0.08972892,0.0961765714285714,0.1178598,0.0354297135198135,0.0414378713286713,0.0467974137529137,0.0543180745920746,0.0699412013986014,0.0897893167832168,0.0961918762237762,0.117878473193473
2749.01,0.035475,0.0414898,0.0468847,0.0544308,0.0701119,0.0901066,0.0965015,0.118349,,,0.0354801342857143,0.0414943514285714,0.0468870057142857,0.0544322142857143,0.0701146257142857,0.0901035828571428,0.0965056742857143,0.118352771428571,0.0355037398601399,0.0415365934731935,0.046918775990676,0.0544529587412587,0.0701497806526806,0.0901140431235431,0.0965496438228438,0.118406006993007
2749.97,0.0355963,0.0416508,0.0470369,0.0546064,0.0703664,0.0904852,0.0968863,0.118897,,,0.0355948257142857,0.0416532685714286,0.0470421971428571,0.0546094514285714,0.07036976,0.0904883028571428,0.0968926171428571,0.118905914285714,0.035581517016317,0.0416582319347319,0.0470548627039627,0.0546053871794872,0.070380196969697,0.0904613958041958,0.0969395405594405,0.118955128205128
2750.94,0.0356994,0.0418296,0.047218,0.0547922,0.070639,0.0908529,0.0973358,0.119515,,,0.03569274,0.0418257085714286,0.0472150428571428,0.0547896542857143,0.0706360171428571,0.09085104,0.0973346942857143,0.119512685714286,0.0356526995337995,0.0417750268065268,0.0471809552447552,0.0547460062937063,0.0705972090909091,0.0907934363636363,0.0973359668997669,0.119502312354312
2751.9,0.0357425,0.0419536,0.0473554,0.0549313,0.0708623,0.0911594,0.0977768,0.120106,,,0.0357432628571429,0.0419483457142857,0.0473497428571428,0.0549267057142857,0.0708593514285714,0.0911546342857143,0.0977727885714285,0.1200988,0.0357104016317016,0.0418742494172494,0.0472830146853147,0.0548610578088578,0.0707772151515151,0.0910799083916084,0.0977185396270396,0.120030090909091
2752.87,0.0357615,0.0419956,0.047411,0.0549965,0.0710037,0.0913761,0.098149,0.1206,,,0.0357644228571428,0.0419923942857143,0.0474085314285714,0.05499332,0.07099908,0.0913725171428571,0.0981449542857143,0.120596914285714,0.0357563172494173,0.0419548344988345,0.0473638335664336,0.0549566233100233,0.0709260289044289,0.0913227475524475,0.0980786233100233,0.120530911421911
2753.83,0.0357834,0.0419897,0.0474127,0.0550142,0.071065,0.09153,0.0984389,0.121011,,,0.0357799628571428,0.04199228,0.0474128285714286,0.0550146028571428,0.0710597714285714,0.0915291171428571,0.0984368085714285,0.121011085714286,0.0357933424242424,0.0420157799533799,0.0474268522144522,0.0550403235431235,0.071060096969697,0.0915455592074592,0.0984088314685315,0.120996941724942
2754.79,0.0358011,0.0420074,0.0474172,0.0550479,0.0711019,0.0916899,0.0986802,0.121389,,,0.0358025057142857,0.0420142571428571,0.0474233114285714,0.0550554514285714,0.07110994,0.0916966971428571,0.0986836371428571,0.121392942857143,0.0358270664335664,0.04206337995338,0.0474710034965035,0.0551149636363636,0.071189955011655,0.0917686382284382,0.0987008536130536,0.12141989044289
2755.76,0.0358476,0.0420901,0.0474797,0.0551564,0.0712311,0.0919349,0.098931,0.121783,,,0.0358530257142857,0.0420899542857143,0.0474837971428571,0.0551604542857143,0.0712424485714285,0.0919410371428571,0.0989347885714286,0.121785742857143,0.0358721617715618,0.0421176477855478,0.047508565967366,0.0551919643356643,0.0713286512820513,0.0920078498834499,0.0989606783216783,0.121809585081585
2756.72,0.0359395,0.0421992,0.0475841,0.0553104,0.0714755,0.0922648,0.0992093,0.122196,,,0.0359362,0.0421939885714286,0.0475776542857143,0.0553033457142857,0.0714712914285714,0.0922618514285714,0.0992076285714285,0.122193085714286,0.0359400093240093,0.0421966398601399,0.0475643755244755,0.0552888046620047,0.0714896606060606,0.0922770386946387,0.0992111277389277,0.122194664335664
2757.69,0.0360301,0.0422978,0.0476665,0.0554333,0.0717256,0.0926078,0.0994889,0.122599,,,0.0360267742857143,0.0422995314285714,0.0476623171428571,0.0554293485714286,0.0717180142857143,0.0926039257142857,0.0994854885714285,0.122596085714286,0.0360259678321678,0.0423008431235431,0.0476516487179487,0.0554096428904429,0.0716751517482517,0.0925773048951049,0.0994788918414918,0.12259672027972
2758.65,0.0361112,0.0424098,0.0477382,0.0555308,0.071921,0.0929265,0.0997631,0.122997,,,0.0361154342857143,0.0424137342857143,0.04774414,0.0555363885714286,0.0719221485714286,0.0929268685714286,0.0997638457142857,0.123000514285714,0.0361179048951049,0.0424147743589744,0.0477646237762238,0.0555402564102564,0.071876082983683,0.0928946601398601,0.0997805421911422,0.123018925407925
2759.62,0.0362134,0.0425389,0.0478593,0.0556547,0.0720898,0.0932287,0.100065,0.123429,,,0.0362151657142857,0.0425366371428571,0.0478634314285714,0.0556576057142857,0.0720907771428571,0.0932291457142857,0.100068214285714,0.123432085714286,0.0362070254079254,0.0425188522144522,0.047889303962704,0.0556614955710956,0.0720735986013986,0.0932098473193473,0.100112005827506,0.123454351981352
2760.58,0.0363179,0.0426429,0.0480206,0.0557916,0.0722467,0.0935179,0.100419,0.123893,,,0.0363136057142857,0.0426396,0.0480171285714286,0.0557874428571428,0.0722458342857143,0.0935167685714286,0.100422762857143,0.123891371428571,0.0362893247086247,0.042605168997669,0.0480134233100233,0.0557670372960373,0.0722487706293706,0.0935108843822844,0.100455515617716,0.123893846153846
2761.54,0.0363853,0.042706,0.0481647,0.0558942,0.072395,0.0937924,0.100812,0.124351,,,0.0363820514285714,0.0427052028571428,0.0481616571428571,0.0558902142857143,0.0723959171428571,0.0937917657142857,0.100811742857143,0.124348771428571,0.0363661226107226,0.0426825104895105,0.048134279020979,0.0558680235431235,0.0724034004662005,0.0937986594405594,0.100795677622378,0.12433075990676
2762.51,0.0364263,0.0427509,0.0482747,0.0559637,0.0725481,0.0940637,0.101187,0.124784,,,0.0364293257142857,0.0427513971428571,0.0482755057142857,0.0559652514285714,0.0725481171428571,0.0940654657142857,0.101181,0.124784428571429,0.0364411219114219,0.042763165034965,0.0482536191142191,0.0559755431235431,0.0725558319347319,0.0940797456876457,0.101124630536131,0.124762468531469
2763.47,0.0364895,0.0428096,0.0483692,0.0560478,0.0727087,0.0943507,0.10149,0.125199,,,0.0364938714285714,0.0428118028571429,0.0483694142857143,0.0560527457142857,0.0727085542857143,0.0943529714285714,0.101487171428571,0.125198742857143,0.0365151300699301,0.0428522825174825,0.0483642226107226,0.0560864212121212,0.0727158503496503,0.0943601741258741,0.101437234032634,0.125186247086247
2764.44,0.0365882,0.0429083,0.0484574,0.0561761,0.0728793,0.0946517,0.101737,0.125598,,,0.0365859714285714,0.0429109228571429,0.0484573657142857,0.0561772228571428,0.0728804057142857,0.0946493857142857,0.101738285714286,0.125596371428571,0.0365902333333333,0.0429501564102564,0.0484586459207459,0.0561948296037296,0.0728836433566434,0.0946447764568765,0.101730433566434,0.125598468531469
2765.4,0.0366847,0.0430475,0.048546,0.0563205,0.0730641,0.0949385,0.101977,0.125986,,,0.0366814428571429,0.04304858,0.0485468657142857,0.0563170114285714,0.0730639371428571,0.0949357485714285,0.101979314285714,0.125987885714286,0.0366747883449883,0.0430548955710956,0.048548182983683,0.0563046195804196,0.073064003030303,0.0949345925407925,0.102007895104895,0.126002333333333
2766.37,0.0367673,0.0431971,0.0486421,0.0564398,0.0732544,0.0952099,0.102244,0.126387,,,0.03676922,0.0431951114285714,0.04864036,0.0564377428571428,0.0732525657142857,0.09521338,0.102245542857143,0.126388971428571,0.0367738459207459,0.0431621888111888,0.0486523976689977,0.0564190785547785,0.0732608326340326,0.0952258144522144,0.10228293006993,0.126405237762238
2767.33,0.0368623,0.0433144,0.0487427,0.0565335,0.0734434,0.0954968,0.102545,0.126803,,,0.0368642457142857,0.04330996,0.0487424857142857,0.0565351714285714,0.0734443085714286,0.0954991742857143,0.102545514285714,0.126801457142857,0.0368788473193473,0.0432670836829837,0.0487739342657343,0.0565304365967366,0.0734652498834499,0.0955110573426573,0.102570363636364,0.126806582750583
2768.29,0.0369736,0.0433799,0.0488651,0.0566251,0.0736457,0.0957895,0.102869,0.127213,,,0.0369739942857143,0.0433788628571429,0.0488710657142857,0.0566270885714286,0.0736501314285714,0.09578668,0.102868485714286,0.127213171428571,0.0369755137529138,0.0433646836829837,0.048898727972028,0.0566282275058275,0.0736602151515151,0.0957801629370629,0.102873186480186,0.127202118881119
2769.26,0.0370824,0.0434259,0.0490291,0.0567186,0.0738653,0.0960506,0.103199,0.127614,,,0.03708126,0.0434294914285714,0.0490307028571429,0.0567169542857143,0.0738650685714285,0.0960495542857143,0.1032002,0.1276146,0.0370572447552448,0.0434486086247086,0.0490126995337995,0.0567088512820513,0.0738330757575758,0.0960231326340326,0.103180151515152,0.127592794871795
2770.22,0.0371653,0.0434968,0.0491849,0.0567948,0.0740545,0.0962756,0.103524,0.128001,,,0.0371621114285714,0.0434993457142857,0.0491770057142857,0.05679246,0.0740472742857143,0.0962761914285714,0.103521942857143,0.1279968,0.037125562004662,0.0435159461538462,0.0491097568764569,0.0567749337995338,0.0739828764568765,0.0962354801864802,0.103479792540793,0.127976869463869
2771.19,0.0372122,0.0435951,0.049264,0.0568537,0.0741683,0.0964722,0.103819,0.128362,,,0.0372116857142857,0.04359408,0.0492590114285714,0.0568554057142857,0.0741646057142857,0.0964699714285714,0.103815057142857,0.128362857142857,0.0371874179487179,0.0435794293706294,0.0491971263403263,0.0568368023310023,0.0741215806526807,0.0964260193473193,0.103772983682984,0.128352314685315
2772.15,0.0372502,0.0436936,0.04929,0.0569226,0.074246,0.0966412,0.104083,0.128734,,,0.0372511428571429,0.0436891171428571,0.0492923571428571,0.0569223685714286,0.0742495742857143,0.0966376342857143,0.104082228571429,0.128737857142857,0.037258241958042,0.0436655284382284,0.0492951445221445,0.0569151573426573,0.0742693174825175,0.0966222666666667,0.10407631002331,0.128735974358974
2773.12,0.0373124,0.043777,0.0493447,0.0570089,0.07437,0.0968094,0.104361,0.129144,,,0.0373118171428571,0.0437744714285714,0.0493477085714286,0.0570049057142857,0.07437372,0.0968091342857142,0.104363485714286,0.129139371428571,0.0373557291375291,0.043791744988345,0.0494208044289044,0.0570316958041958,0.0744443214452214,0.0968593286713287,0.104412745920746,0.129156044289044
2774.08,0.0374209,0.0438823,0.0494824,0.0571227,0.074581,0.0970452,0.104707,0.129574,,,0.03742462,0.04388932,0.0494872514285714,0.05712636,0.0745836742857143,0.0970527342857143,0.104710857142857,0.129572542857143,0.037486093006993,0.0439525235431235,0.0495777482517483,0.0571939673659674,0.074657082051282,0.0971572738927739,0.104793044289044,0.129626671328671
2775.04,0.0376046,0.044076,0.0497223,0.0573207,0.0748763,0.0974201,0.105146,0.13006,,,0.0376104114285714,0.0440834057142857,0.0497275542857143,0.0573300685714286,0.0748789914285714,0.0974288685714285,0.1051508,0.130070714285714,0.0376446715617716,0.0441314571095571,0.0497651347319347,0.057391951981352,0.0749106272727273,0.0975141627039627,0.105210216783217,0.130141680652681
2776.01,0.037849,0.0443427,0.050027,0.0576169,0.075222,0.0979177,0.105658,0.130655,,,0.0378465485714286,0.0443385771428571,0.0500233914285714,0.0576170457142857,0.0752205171428571,0.0979155571428571,0.105659114285714,0.130658942857143,0.0378240018648019,0.0443176538461538,0.0499805188811189,0.0576091463869464,0.0751968771561772,0.0979148107226107,0.105650442890443,0.130680934731935
2776.97,0.0380718,0.0445806,0.0502978,0.057916,0.0755528,0.0984193,0.106167,0.131287,,,0.0380641114285714,0.0445726114285714,0.0502887228571428,0.0579064685714286,0.0755478971428571,0.0984107028571428,0.106159628571429,0.131278942857143,0.0380110687645688,0.0445054312354312,0.0502118351981352,0.0578329512820513,0.0754942734265734,0.0983350911421911,0.106093608391608,0.131218466200466
2777.94,0.0382193,0.044736,0.0504781,0.058121,0.0758207,0.0988312,0.106584,0.131838,,,0.0382182885714286,0.0447348342857143,0.0504763942857143,0.05811494,0.0758185742857143,0.0988283714285714,0.106578685714286,0.131831228571429,0.0381856319347319,0.0446873235431235,0.0504391291375291,0.0580525990675991,0.0757771592074592,0.0987458386946387,0.106510731934732,0.131737804195804
2778.9,0.0383275,0.0448484,0.0506172,0.0582461,0.0760349,0.09916,0.106906,0.132284,,,0.0383332085714286,0.0448520171428571,0.0506232428571428,0.0582508828571428,0.07603652,0.0991612514285714,0.106909342857143,0.132283142857143,0.0383305452214452,0.0448537678321678,0.0506458344988345,0.0582524212121212,0.0760272526806527,0.0991211578088578,0.106877766899767,0.132234214452214
2779.86,0.0384442,0.0449709,0.0507843,0.0583762,0.0762294,0.0994453,0.107192,0.13268,,,0.0384444057142857,0.0449723314285714,0.0507876857142857,0.0583825771428571,0.0762312771428571,0.0994447857142857,0.107194142857143,0.132682657142857,0.0384433578088578,0.0450015344988345,0.0508256657342657,0.0584186832167832,0.0762390827505827,0.0994481081585081,0.10719027972028,0.132703163170163
2780.83,0.0385506,0.0451144,0.0509781,0.0585404,0.0764193,0.0997121,0.107462,0.133091,,,0.0385450371428571,0.0451138342857143,0.0509757171428571,0.0585384457142857,0.0764189228571428,0.0997134885714285,0.107458314285714,0.133094942857143,0.0385395671328671,0.0451423951048951,0.050984355011655,0.0585554198135198,0.0764229319347319,0.0997382540792541,0.107466864801865,0.133148557109557
2781.79,0.0386255,0.0452731,0.0511578,0.0586934,0.0765978,0.0999914,0.107711,0.133551,,,0.0386259714285714,0.0452740342857143,0.05115594,0.0586891657142857,0.07659588,0.0999935171428571,0.107711428571429,0.1335528,0.0386404878787879,0.045293144988345,0.0511351692307692,0.0586803335664336,0.0765973778554778,0.100024239393939,0.107739319347319,0.133593121212121
2782.76,0.0387126,0.0454478,0.0513104,0.0588127,0.0767625,0.100298,0.107977,0.134048,,,0.03871812,0.0454489057142857,0.0513104257142857,0.0588140285714286,0.0767627228571428,0.1002971,0.107980685714286,0.134045942857143,0.0387529911421911,0.045453948018648,0.0512858412587413,0.058802610955711,0.0767714685314685,0.100328735431235,0.108026643356643,0.134057088578089
2783.72,0.0388501,0.0456284,0.0514446,0.0589252,0.0769334,0.100622,0.108293,0.134549,,,0.03885196,0.0456281,0.0514435542857143,0.0589279171428571,0.0769366914285714,0.100622908571429,0.108296342857143,0.134548657142857,0.0388672321678322,0.0456078545454545,0.051431775990676,0.0589166946386946,0.0769422603729604,0.100644295337995,0.108322153846154,0.134536641025641
2784.69,0.0390118,0.0457919,0.0515688,0.0590423,0.0771279,0.100964,0.108649,0.135045,,,0.0390089457142857,0.0457903228571429,0.0515690914285714,0.0590402171428571,0.0771282,0.100968371428571,0.108649428571429,0.135046285714286,0.0389783638694639,0.0457436289044289,0.0515703564102564,0.0590206076923077,0.0771128599067599,0.100953008624709,0.108616375291375,0.135017962703963
2785.65,0.0391498,0.0459188,0.0517036,0.0591437,0.077325,0.101314,0.108996,0.135531,,,0.0391452485714286,0.0459149257142857,0.0517052971428571,0.0591397485714286,0.0773195228571428,0.1013104,0.108988028571429,0.135528685714286,0.0390974440559441,0.0458693972027972,0.0517143701631702,0.0591295547785548,0.077297713986014,0.101251447552448,0.108919771561772,0.135498151515152
2786.61,0.0392495,0.046008,0.0518662,0.0592334,0.0775002,0.101611,0.10928,0.135987,,,0.0392472371428571,0.04600548,0.0518648114285714,0.0592341714285714,0.0774981,0.101601228571429,0.109274,0.135982028571429,0.0392343207459207,0.0460031624708625,0.0518808724941725,0.0592610850815851,0.0775070920745921,0.101547647086247,0.109247617715618,0.135979067599068
2787.58,0.0393494,0.0461036,0.052054,0.0593615,0.0776929,0.101836,0.10954,0.13642,,,0.03935402,0.0461079971428571,0.0520543771428571,0.0593675771428571,0.0777002885714286,0.101836857142857,0.109546342857143,0.136423857142857,0.0393905083916084,0.0461624627039627,0.0520780531468532,0.0594187736596736,0.0777435405594405,0.101852682983683,0.109602216783217,0.136458473193473
2788.54,0.0395144,0.0462791,0.0522806,0.0595691,0.077967,0.102084,0.109885,0.136895,,,0.0395195771428571,0.0462854685714286,0.0522844657142857,0.0595728028571428,0.0779714314285714,0.102094885714286,0.109895714285714,0.136903742857143,0.0395736289044289,0.0463628701631702,0.0523078386946387,0.0596023247086247,0.0780104599067599,0.102175400932401,0.109983090909091,0.136940060606061
2789.51,0.0397555,0.0465567,0.0525552,0.0598264,0.0783002,0.10244,0.11035,0.137432,,,0.0397530914285714,0.0465569742857143,0.05255436,0.0598211028571428,0.0782937971428571,0.102443,0.110348628571429,0.1374278,0.0397925256410256,0.0466087461538461,0.0525647326340326,0.0598128405594406,0.0783049878787879,0.102514906759907,0.110390913752914,0.137432391608392
2790.47,0.0400233,0.0468843,0.0528419,0.0600604,0.0786185,0.102862,0.110845,0.137949,,,0.0400221685714286,0.0468825428571428,0.0528396628571428,0.0600558742857143,0.0786173257142857,0.102859085714286,0.110838657142857,0.137940857142857,0.0400354461538461,0.0468815214452214,0.0528312610722611,0.0600368832167832,0.0786092699300699,0.102861517482517,0.110817920745921,0.137928552447552
2791.44,0.0402965,0.0472066,0.0531146,0.0602599,0.0789226,0.103273,0.111296,0.138413,,,0.0403017114285714,0.0472076371428571,0.05311658,0.0602662,0.0789296885714285,0.103271114285714,0.1112972,0.138419685714286,0.040273513053613,0.0471493923076923,0.0530879892773893,0.0602488904428904,0.0789024016317016,0.103207881118881,0.111244578088578,0.138408342657343
2792.4,0.040567,0.0474888,0.0533733,0.0604665,0.0792269,0.10363,0.111703,0.138886,,,0.0405645057142857,0.0474853028571429,0.0533719028571428,0.0604685142857143,0.0792227428571428,0.103626057142857,0.111703171428571,0.138892085714286,0.040484434965035,0.0473884135198135,0.053325244055944,0.0604335643356643,0.079170606993007,0.103546491841492,0.111644128205128,0.138860144522145
2793.36,0.0407659,0.047684,0.0535949,0.0606483,0.0794631,0.103912,0.112052,0.139352,,,0.0407539257142857,0.0476745885714286,0.0535894571428571,0.0606373628571428,0.07945248,0.103907114285714,0.112046342857143,0.1393394,0.0406655025641025,0.0475936072261072,0.0535444976689977,0.0605923655011655,0.0794061165501165,0.103864727272727,0.111995958041958,0.139283603729604
2794.33,0.0408534,0.0477861,0.0537726,0.0607499,0.0796114,0.104144,0.112327,0.139724,,,0.0408511457142857,0.0477853371428571,0.0537722057142857,0.0607479885714286,0.0796158314285714,0.104147171428571,0.112325285714286,0.139718,0.0408344484848485,0.0477845363636364,0.0537636083916084,0.0607402948717949,0.079615703030303,0.104163062937063,0.112306454545455,0.139693149184149
2795.29,0.0409294,0.0478988,0.0539631,0.0608435,0.0797759,0.104408,0.112578,0.140062,,,0.0409394457142857,0.0479079714285714,0.0539665971428571,0.06085382,0.0797845142857143,0.104413571428571,0.112582285714286,0.140073742857143,0.0410177086247086,0.0479963822843823,0.0540125974358974,0.0609005685314685,0.079822075058275,0.104468114219114,0.112611167832168,0.140119314685315
2796.26,0.0411201,0.0481347,0.0542277,0.0610236,0.080009,0.104749,0.112875,0.140496,,,0.04112646,0.0481396285714286,0.0542300571428571,0.0610248342857143,0.0800045257142857,0.104748057142857,0.112876028571429,0.140499257142857,0.0412312277389277,0.0482537,0.0543091734265734,0.0610862375291375,0.0800443627039627,0.104809130536131,0.112943934731935,0.140581818181818
2797.22,0.0414345,0.0484994,0.0545869,0.0612643,0.0802626,0.105147,0.113238,0.141019,,,0.0414345428571428,0.0485014228571428,0.0545914857142857,0.0612612485714285,0.0802604828571428,0.105147428571429,0.113240314285714,0.1410166,0.0414812125874126,0.0485612053613054,0.0546504582750583,0.0612934843822844,0.0802914470862471,0.105194965034965,0.113315177156177,0.141076193473193
2798.18,0.0418074,0.048941,0.0550337,0.0615253,0.0805408,0.105593,0.113675,0.141586,,,0.0418054714285714,0.0489413942857143,0.0550362028571428,0.0615289342857143,0.0805480942857143,0.105598142857143,0.113680742857143,0.141590457142857,0.0417736797202797,0.0489127006993007,0.0550287293706294,0.0615175895104895,0.080566041025641,0.105611132867133,0.113715433566434,0.141593582750583
2799.15,0.0421731,0.049384,0.0555076,0.0618019,0.0808724,0.106073,0.114167,0.14218,,,0.0421677857142857,0.0493765685714286,0.05550028,0.0618006228571428,0.0808724857142857,0.106071542857143,0.114165628571429,0.142178542857143,0.0421041939393939,0.0492906146853147,0.0554356629370629,0.0617561006993007,0.0808587680652681,0.106030822843823,0.114126717948718,0.142126515151515
2800.11,0.0424884,0.0497483,0.0559189,0.062047,0.0812011,0.106513,0.114628,0.142732,,,0.0424857,0.0497426342857143,0.0559117085714286,0.0620395771428571,0.0811942171428571,0.106506142857143,0.1146202,0.142723514285714,0.0424496503496504,0.049669017016317,0.0558549226107226,0.0619977904428904,0.0811534603729604,0.106430545454545,0.11453296969697,0.142655687645688
2801.08,0.0427721,0.0500405,0.0562633,0.0622284,0.0814696,0.106856,0.114988,0.14319,,,0.0427755114285714,0.0500430371428571,0.0562673542857143,0.0622282114285714,0.0814671485714285,0.1068512,0.114981657142857,0.143187942857143,0.0427843606060606,0.0500308757575758,0.0562659645687646,0.062228517016317,0.0814420808857809,0.10680086013986,0.114924076923077,0.143159303030303
2802.04,0.0430745,0.0503333,0.0566204,0.0624005,0.0817009,0.107125,0.115268,0.143601,,,0.0430776371428571,0.05033636,0.0566269142857143,0.06240776,0.0817044657142857,0.107128171428571,0.1152716,0.143606742857143,0.0430995986013986,0.0503767214452214,0.0566565783216783,0.0624436193473193,0.0817207088578089,0.107141249417249,0.115292967365967,0.14363058041958
2803.01,0.0434061,0.0506698,0.0570225,0.0626199,0.0819466,0.107399,0.115563,0.144036,,,0.04340562,0.0506725,0.05702106,0.0626226171428571,0.08195134,0.107405171428571,0.115572,0.144040285714286,0.0434060897435897,0.050719296037296,0.057030658041958,0.0626451244755245,0.081979531002331,0.107454578088578,0.11563651981352,0.144075825174825
2803.97,0.0437408,0.0510574,0.0574259,0.0628585,0.0822167,0.10772,0.115926,0.144499,,,0.0437370971428571,0.0510580514285714,0.0574208771428571,0.0628528685714286,0.0822152171428571,0.107720857142857,0.115926857142857,0.144495914285714,0.0437211442890443,0.0510753053613053,0.0574037263403263,0.0628348081585081,0.0822100594405594,0.107749193473193,0.115958692307692,0.144505079254079
2804.93,0.0440581,0.051472,0.0578037,0.0630565,0.0824659,0.108058,0.116305,0.144944,,,0.0440567114285714,0.0514691285714286,0.0578037771428571,0.0630534657142857,0.0824614857142857,0.108053971428571,0.116298742857143,0.144940314285714,0.0440530044289044,0.0514540680652681,0.0577884242424242,0.0630159090909091,0.0824175897435897,0.108038547785548,0.116268314685315,0.144925937062937
2805.9,0.0443807,0.0518819,0.0581876,0.0632198,0.0826662,0.108373,0.116638,0.145361,,,0.0443853371428571,0.0518816342857143,0.0581914314285714,0.0632233485714286,0.0826655742857143,0.1083724,0.116637228571429,0.1453652,0.0443994785547785,0.0518549923076923,0.0581905587412587,0.063198579020979,0.0826217573426573,0.108338074592075,0.116580771561772,0.14534603030303
2806.86,0.0447475,0.0522889,0.0586084,0.0633897,0.0828411,0.108672,0.116936,0.145783,,,0.0447489914285714,0.05228854,0.0586072171428571,0.0633878485714286,0.0828390685714285,0.108671142857143,0.116934628571429,0.145782314285714,0.0447592114219114,0.0522758116550116,0.0586169249417249,0.0633958405594406,0.0828429724941725,0.10866020979021,0.116911876456876,0.145772724941725
2807.83,0.0451433,0.0526979,0.0590522,0.0635661,0.0830214,0.108969,0.117219,0.146194,,,0.0451387485714286,0.0526954571428571,0.05904836,0.0635627828571428,0.08302194,0.108967114285714,0.117215571428571,0.146187057142857,0.0451344703962704,0.0527116834498834,0.0590732298368298,0.0636115792540793,0.0830880717948718,0.109000953379953,0.117258981351981,0.146202587412587
2808.79,0.0455355,0.053118,0.0595189,0.0637705,0.0832616,0.109288,0.117523,0.146586,,,0.0455357228571429,0.0531225085714286,0.0595242228571429,0.0637797142857143,0.0832718257142857,0.109294428571429,0.117532771428571,0.146593114285714,0.0455289536130536,0.053154317016317,0.0595584801864802,0.0638419321678322,0.083353479020979,0.109345785547786,0.117609107226107,0.146628428904429
2809.76,0.0459446,0.0535868,0.0600532,0.0640631,0.0836099,0.109675,0.117924,0.147032,,,0.04594802,0.0535915571428571,0.0600593971428571,0.0640698285714285,0.0836138942857143,0.1096816,0.117932657142857,0.1470404,0.0459490093240093,0.0536015228438228,0.0600687333333333,0.064083417016317,0.0836341857808858,0.109692151515152,0.117962638694639,0.147054254079254
2810.72,0.0463885,0.0540893,0.0606377,0.0643966,0.0839952,0.110101,0.118384,0.147522,,,0.0463859971428571,0.0540832657142857,0.0606303628571429,0.0643857571428571,0.0839855742857143,0.110092,0.118372857142857,0.147511457142857,0.0463968156177156,0.054056755011655,0.060600134032634,0.0643297794871795,0.0839233466200466,0.110047869463869,0.118326072261072,0.147484116550117
2811.68,0.0468452,0.054555,0.0611827,0.0646452,0.0842998,0.11046,0.118764,0.147948,,,0.0468440857142857,0.0545501228571428,0.0611759885714286,0.0646371428571428,0.0842933628571428,0.110451171428571,0.118754485714286,0.147941828571429,0.0468669608391608,0.0545217524475524,0.0611484470862471,0.0645728741258741,0.084213875058275,0.110411571095571,0.118693613053613,0.147913731934732
2812.65,0.0473219,0.0549838,0.0616841,0.0648096,0.0845183,0.110751,0.119055,0.148325,,,0.0473273171428571,0.05498764,0.0616901085714286,0.0648155657142857,0.0845198685714286,0.110758971428571,0.119062457142857,0.148334428571429,0.0473525997668998,0.0549946268065268,0.0617058400932401,0.0648082244755245,0.084498675990676,0.110772088578089,0.119052470862471,0.148341923076923
2813.61,0.0478388,0.0554325,0.0622161,0.0649845,0.0847204,0.111076,0.119359,0.14874,,,0.0478395285714286,0.05543586,0.0622215428571428,0.0649889314285714,0.08472418,0.1110832,0.119364485714286,0.148741628571429,0.047840962004662,0.0554656988344988,0.0622540421911422,0.065028596969697,0.0847664634032634,0.111117158508159,0.119390738927739,0.148765372960373
2814.58,0.0483529,0.0559131,0.0627828,0.065195,0.0849575,0.111444,0.119691,0.14917,,,0.0483485971428571,0.0559134171428571,0.0627809485714286,0.06519416,0.0849618628571429,0.111438771428571,0.119686714285714,0.149164942857143,0.0483134864801865,0.0559237983682984,0.0627750328671329,0.0652268906759907,0.0850116333333333,0.11144041958042,0.119700249417249,0.149171692307692
2815.54,0.0488127,0.0563984,0.0633248,0.0654145,0.0852369,0.11178,0.120002,0.149573,,,0.0488112257142857,0.0563968742857143,0.0633208742857143,0.0654145771428571,0.0852364885714286,0.111775714285714,0.1200002,0.149574885714286,0.0487650230769231,0.0563748988344988,0.0632750895104895,0.0654119496503496,0.0852460128205128,0.111749596736597,0.119992004662005,0.149560496503496
2816.51,0.0492169,0.0568575,0.0638043,0.0656262,0.085515,0.11207,0.120293,0.149966,,,0.04921486,0.0568531885714286,0.06379974,0.0656247514285714,0.0855108,0.112071885714286,0.120295657142857,0.149967114285714,0.049203234032634,0.056834275990676,0.0637742764568765,0.0656003466200466,0.0854862277389277,0.112057988344988,0.120288645687646,0.149946284382284
2817.47,0.0495814,0.0572773,0.0642293,0.0658124,0.085753,0.11235,0.120586,0.150344,,,0.0495814085714286,0.0572772142857143,0.0642306457142857,0.0658100085714285,0.08575174,0.112351457142857,0.1205842,0.150339114285714,0.0496235717948718,0.0572986177156177,0.0642695599067599,0.0657928160839161,0.0857314328671328,0.11236196037296,0.120591006993007,0.150330673659674
2818.43,0.0499459,0.057695,0.064661,0.0659723,0.0859611,0.112634,0.120872,0.150689,,,0.04995412,0.05770226,0.0646706085714286,0.0659730542857143,0.0859625228571428,0.112634342857143,0.120872428571429,0.150689514285714,0.0500086121212121,0.0577466596736597,0.0647352079254079,0.0659780104895105,0.0859621811188811,0.112647717948718,0.120883032634033,0.150704062937063
2819.4,0.05035,0.0581488,0.0651449,0.066133,0.0861642,0.112919,0.121163,0.15104,,,0.05035384,0.0581519457142857,0.0651485342857143,0.0661359742857143,0.0861672514285714,0.112919685714286,0.121167114285714,0.151046685714286,0.0503514934731935,0.0581614137529138,0.065156148951049,0.0661522512820513,0.0861642682983683,0.112915855477855,0.121163811188811,0.151068067599068
2820.36,0.0507374,0.0585922,0.0656144,0.0663128,0.0863706,0.113198,0.121466,0.15143,,,0.0507277485714286,0.0585855657142857,0.0656048085714286,0.0663131685714286,0.0863693828571428,0.113196028571429,0.121461971428571,0.151428885714286,0.0506608606060606,0.0585393594405594,0.0655384559440559,0.0663211303030303,0.0863479766899767,0.113180645687646,0.12144537995338,0.151429932400932
2821.33,0.051007,0.058942,0.0659605,0.0664953,0.086553,0.113456,0.12174,0.151814,,,0.0509985314285714,0.0589358971428571,0.0659518,0.0664925057142857,0.08654568,0.113454285714286,0.121735628571429,0.151808,0.0509452564102564,0.0588840093240093,0.0658894046620047,0.0664896533799534,0.0865353937062937,0.113452400932401,0.121731755244755,0.151791680652681
2822.29,0.0511703,0.0591924,0.0661861,0.0666598,0.0866983,0.113701,0.121991,0.15216,,,0.0511756571428571,0.0591942942857143,0.0661907285714286,0.0666598171428571,0.0867005114285714,0.1137022,0.121996314285714,0.152161542857143,0.0512016645687646,0.0591948107226107,0.0662024249417249,0.0666595815850816,0.0867375874125874,0.11372865034965,0.122020163170163,0.152156706293706
2823.25,0.0513376,0.0594088,0.0663956,0.0668182,0.0868788,0.113961,0.122276,0.152506,,,0.0513477142857143,0.0594145342857143,0.0664052685714286,0.0668208657142857,0.08688954,0.113965114285714,0.122280285714286,0.152509685714286,0.0514167596736597,0.0594615857808858,0.0664638641025641,0.0668287983682984,0.0869518778554779,0.113998298368298,0.122308435897436,0.152526615384615
2824.22,0.0515567,0.0596345,0.0666394,0.0669822,0.087141,0.11425,0.12259,0.152872,,,0.0515570514285714,0.05963684,0.0666389285714285,0.0669814114285714,0.0871404257142857,0.114252314285714,0.1225864,0.152870628571429,0.051580893006993,0.0596725037296037,0.0666697680652681,0.0669873452214452,0.0871658988344988,0.114251459207459,0.12258789044289,0.152890111888112
2825.18,0.0517574,0.0598459,0.0668551,0.0671324,0.0874061,0.114534,0.122878,0.153235,,,0.05175038,0.0598439285714286,0.0668488428571428,0.0671315942857143,0.0873996457142857,0.114528771428571,0.122876114285714,0.153235771428571,0.0517034755244755,0.059826613986014,0.0668294277389277,0.0671223163170163,0.0873627319347319,0.114484883449883,0.122848505827506,0.153236207459207
2826.15,0.0518654,0.0599921,0.0669858,0.0672586,0.087602,0.114752,0.123127,0.153588,,,0.0518614228571428,0.0599886714285714,0.0669854742857143,0.0672600485714285,0.0876019228571428,0.114746771428571,0.123128457142857,0.153589028571429,0.05180521002331,0.0599347547785548,0.0669508981351981,0.0672325668997669,0.0875348517482517,0.114700447552448,0.123091261072261,0.15356651048951
2827.11,0.0518883,0.0600452,0.0670476,0.06736,0.0877319,0.114904,0.123346,0.153915,,,0.05188848,0.0600415828571428,0.0670496914285714,0.06735652,0.0877294571428571,0.114906228571429,0.123342657142857,0.153909857142857,0.0518918762237762,0.0600076067599068,0.0670312694638695,0.0673302958041958,0.0876834396270396,0.114903095571096,0.123322939393939,0.15388324009324
2828.08,0.0518801,0.0600173,0.0670604,0.0674189,0.0877999,0.115051,0.123527,0.154188,,,0.0518843342857143,0.0600173171428571,0.0670585657142857,0.06741512,0.0877963685714286,0.115054428571429,0.123524857142857,0.154187571428571,0.0519454382284382,0.060041782983683,0.0670612442890443,0.0674248937062937,0.087804703962704,0.115096403263403,0.123545414918415,0.154183002331002
2829.04,0.0518927,0.0599627,0.0670197,0.0674582,0.0878386,0.115228,0.123701,0.154439,,,0.0518996428571428,0.0599696857142857,0.0670189114285714,0.0674639171428571,0.0878446942857143,0.115228942857143,0.123706828571429,0.154443114285714,0.0519472277389277,0.060024941958042,0.0670357906759907,0.0675133778554779,0.0878958286713287,0.115276207459207,0.123755678321678,0.154462076923077
2830,0.0519286,0.0599355,0.0669424,0.0675449,0.0879218,0.11543,0.123924,0.154705,,,0.0519282657142857,0.0599411742857143,0.0669470457142857,0.06755228,0.0879284171428571,0.115433,0.123930342857143,0.154705942857143,0.051901313053613,0.0599596531468531,0.0669614627039627,0.0675892787878788,0.0879666431235431,0.115440335664336,0.123952272727273,0.154718132867133
2830.97,0.0519093,0.0599083,0.0668546,0.0676793,0.0880522,0.115641,0.124184,0.154975,,,0.0518985428571428,0.0599004742857143,0.0668550028571428,0.0676761457142857,0.0880484028571428,0.115639628571429,0.124179028571429,0.154974314285714,0.0518186843822844,0.0598580783216783,0.0668427461538462,0.0676526172494172,0.0880322643356643,0.115596335664336,0.124140235431235,0.154956482517483
2831.93,0.0517602,0.0597875,0.0667282,0.0677756,0.0881553,0.11581,0.124395,0.155227,,,0.0517549542857143,0.05977844,0.0667221742857143,0.0677662485714286,0.0881480571428571,0.115801171428571,0.124385571428571,0.1552234,0.0516915944055944,0.0597129547785548,0.0666682685314685,0.0677067848484848,0.0881033072261072,0.11574875990676,0.124328715617716,0.155194638694639
2832.9,0.0515322,0.0595708,0.0665304,0.0677848,0.0882009,0.115902,0.124529,0.155447,,,0.0515411828571428,0.0595788485714286,0.0665305714285714,0.0677839942857143,0.0882009171428571,0.115901828571429,0.124530114285714,0.155443914285714,0.0515159163170163,0.0595175177156177,0.0664434599067599,0.0677517174825175,0.0881840452214452,0.115891876456876,0.124521762237762,0.155446783216783
2833.86,0.0513374,0.0593616,0.0662987,0.067767,0.0882433,0.115985,0.124668,0.155663,,,0.0513393285714286,0.0593639314285714,0.0662971657142857,0.0677741742857143,0.0882490257142857,0.115993057142857,0.124676571428571,0.155668657142857,0.0513266307692308,0.0593080629370629,0.0662240459207459,0.0677841785547786,0.0882708172494172,0.116021142191142,0.124716461538462,0.155711167832168
2834.83,0.0511831,0.0591694,0.0660686,0.0677917,0.0883366,0.116129,0.124881,0.155939,,,0.0511700028571428,0.0591514085714286,0.06605648,0.0677919228571428,0.0883379714285714,0.116130457142857,0.124882371428571,0.155944914285714,0.0511733783216783,0.059136134032634,0.066068513986014,0.0678057417249417,0.0883576298368298,0.116142428904429,0.124914114219114,0.15598117016317
2835.79,0.0510541,0.0589765,0.0658935,0.0678447,0.0884681,0.11631,0.125137,0.156273,,,0.0510569885714286,0.0589794742857143,0.0659009571428571,0.0678400714285714,0.08846498,0.116304171428571,0.125131514285714,0.156269228571429,0.0510785326340326,0.0590227300699301,0.0659851818181818,0.0678328993006993,0.0884501487179487,0.116274466200466,0.125127752913753,0.156256426573427
2836.75,0.051088,0.0589751,0.0659682,0.0679092,0.0886091,0.116487,0.125389,0.156594,,,0.0511079714285714,0.0590034628571428,0.0659955171428571,0.0679101342857143,0.0886078314285714,0.116484085714286,0.1253884,0.156589028571429,0.0510688072261072,0.0590021995337995,0.0659939228438228,0.0678966254079254,0.0885696442890443,0.116450151515152,0.125374018648019,0.156543706293706
2837.72,0.0513887,0.0593227,0.0664005,0.0680224,0.0887673,0.116687,0.125654,0.156875,,,0.0513780371428571,0.05931238,0.0663869057142857,0.0680234285714286,0.0887657828571428,0.1166882,0.125656657142857,0.156873971428571,0.0512511289044289,0.0592013328671329,0.0662259685314685,0.0680297613053613,0.0887446081585082,0.116704303030303,0.12565751048951,0.156851976689977
2838.68,0.0518271,0.0598459,0.0669795,0.0682106,0.0889652,0.116971,0.125956,0.157147,,,0.0517914685714286,0.0598025542857143,0.0669317571428571,0.0682090914285714,0.0889636314285714,0.116973828571429,0.125956,0.1571488,0.0518190909090909,0.0598303102564103,0.0669109442890443,0.0682585242424242,0.0890036237762238,0.117059766899767,0.125971412587413,0.157178235431235
2839.65,0.0523985,0.0604917,0.0676529,0.0684881,0.089243,0.117386,0.126288,0.157453,,,0.0524065828571429,0.0605008714285714,0.0676607857142857,0.0684909114285714,0.0892473457142857,0.1173914,0.1262874,0.157457542857143,0.0529151032634033,0.0610322065268065,0.0682073818181818,0.0685964792540792,0.0893649396270396,0.117522258741259,0.126311857808858,0.157510018648019
2840.61,0.0535139,0.0617128,0.0689254,0.0688868,0.0896592,0.117946,0.126643,0.157815,,,0.0535811685714286,0.0617881771428571,0.0690059628571428,0.0688943771428571,0.0896683457142857,0.117951657142857,0.126644285714286,0.157818342857143,0.0544383703962704,0.0626866685314685,0.0699943801864802,0.0690238114219114,0.0898158226107226,0.118065314685315,0.126676804195804,0.157840825174825
2841.58,0.05549,0.0638549,0.0712097,0.0694058,0.0902216,0.118602,0.127021,0.158202,,,0.0555529057142857,0.0639194685714286,0.0712826514285714,0.0694137285714286,0.0902292028571428,0.118606628571429,0.127023657142857,0.1581972,0.0560375158508158,0.0644095897435897,0.0718710741258741,0.0694724892773893,0.0903001417249417,0.118619932400932,0.127046839160839,0.158169613053613
2842.54,0.0578587,0.0663843,0.0739786,0.0699558,0.0908313,0.119239,0.127407,0.158544,,,0.0578379828571428,0.0663573771428571,0.0739554571428571,0.0699547114285714,0.0908288914285714,0.119235485714286,0.127408457142857,0.158540485714286,0.0573216219114219,0.0657856111888112,0.0733967804195804,0.069853703030303,0.0907362613053613,0.119096475524476,0.127382482517482,0.158490692307692
2843.5,0.059418,0.068014,0.0758538,0.070355,0.0913007,0.119688,0.127755,0.158827,,,0.0593127171428571,0.0679029142857143,0.0757347942857143,0.0703390914285714,0.0912863685714286,0.119672742857143,0.127751657142857,0.158827085714286,0.0580322878787879,0.0665502454545455,0.074284527972028,0.070103548018648,0.0910564114219114,0.11943055011655,0.127655988344988,0.158797079254079
2844.47,0.0592076,0.0677711,0.075727,0.0704343,0.0914703,0.119821,0.128002,0.159078,,,0.0591321714285714,0.0676958085714286,0.0756402142857143,0.0704177828571428,0.0914558314285714,0.119807285714286,0.127993428571429,0.159078428571429,0.058042144055944,0.0665737543123543,0.0743901319347319,0.0701985435897436,0.0912323027972028,0.119611610722611,0.12787651048951,0.159083358974359
2845.43,0.0574955,0.0659787,0.0738783,0.0702102,0.0913478,0.119688,0.128124,0.159323,,,0.0575205885714286,0.0660074142857143,0.0739051628571429,0.0702103371428571,0.0913444314285714,0.119687485714286,0.128116628571429,0.159324114285714,0.0573314391608392,0.0658322354312354,0.0736768785547785,0.0701510498834499,0.0912746738927739,0.11967362004662,0.128077787878788,0.159346235431235
2846.4,0.0554297,0.0638383,0.0716003,0.0698919,0.0911097,0.119499,0.128197,0.159583,,,0.0554907885714286,0.0639009914285714,0.0716702342857143,0.0699043028571428,0.0911196857142857,0.119512114285714,0.128203342857143,0.159586,0.0560554606060606,0.0644921953379953,0.0723014652680653,0.070011844988345,0.0912284426573426,0.119673158508159,0.128295503496503,0.159596247086247
2847.36,0.0538655,0.0622164,0.0698722,0.069687,0.0909718,0.11947,0.128383,0.159866,,,0.0538911714285714,0.0622405628571428,0.0699030571428571,0.0696951428571428,0.0909850857142857,0.119484828571429,0.128397914285714,0.159864285714286,0.0545745076923077,0.0629435916083916,0.0706656717948718,0.0698621368298368,0.0911650855477855,0.119676440559441,0.128558403263403,0.159857934731935
2848.32,0.0529455,0.0612481,0.0688573,0.0696584,0.0910334,0.119664,0.12877,0.160145,,,0.0529404085714286,0.0612422971428571,0.0688490457142857,0.0696587257142857,0.0910359285714285,0.1196646,0.128774114285714,0.160139771428571,0.0533252531468531,0.0616463459207459,0.0692704776223776,0.0697820825174825,0.0911588186480186,0.119748748251748,0.128882009324009,0.160146543123543
2849.29,0.0525128,0.0607866,0.0683589,0.069774,0.0912388,0.119971,0.129272,0.160413,,,0.0525110942857143,0.06078798,0.0683536542857143,0.0697761,0.0912352685714286,0.119961742857143,0.129266171428571,0.160417028571429,0.0526064114219114,0.0608998682983683,0.0684595652680653,0.0698187794871795,0.0912566783216783,0.119929808857809,0.129260435897436,0.160456086247086
2850.25,0.0524699,0.0607528,0.0682766,0.0699979,0.0915028,0.120274,0.129755,0.160724,,,0.0524717685714286,0.0607571371428571,0.0682830628571428,0.0699988342857143,0.0915011542857143,0.120269971428571,0.1297514,0.160731714285714,0.0524509655011655,0.0607292575757576,0.0682720188811189,0.0699726447552448,0.0914605142191142,0.120209839160839,0.129664237762238,0.160768305361305
2851.22,0.0527392,0.0610515,0.0685712,0.0702697,0.0917814,0.120564,0.130153,0.161085,,,0.0527339628571428,0.0610416,0.0685689542857143,0.0702627314285714,0.0917786914285714,0.120567257142857,0.130149828571429,0.1610832,0.0527032811188811,0.0609796198135198,0.0685401496503496,0.0702074083916084,0.0917319263403263,0.120541107226107,0.130049018648019,0.161065447552448
2852.18,0.0532213,0.0615369,0.0691281,0.0705181,0.0920498,0.120879,0.130442,0.161413,,,0.0532225085714286,0.06153306,0.0691237285714286,0.0705147742857143,0.0920493114285714,0.120881657142857,0.130438142857143,0.161404771428571,0.0532003734265734,0.0614942596736597,0.069095886013986,0.0704798722610723,0.0920237808857809,0.120880377622378,0.130374002331002,0.161339634032634
2853.15,0.0538779,0.0621787,0.0698589,0.0707531,0.0923148,0.121219,0.130635,0.161646,,,0.0538814657142857,0.0621865342857143,0.06985986,0.0707582857142857,0.0923168057142857,0.121216171428571,0.130634914285714,0.1616436,0.0538536734265734,0.0621857657342657,0.0698467491841492,0.0707635610722611,0.0923121433566434,0.121216358974359,0.130628708624709,0.161594216783217
2854.11,0.0546566,0.0629914,0.0707262,0.0710235,0.0925889,0.121553,0.13079,0.161818,,,0.0546501028571428,0.0629912371428571,0.07072656,0.0710253514285714,0.0925871257142857,0.121550171428571,0.130793771428571,0.1618204,0.0546114377622378,0.062997293006993,0.0707232095571095,0.0710442843822844,0.092592558974359,0.121556097902098,0.130833156177156,0.16183017948718
2855.07,0.0554634,0.0638981,0.0716814,0.0713176,0.0928612,0.121883,0.130966,0.161991,,,0.0554611628571429,0.0638946457142857,0.0716849057142857,0.07131544,0.0928616714285714,0.121887628571429,0.130968314285714,0.161994771428571,0.0554255811188811,0.0638742268065268,0.0716532885780886,0.0713125710955711,0.0928626219114219,0.121900195804196,0.131013233100233,0.162040997668998
2856.04,0.0562801,0.0648238,0.0726717,0.0716021,0.0931415,0.122244,0.131178,0.162199,,,0.0562845142857143,0.0648241085714286,0.0726690342857143,0.0716020914285714,0.0931449714285714,0.122247342857143,0.131179971428571,0.162202,0.0562626850815851,0.0647787543123543,0.0725915769230769,0.0715727212121212,0.0931292627039627,0.122244086247086,0.131192067599068,0.162230445221445
2857,0.0571146,0.0657338,0.0736034,0.0718689,0.0934341,0.122617,0.131414,0.162432,,,0.0571117714285714,0.0657306371428571,0.0735903971428571,0.0718662685714286,0.0934290685714285,0.122610657142857,0.131410657142857,0.162429514285714,0.0571004757575758,0.0656861205128205,0.0735185186480186,0.0718373016317016,0.0934111200466201,0.122585643356643,0.131392610722611,0.16241648018648
2857.97,0.0579233,0.0665898,0.0744139,0.07211,0.0937028,0.122944,0.131639,0.162645,,,0.0579208228571428,0.0665875457142857,0.07441516,0.0721073771428571,0.0936978457142857,0.1229398,0.131634542857143,0.162640285714286,0.0579173205128205,0.066567006993007,0.0744140212121212,0.0721096086247086,0.093716203030303,0.122924228438228,0.131627006993007,0.162612177156177
2858.93,0.0586956,0.0673904,0.0751923,0.0723481,0.0939701,0.123241,0.131857,0.162822,,,0.0587000914285714,0.0673937857142857,0.0752058,0.0723531571428571,0.0939791685714286,0.123247857142857,0.131860942857143,0.162823114285714,0.0587065738927739,0.0674025002331002,0.0752612631701632,0.0723898582750583,0.094036093006993,0.123261489510489,0.131890897435897,0.162818545454545
2859.9,0.0594498,0.0681605,0.076013,0.0726365,0.0943163,0.123573,0.132124,0.163002,,,0.0594486,0.0681611771428571,0.07601216,0.0726401171428571,0.0943241685714286,0.123575228571429,0.13213,0.163005342857143,0.0594666958041958,0.0681905995337995,0.0760546361305361,0.07268342004662,0.0943598617715618,0.123599095571096,0.132172454545455,0.163029897435897
2860.86,0.0601518,0.0688855,0.0767929,0.0729695,0.0947159,0.123925,0.13245,0.163211,,,0.0601494342857143,0.0688843514285714,0.0767853228571428,0.0729669114285714,0.0947081771428571,0.1239202,0.132448542857143,0.163211,0.0601724044289044,0.0689182503496504,0.0767875477855478,0.0729873645687646,0.0946764678321678,0.123932533799534,0.132457762237762,0.163235468531469
2861.82,0.0607815,0.0695429,0.0774587,0.0732992,0.0950516,0.124256,0.132775,0.163436,,,0.06078834,0.0695471771428571,0.07746134,0.07329962,0.0950437142857143,0.124257371428571,0.132771485714286,0.163437542857143,0.0607868398601399,0.0695524937062937,0.077441475990676,0.0732861461538462,0.0949771118881119,0.124255981351981,0.132733487179487,0.163431741258741
2862.79,0.0613464,0.0701236,0.0780255,0.0736079,0.0952962,0.124581,0.133056,0.163664,,,0.0613464257142857,0.07012528,0.0780293228571428,0.0736088342857143,0.09529926,0.124584771428571,0.133055228571429,0.163662457142857,0.0612894979020979,0.0700646011655012,0.0779868708624709,0.0735664083916084,0.0952618412587413,0.12456793006993,0.132996885780886,0.163631300699301
2863.75,0.0617742,0.0705686,0.0784776,0.073873,0.0955145,0.124899,0.133291,0.163864,,,0.0617622171428571,0.07055906,0.0784729457142857,0.0738676857142857,0.09551642,0.124894371428571,0.133287742857143,0.163857314285714,0.0616755986013986,0.070449862004662,0.0784027065268065,0.0738203668997669,0.0955299794871795,0.124866482517483,0.133253284382284,0.163841608391608
2864.72,0.0619923,0.0707993,0.0787547,0.074061,0.0957356,0.125165,0.133487,0.164023,,,0.0619877485714285,0.0707890742857143,0.0787451771428571,0.0740573485714285,0.09573434,0.125160457142857,0.133485285714286,0.164025571428571,0.0619439643356643,0.0707210128205128,0.0786908741258741,0.07404181002331,0.095775755011655,0.125148081585082,0.133506648018648,0.164049219114219
2865.68,0.0620679,0.0708484,0.0788508,0.0742004,0.0959662,0.125388,0.133689,0.164206,,,0.0620766428571428,0.07085308,0.0788510914285714,0.0742058771428571,0.0959705971428571,0.125392457142857,0.133695428571429,0.164216114285714,0.0620999505827506,0.070891941025641,0.0788636748251748,0.0742333965034965,0.096004551048951,0.125413685314685,0.133760058275058,0.164242967365967
2866.64,0.0621213,0.0708679,0.078871,0.0743623,0.0962277,0.12563,0.133962,0.164448,,,0.0621278657142857,0.0708826685714286,0.0788851942857143,0.07436698,0.0962297828571428,0.125635228571429,0.133968171428571,0.164444914285714,0.0621680384615384,0.0709796023310023,0.0789388223776224,0.0744051622377622,0.0962320734265734,0.125664888111888,0.134019177156177,0.164433296037296
2867.61,0.0621708,0.0709552,0.078917,0.0745539,0.0964902,0.125901,0.134296,0.164666,,,0.0621637457142857,0.0709564342857143,0.0789173771428571,0.0745506085714286,0.0964841571428571,0.125898514285714,0.134293,0.164654428571429,0.0621834027972028,0.0710080128205128,0.0789415888111888,0.0745617505827506,0.0964601237762238,0.12589896969697,0.134285724941725,0.164632846153846
2868.57,0.0621581,0.0710354,0.0789249,0.0747278,0.0966995,0.12615,0.134609,0.164813,,,0.0621530342857143,0.0710239571428571,0.0789108171428571,0.0747262657142857,0.0966976485714286,0.126146142857143,0.1346024,0.1648166,0.0621650967365967,0.0709956594405594,0.0788902314685315,0.0747039729603729,0.0966718939393939,0.12611444988345,0.134552638694639,0.164833902097902
2869.54,0.0621072,0.0710192,0.0788264,0.074875,0.0968719,0.126355,0.134854,0.164977,,,0.0621196371428571,0.0710201514285714,0.0788318514285714,0.0748764914285714,0.09687664,0.126355514285714,0.134854171428571,0.164989857142857,0.0621216794871795,0.070959020979021,0.0788032023310023,0.0748384715617716,0.0968556841491841,0.126318356643357,0.134808862470862,0.165015174825175
2870.5,0.0621012,0.0709508,0.0787175,0.0750044,0.0970453,0.126539,0.135061,0.165204,,,0.0621029742857143,0.0709547857142857,0.0787257028571428,0.0750006714285714,0.0970444,0.126538742857143,0.135062885714286,0.165201171428571,0.0620757601398601,0.0709216254079254,0.0787155093240093,0.0749761107226107,0.0970208065268065,0.126525503496504,0.135044431235431,0.16516696037296
2871.47,0.0620781,0.0708633,0.0786306,0.0751075,0.0972023,0.126719,0.135258,0.16539,,,0.0620575371428571,0.0708530742857143,0.0786161828571428,0.0751045257142857,0.0971952028571428,0.126716171428571,0.135256371428571,0.165374914285714,0.0620465808857809,0.0708901710955711,0.0786490123543123,0.0751241927738928,0.0971905951048951,0.126748116550117,0.135260088578089,0.165305634032634
2872.43,0.0619552,0.0707433,0.0785024,0.0752193,0.097336,0.126915,0.135451,0.165464,,,0.06195958,0.0707486057142857,0.0785045942857143,0.0752257885714286,0.0973373371428571,0.126918771428571,0.135450914285714,0.165462542857143,0.0620293337995338,0.0708497128205128,0.0785961566433566,0.0752862144522145,0.0973874212121212,0.126989375291375,0.13547431002331,0.165456792540793
2873.39,0.0618897,0.0706967,0.0784378,0.0754095,0.0975223,0.12718,0.135665,0.165531,,,0.0619175657142857,0.0707181885714285,0.07846198,0.0754167257142857,0.0975332114285714,0.127189771428571,0.135667314285714,0.165544285714286,0.0620063909090909,0.0707902953379953,0.0785434920745921,0.0754651909090909,0.0976166435897436,0.127245766899767,0.135709717948718,0.165624766899767
2874.36,0.0619877,0.0707675,0.0785161,0.0756721,0.0978215,0.127523,0.135926,0.165713,,,0.0619814771428571,0.0707593314285714,0.0785111885714286,0.0756683371428571,0.0978252028571428,0.127520942857143,0.135928828571429,0.165719857142857,0.0619521881118881,0.0706995431235431,0.078467693006993,0.0756603682983683,0.0978618986013986,0.127506128205128,0.13597072027972,0.165794713286713
2875.32,0.0620302,0.070749,0.0785345,0.0759168,0.0981666,0.127839,0.136233,0.165977,,,0.0620065257142857,0.0707280857142857,0.0785130714285714,0.0759092914285714,0.0981599057142857,0.1278288,0.136234542857143,0.165971257142857,0.0618593202797203,0.0705677272727273,0.0783507307692308,0.0758642090909091,0.0981065853146853,0.127752289044289,0.136243303030303,0.165962738927739
2876.29,0.0618708,0.0705298,0.0783475,0.0760972,0.0984474,0.128047,0.136552,0.16621,,,0.0618704314285714,0.0705306485714285,0.0783442171428571,0.0760986485714286,0.0984404914285714,0.128045457142857,0.136550028571429,0.166202628571429,0.061770317016317,0.0704256664335664,0.0782244489510489,0.0760649188811189,0.0983504298368298,0.127973386946387,0.13651348951049,0.166141529137529
2877.25,0.0616393,0.0702425,0.0780596,0.0762545,0.0986318,0.128185,0.136831,0.166366,,,0.0616424971428571,0.0702431257142857,0.07805978,0.0762581685714286,0.0986286542857143,0.128187571428571,0.136825771428571,0.166365657142857,0.0617200703962704,0.0703118319347319,0.0781261911421911,0.0762504382284382,0.0985919750582751,0.128170552447552,0.136773095571096,0.166330445221445
2878.22,0.0614698,0.0700098,0.0778136,0.076413,0.0987683,0.128309,0.137041,0.166485,,,0.0614788428571428,0.0700170085714286,0.0778252485714285,0.07641024,0.0987730657142857,0.128307457142857,0.137039371428571,0.166488771428571,0.0616760592074592,0.0702160897435897,0.0780331025641025,0.0764147715617716,0.0988159149184149,0.128345965034965,0.137015827505828,0.16650265967366
2879.18,0.0614591,0.0699471,0.0777502,0.0765542,0.0989421,0.128445,0.137214,0.166611,,,0.0614812314285714,0.0699715714285714,0.0777754428571428,0.0765528371428571,0.0989508,0.128449371428571,0.1372176,0.166614085714286,0.0615931282051282,0.0701131256410256,0.0779075680652681,0.07656271002331,0.0990127333333333,0.128505566433566,0.137235818181818,0.166634095571096
2880.14,0.0615985,0.0700857,0.0778742,0.0766918,0.0991828,0.128637,0.137401,0.166744,,,0.0615913514285714,0.0700819885714286,0.0778658342857143,0.0766956485714286,0.0991812057142857,0.128642657142857,0.137403657142857,0.166742457142857,0.0614658501165501,0.070002131002331,0.0777496694638695,0.0767061748251748,0.0991921272727273,0.128668081585082,0.137432869463869,0.166730494172494
2881.11,0.0616211,0.0701714,0.0778959,0.0768554,0.0994185,0.128878,0.137611,0.166848,,,0.0615899342857143,0.0701414685714286,0.0778629085714286,0.0768564371428571,0.0994115485714286,0.128873028571429,0.137611257142857,0.166843542857143,0.0613108836829837,0.0698948874125874,0.077583872027972,0.0768553503496504,0.0993702195804196,0.128849321678322,0.137617631701632,0.166813736596737
2882.07,0.0613434,0.0699933,0.0776232,0.0770297,0.0995959,0.129095,0.137822,0.166905,,,0.0613341342857143,0.0699830228571428,0.0776147742857143,0.0770254057142857,0.0995951114285714,0.129088657142857,0.1378184,0.166903628571429,0.0611676610722611,0.0698197993006993,0.0774572242424243,0.0770158596736597,0.0995555258741259,0.129052407925408,0.137806839160839,0.166896522144522
2883.04,0.0609455,0.0696897,0.0772489,0.0771873,0.0997428,0.129273,0.138009,0.166949,,,0.0609543628571428,0.06969738,0.0772591685714285,0.0771861428571428,0.0997440085714285,0.129275914285714,0.138007971428571,0.166953714285714,0.0610861962703963,0.0698055731934732,0.0774147337995338,0.0771927925407925,0.0997446559440559,0.129277713286713,0.138007244755245,0.16698093006993
2884,0.0607156,0.0695188,0.0770641,0.0773509,0.0998962,0.129471,0.138189,0.16703,,,0.0607344314285714,0.0695374857142857,0.0770839942857143,0.0773554342857143,0.0998978371428571,0.129474428571429,0.138192342857143,0.167032314285714,0.0610724386946387,0.0698313263403263,0.0774407009324009,0.0773849799533799,0.0999302953379954,0.129519027972028,0.138208505827506,0.16706810955711
2884.97,0.0608385,0.0696492,0.0772401,0.0775567,0.100079,0.129714,0.138391,0.167143,,,0.0608656114285714,0.0696743314285714,0.0772689342857143,0.0775593485714286,0.100082,0.129715885714286,0.138393914285714,0.167141028571429,0.0610977079254079,0.0698522158508158,0.0774836827505828,0.0775769678321678,0.100113476223776,0.129755904428904,0.138398582750583,0.167158058275058
2885.93,0.0612793,0.0700315,0.0777161,0.077788,0.100295,0.129987,0.138605,0.167256,,,0.06127618,0.0700240342857143,0.0777104257142857,0.0777864485714286,0.100293782857143,0.129989228571429,0.138601657142857,0.167256514285714,0.0611524305361306,0.0698620972027972,0.077525020979021,0.077754548018648,0.100298233333333,0.129973149184149,0.138580398601399,0.167248883449883
2886.89,0.0616868,0.0703231,0.0780949,0.0779972,0.100513,0.130253,0.138787,0.16736,,,0.0616477057142857,0.0702837571428571,0.0780485457142857,0.0779928028571428,0.100512057142857,0.130248457142857,0.138782285714286,0.167360514285714,0.0612606496503496,0.0699022932400932,0.0775932470862471,0.0779279545454545,0.100483034032634,0.13017731002331,0.138765939393939,0.167335191142191
2887.86,0.0617462,0.0702685,0.0780455,0.0781548,0.100716,0.130449,0.138932,0.16744,,,0.0617214542857143,0.0702488457142857,0.0780190828571428,0.0781491,0.100715657142857,0.130440085714286,0.138933714285714,0.167436228571429,0.0614726780885781,0.0700462983682984,0.0777536629370629,0.0781236102564102,0.100674843822844,0.130383181818182,0.138956757575758,0.167406193473193
2888.82,0.0615988,0.0700712,0.0777777,0.0782826,0.100898,0.130565,0.13909,0.167475,,,0.0616090942857143,0.0700844942857143,0.0777936685714286,0.0782841514285714,0.100892257142857,0.130565342857143,0.139096685714286,0.167474314285714,0.0618124137529137,0.0703407093240093,0.0780519088578089,0.0783511233100233,0.100886314219114,0.130594925407925,0.139136862470862,0.167455755244755
2889.79,0.0616746,0.070164,0.0778095,0.0784689,0.101057,0.130695,0.139291,0.167488,,,0.06171504,0.0702030771428571,0.0778545257142857,0.0784813114285714,0.101057257142857,0.130706485714286,0.139293228571429,0.167490142857143,0.0622208265734266,0.0707408153846154,0.0784480398601398,0.0785934424242424,0.101113524475524,0.130804685314685,0.139291706293706,0.167494219114219
2890.75,0.0622835,0.0708246,0.0784726,0.0787839,0.101258,0.130929,0.139487,0.16751,,,0.0623256971428571,0.0708667542857143,0.0785169571428571,0.07879176,0.101272228571429,0.130936457142857,0.139479885714286,0.167509142857143,0.0626179219114219,0.0711680118881119,0.078871017016317,0.0788300715617716,0.10134031002331,0.130999918414918,0.139424121212121,0.16753831002331
2891.71,0.0632636,0.0718748,0.0795734,0.079153,0.101563,0.131223,0.139604,0.167547,,,0.0632411171428571,0.0718537657142857,0.07955114,0.0791427657142857,0.101564542857143,0.131216742857143,0.1395974,0.167548114285714,0.0629869356643357,0.071592551048951,0.0792990736596737,0.0790544286713287,0.101558627039627,0.131173780885781,0.139546855477856,0.167593664335664
2892.68,0.0639607,0.0726446,0.0804008,0.0794099,0.101868,0.131446,0.139651,0.167615,,,0.0638940828571428,0.0725765257142857,0.0803311914285714,0.0793953285714286,0.101853428571429,0.131435971428571,0.139654257142857,0.167619885714286,0.0633387307692308,0.0719993207459207,0.0797217191142191,0.0792664624708625,0.101767668997669,0.131327937062937,0.139663941724942,0.1676511002331
2893.64,0.0639829,0.0727094,0.0805034,0.0795077,0.102051,0.13154,0.139714,0.167717,,,0.0639695028571428,0.0726941,0.08048648,0.0795083942857143,0.102045428571429,0.131537257142857,0.139720857142857,0.167717771428571,0.0636542897435897,0.0723421564102564,0.0800928986013986,0.0794607913752914,0.101970946386946,0.131463146853147,0.139770062937063,0.167696876456876
2894.61,0.0637155,0.0724388,0.0802419,0.0795695,0.10216,0.131564,0.139841,0.167799,,,0.0637515771428571,0.0724745942857143,0.0802747885714286,0.0795797685714286,0.102167371428571,0.131567514285714,0.139842457142857,0.167793171428571,0.0639013179487179,0.0725795116550117,0.0803673503496503,0.0796314118881119,0.102174268065268,0.131576116550117,0.139869261072261,0.167725948717949
2895.57,0.0637001,0.0723809,0.0801744,0.0797103,0.102308,0.131609,0.14,0.167798,,,0.0637223342857143,0.0724010257142857,0.0801952285714286,0.0797134285714286,0.102311428571429,0.131613028571429,0.139995371428571,0.167790885714286,0.0640793223776224,0.0727252643356643,0.0805512261072261,0.0797867895104895,0.10237510955711,0.131673641025641,0.139981167832168,0.167742160839161
2896.54,0.0640574,0.0726662,0.0804753,0.0799253,0.102522,0.131725,0.140142,0.167719,,,0.0640612914285714,0.0726670314285714,0.0804835628571428,0.0799222142857143,0.102522942857143,0.1317274,0.140138485714286,0.167720885714286,0.0642727473193473,0.0728886533799534,0.080748513986014,0.0799576524475524,0.102575193473193,0.131786585081585,0.140123048951049,0.167743368298368
2897.5,0.0646487,0.0731904,0.081076,0.0801732,0.102789,0.131915,0.140272,0.16765,,,0.0646416457142857,0.0731869885714286,0.08107432,0.0801733371428571,0.102790971428571,0.131914657142857,0.140275514285714,0.167660542857143,0.0646338198135198,0.0732442365967366,0.0811375610722611,0.0801809974358974,0.102800664335664,0.131954400932401,0.140295153846154,0.167721312354312
2898.46,0.0652899,0.0738395,0.0818115,0.0804487,0.103085,0.132154,0.140436,0.167657,,,0.0652719085714286,0.0738293857142857,0.0817929428571428,0.0804489571428571,0.103080285714286,0.132152542857143,0.140440114285714,0.1676594,0.0652203144522144,0.0738615174825175,0.0817918624708625,0.0804608916083916,0.103070335664336,0.132183853146853,0.140481834498834,0.167679
2899.43,0.0658792,0.0745393,0.0825364,0.0807449,0.103363,0.132421,0.140639,0.167683,,,0.0658850542857143,0.0745466285714286,0.0825413457142857,0.08074538,0.103360857142857,0.1324246,0.140638142857143,0.167673142857143,0.0659114058275058,0.0746124097902098,0.082578403962704,0.0807580072261072,0.103361128205128,0.132437752913753,0.140658347319347,0.167633862470862
2900.39,0.0665247,0.0753336,0.0833218,0.0810519,0.103631,0.132712,0.140838,0.167643,,,0.0665532,0.0753585257142857,0.0833531714285714,0.0810565971428571,0.103638971428571,0.132716457142857,0.140838514285714,0.167639228571429,0.0665511545454545,0.0753204536130536,0.0833118967365967,0.0810332163170163,0.103635456876457,0.132672442890443,0.140804832167832,0.167600440559441
2901.36,0.0672662,0.0761807,0.0841811,0.0813542,0.103922,0.132981,0.141,0.167567,,,0.0672531628571428,0.0761641742857143,0.0841646428571428,0.0813499314285714,0.103921914285714,0.132972,0.140998028571429,0.167572657142857,0.0670802104895105,0.0759068832167832,0.0839101862470862,0.0812790655011655,0.103879948717949,0.132870533799534,0.140917608391608,0.167581636363636
2902.32,0.067811,0.0767481,0.0847617,0.0815815,0.104176,0.13313,0.141086,0.167529,,,0.0677710057142857,0.0767031342857143,0.0847117971428571,0.0815698,0.104163657142857,0.133117914285714,0.141076657142857,0.167532257142857,0.0675258333333333,0.0763839356643357,0.0843922501165501,0.0815052787878788,0.104102386946387,0.133038368298368,0.14100565034965,0.167570328671329
2903.29,0.0680185,0.0768961,0.084903,0.0817133,0.104334,0.133166,0.14108,0.167537,,,0.0680210971428571,0.0768976,0.0849053228571428,0.0817162228571428,0.104332628571429,0.133171057142857,0.141078714285714,0.167534771428571,0.0679623543123543,0.0768198792540793,0.0848383571095571,0.0817237764568765,0.104320118881119,0.133192547785548,0.14108362004662,0.167561477855478
2904.25,0.0682147,0.0770096,0.0850266,0.0818656,0.104481,0.133237,0.141075,0.167561,,,0.0682398485714285,0.0770395228571428,0.0850613142857143,0.0818759542857143,0.104490857142857,0.133248742857143,0.141084514285714,0.167562371428571,0.0684603540792541,0.0772996249417249,0.0853399822843823,0.0819474496503496,0.104552037296037,0.133348706293706,0.141168251748252,0.16756227972028
2905.21,0.0686953,0.077456,0.085527,0.0821203,0.104718,0.133432,0.141179,0.167597,,,0.0687059028571428,0.0774687714285714,0.0855404828571428,0.0821211142857143,0.104721428571429,0.133433971428571,0.141185428571429,0.167596571428571,0.0690306923076923,0.0778607244755245,0.0859347897435897,0.0821862755244755,0.104801727272727,0.13351727972028,0.141273032634033,0.167579482517482
2906.18,0.0694626,0.0782536,0.0863937,0.0824385,0.105031,0.133703,0.141389,0.167625,,,0.0694735714285714,0.0782658571428571,0.0864007457142857,0.0824366657142857,0.105030314285714,0.1337006,0.141387885714286,0.167622,0.069644734032634,0.0784917370629371,0.0866120079254079,0.0824496522144522,0.105061216783217,0.133708624708625,0.141404678321678,0.167604988344988
2907.14,0.0703952,0.0792717,0.0874589,0.0827718,0.105366,0.133979,0.141627,0.16763,,,0.0703963742857143,0.0792761142857143,0.0874619857142857,0.0827706257142857,0.105366085714286,0.133976171428571,0.141621685714286,0.167630685714286,0.0702797967365967,0.0791706135198135,0.0873506990675991,0.0827466377622378,0.105328342657343,0.133925995337995,0.141568871794872,0.167625946386946
2908.11,0.0712437,0.0802366,0.0884726,0.0830932,0.105677,0.134217,0.141828,0.167632,,,0.0712178057142857,0.0802081342857143,0.0884497571428571,0.0830907571428571,0.105671685714286,0.134214085714286,0.141824057142857,0.167633885714286,0.070900658041958,0.0798520358974359,0.0881035356643357,0.0830672675990676,0.105599769230769,0.134153806526807,0.141769004662005,0.167637780885781
2909.07,0.071745,0.0808231,0.0891488,0.0833894,0.105917,0.134407,0.141989,0.167643,,,0.0717223028571428,0.0807946257142857,0.0891207285714286,0.0833906171428571,0.1059122,0.134406914285714,0.141988657142857,0.167642657142857,0.0714589624708625,0.08047371002331,0.0888076351981352,0.0833800447552447,0.1058622004662,0.134372293706294,0.14199068997669,0.167642573426573
2910.04,0.0719381,0.0810381,0.089468,0.0836756,0.106101,0.134573,0.142153,0.167653,,,0.0719439371428571,0.0810426685714286,0.08946734,0.0836777514285714,0.106103571428571,0.134571628571429,0.142157457142857,0.167651714285714,0.0719398675990676,0.0810105736596737,0.0894401571095571,0.0836637342657343,0.106111184149184,0.134579405594406,0.142206706293706,0.167645391608392
2911,0.0721268,0.0812207,0.0897382,0.0839528,0.1063,0.13474,0.142367,0.167656,,,0.0721470971428571,0.0812435857142857,0.0897624228571428,0.0839501,0.106304114285714,0.134741457142857,0.142373942857143,0.167655571428571,0.0723620081585082,0.0814780780885781,0.0900139011655012,0.083923065967366,0.106354939393939,0.134784531468531,0.142404156177156,0.167655794871795
2911.96,0.0725468,0.0816567,0.0902751,0.0841969,0.106555,0.134949,0.142626,0.167661,,,0.0725618771428571,0.0816755742857143,0.09030018,0.0841929571428571,0.106556628571429,0.134955342857143,0.1426224,0.1676616,0.0727532062937063,0.0819038391608392,0.0905448606060606,0.0841709384615384,0.106597916083916,0.134994233100233,0.142594020979021,0.167677414918415
2912.93,0.073197,0.0823649,0.0911118,0.0844153,0.106859,0.135224,0.142844,0.167682,,,0.0731944371428571,0.0823629457142857,0.0911088771428571,0.0844168257142857,0.106860971428571,0.135224514285714,0.142833457142857,0.167683971428571,0.0731641832167832,0.0823432918414918,0.0910700265734266,0.0844171794871795,0.106847104895105,0.135216011655012,0.142784482517482,0.167704634032634
2913.89,0.0739004,0.0831439,0.0919888,0.0846614,0.107186,0.135515,0.142977,0.167726,,,0.0738815342857143,0.0831222828571428,0.0919604971428571,0.0846659942857143,0.107181371428571,0.135507542857143,0.1429788,0.167727714285714,0.0736804983682984,0.0828991342657343,0.0916796156177156,0.084678555011655,0.107127671328671,0.135463121212121,0.142964864801865,0.167732447552448
2914.86,0.0745099,0.0838151,0.0926807,0.0849708,0.107487,0.135766,0.143104,0.167777,,,0.0744931085714285,0.0837952914285714,0.09265904,0.0849690685714286,0.1074786,0.135762228571429,0.143114714285714,0.167774085714286,0.0743859002331002,0.0836734326340326,0.0924847363636363,0.0849859839160839,0.107463722610723,0.135746125874126,0.143126876456876,0.167758496503496
2915.82,0.0750985,0.0844521,0.0932923,0.0853255,0.107767,0.136008,0.143283,0.167799,,,0.0751028714285714,0.0844561542857143,0.0932970057142857,0.0853205028571428,0.1077706,0.136013057142857,0.143278285714286,0.167796857142857,0.0752963438228438,0.0846798146853147,0.0935203391608392,0.085366465034965,0.107848813519814,0.136061165501165,0.143282156177156,0.167776261072261
2916.78,0.0759351,0.0853596,0.0941811,0.0857277,0.108129,0.136316,0.143447,0.16779,,,0.0759695485714286,0.0854011714285714,0.0942232542857143,0.0857339142857143,0.1081452,0.136323885714286,0.143438257142857,0.1677918,0.0763480540792541,0.0858328454545454,0.0947139107226107,0.0858168874125874,0.108253095571096,0.136392242424242,0.143449414918415,0.167779083916084
2917.75,0.0772376,0.086795,0.0956497,0.0862379,0.108634,0.136706,0.143584,0.167773,,,0.0772686028571428,0.0868313,0.0956925142857143,0.0862499771428571,0.108638285714286,0.136706857142857,0.143591371428571,0.167773857142857,0.0774743489510489,0.0870472794871795,0.0959861230769231,0.0863082855477855,0.108650484848485,0.136727466200466,0.143637664335664,0.167768717948718
2918.71,0.078822,0.0885307,0.0975089,0.0868441,0.109154,0.137102,0.143784,0.16775,,,0.0787970485714286,0.0884975628571428,0.0974806057142857,0.0868404742857143,0.109137714285714,0.137094457142857,0.143794371428571,0.167746742857143,0.0786540107226107,0.0882998657342657,0.0973194081585081,0.0868095202797203,0.109031692307692,0.137060636363636,0.143838177156177,0.167752703962704
2919.68,0.0801426,0.0899156,0.09907,0.0873934,0.109511,0.137418,0.144051,0.167713,,,0.0800962628571428,0.0898607,0.0990094428571428,0.0873784685714285,0.109500371428571,0.137415428571429,0.144045428571429,0.167714028571429,0.0798386491841492,0.0895456473193473,0.0986678167832168,0.0872914146853147,0.109396995337995,0.137374631701632,0.144030219114219,0.167738226107226
2920.64,0.0809448,0.0906852,0.0999744,0.0877752,0.109717,0.137656,0.144268,0.167692,,,0.08095536,0.0906995571428571,0.09998346,0.0877742657142857,0.109723428571429,0.137660542857143,0.144259171428571,0.167696885714286,0.0808809163170163,0.0906283878787879,0.0998637375291375,0.0877180643356643,0.109731027972028,0.137637748251748,0.144201244755245,0.167727237762238
2921.61,0.0815146,0.0912155,0.10057,0.0880531,0.109908,0.137848,0.144383,0.167705,,,0.0815559657142857,0.0912649828571428,0.10062028,0.0880639514285714,0.109918114285714,0.137848085714286,0.144384028571429,0.167705,0.0815880207459207,0.0913370801864802,0.100675751515152,0.0880525226107226,0.109997913752914,0.137824867132867,0.144347494172494,0.167713361305361
2922.57,0.0820148,0.091715,0.101099,0.0883016,0.110145,0.137973,0.144447,0.167713,,,0.0820059885714286,0.0917070542857143,0.101094165714286,0.0883003828571428,0.110148685714286,0.137968114285714,0.1444506,0.167710085714286,0.0818470484848485,0.0915538990675991,0.100956811421911,0.0882772715617716,0.110177724941725,0.137935636363636,0.144453867132867,0.167689272727273
2923.53,0.0821256,0.0918149,0.101217,0.0884686,0.110371,0.138009,0.144499,0.167677,,,0.0820816885714286,0.0917632228571428,0.101168425714286,0.0884580485714285,0.110363542857143,0.138006857142857,0.1445008,0.167675028571429,0.0817205223776224,0.0913619328671329,0.100768296969697,0.0884118358974359,0.110296881118881,0.137990571095571,0.144508132867133,0.167649902097902
2924.5,0.08163,0.0912391,0.100636,0.0885162,0.110486,0.137991,0.144536,0.167592,,,0.0816123942857143,0.0912170285714285,0.100610971428571,0.08851548,0.110475114285714,0.137994342857143,0.144533171428571,0.167592,0.0814010568764569,0.0909794230769231,0.100332777622378,0.0885019368298368,0.110395736596737,0.138014067599068,0.144525745920746,0.167584976689977
2925.46,0.0808233,0.0903144,0.0996347,0.0885296,0.110477,0.137979,0.144534,0.167476,,,0.0808387457142857,0.0903357171428571,0.0996483371428571,0.0885365685714286,0.110477685714286,0.137982085714286,0.1445298,0.167478914285714,0.0810335018648019,0.0905565993006993,0.0998211219114219,0.0885819034965035,0.110479393939394,0.138020074592075,0.144531680652681,0.167480778554779
2926.43,0.0802062,0.0896251,0.0987838,0.0886024,0.110458,0.137994,0.144502,0.167347,,,0.0802439142857143,0.0896686942857143,0.0988284742857143,0.0886064371428571,0.110471114285714,0.137993657142857,0.1445068,0.167347257142857,0.0806558696969697,0.0901256326340326,0.0992815827505827,0.0886610491841492,0.110531568764569,0.138014955710956,0.144530715617716,0.167335424242424
2927.39,0.0800992,0.0895068,0.0984949,0.0887469,0.110535,0.138021,0.144498,0.167189,,,0.0801252828571428,0.0895305685714286,0.0985249,0.0887464714285714,0.110538771428571,0.138021,0.144503914285714,0.167184457142857,0.0803320547785548,0.0897538641025641,0.0987897412587413,0.0887533132867133,0.110561592074592,0.138006895104895,0.144519293706294,0.167161389277389
2928.36,0.0803828,0.0897865,0.0986584,0.0889283,0.110661,0.138049,0.144524,0.166983,,,0.0803515914285714,0.0897511171428571,0.0986246628571428,0.0889237914285714,0.110648914285714,0.138047542857143,0.144518685714286,0.166982057142857,0.0802070333333333,0.0895952331002331,0.0985092937062937,0.0888943953379953,0.110613424242424,0.138012135198135,0.144504256410256,0.166976396270396
2929.32,0.0806332,0.0900139,0.0988147,0.0891168,0.110745,0.138067,0.144513,0.166763,,,0.0805931371428571,0.0899754057142857,0.0987749285714285,0.0891128228571428,0.110738828571429,0.138063142857143,0.1445064,0.1667666,0.0803912538461538,0.0897594554778555,0.098569648018648,0.089112389044289,0.110729384615385,0.138049839160839,0.144491722610723,0.166793694638695
2930.28,0.0807907,0.0901515,0.0988978,0.0893352,0.110837,0.138081,0.14446,0.166574,,,0.0808089228571428,0.0901722857142857,0.0989160914285714,0.0893395028571428,0.110847285714286,0.138080142857143,0.144465828571429,0.166575285714286,0.0808798095571096,0.0902308857808858,0.0989739487179487,0.0894015701631702,0.110916981351981,0.138129636363636,0.144479354312354,0.16661796969697
2931.25,0.081263,0.0906109,0.0993057,0.0896527,0.111059,0.138142,0.144437,0.166419,,,0.0813007485714285,0.0906457257142857,0.09934044,0.0896623085714285,0.111069885714286,0.138151342857143,0.144443342857143,0.166420971428571,0.0815991603729604,0.0909305433566434,0.0996374421911422,0.0897376981351981,0.111155857808858,0.13824258974359,0.144463400932401,0.16644706993007
2932.21,0.0822452,0.0915612,0.100223,0.0900883,0.111413,0.138311,0.144448,0.166286,,,0.0822504371428571,0.0915631885714285,0.100230714285714,0.0900894657142857,0.111408971428571,0.138318028571429,0.144442085714286,0.166285571428571,0.0824776913752914,0.0917931745920746,0.100469927738928,0.0901014976689977,0.111426421911422,0.138366317016317,0.144439836829837,0.166277764568765
2933.18,0.083492,0.0927652,0.101429,0.0905489,0.111774,0.13854,0.144423,0.16614,,,0.0834774457142857,0.0927539885714286,0.101417882857143,0.09053984,0.111765685714286,0.138535285714286,0.144418628571429,0.166137514285714,0.0834680741258741,0.0927757116550116,0.101414616317016,0.0904806221445221,0.111717664335664,0.138482062937063,0.144406442890443,0.166106431235431
2934.14,0.084697,0.0939625,0.102613,0.0909278,0.112064,0.138699,0.144361,0.165951,,,0.08469022,0.0939611971428571,0.102602628571429,0.0909227257142857,0.112064257142857,0.138687428571429,0.144367257142857,0.165948685714286,0.0845198846153846,0.0938207958041958,0.10241933986014,0.0908600587412587,0.112012055944056,0.138581862470862,0.14436541025641,0.165926167832168
2935.11,0.0857236,0.0950235,0.103594,0.091224,0.112302,0.138713,0.144312,0.165718,,,0.0857218171428571,0.0950209457142857,0.103590057142857,0.0912276171428571,0.112305428571429,0.1387088,0.144312857142857,0.165718428571429,0.0855310843822844,0.0948192701631702,0.103381078088578,0.0912149533799534,0.112278738927739,0.138654142191142,0.144314717948718,0.165724529137529
2936.07,0.0865143,0.0958338,0.104312,0.0914957,0.112504,0.138642,0.144253,0.165467,,,0.0865044171428571,0.0958173,0.104303085714286,0.0914993514285714,0.112500742857143,0.138650142857143,0.144247342857143,0.165470342857143,0.0863674438228438,0.0956370668997669,0.104163661538462,0.091517996037296,0.112490407925408,0.138680701631702,0.144247405594406,0.165489177156177
2937.03,0.0870324,0.0963088,0.104753,0.0917589,0.112646,0.138595,0.144151,0.165219,,,0.0870307371428571,0.0963046514285714,0.104753,0.0917586342857143,0.112644628571429,0.1386022,0.144152971428571,0.165221485714286,0.0869644920745921,0.0962092722610723,0.104694797202797,0.0917613286713287,0.112643871794872,0.13865668997669,0.144160682983683,0.165217337995338
2938,0.0873565,0.0965564,0.105007,0.091987,0.112742,0.138586,0.144039,0.164956,,,0.0873641028571428,0.0965691885714285,0.105015657142857,0.0919839485714286,0.112745257142857,0.138581114285714,0.144042857142857,0.164950514285714,0.0873635195804196,0.0965744482517483,0.105013025641026,0.0919622284382284,0.112752822843823,0.138599326340326,0.14404862004662,0.164918032634033
2938.96,0.0875846,0.0967329,0.105164,0.0921565,0.112822,0.138545,0.143927,0.164631,,,0.0875785571428571,0.0967286828571428,0.105156028571429,0.0921536885714286,0.112822085714286,0.138540542857143,0.143926228571429,0.164626971428571,0.0876291631701632,0.0968012552447552,0.105195988344988,0.0921376617715618,0.112825016317016,0.138526944055944,0.143900568764569,0.164601561771562
2939.93,0.087726,0.0968454,0.105213,0.0922795,0.112878,0.138459,0.14378,0.164261,,,0.08772828,0.0968436685714286,0.1052106,0.0922822085714285,0.112877057142857,0.138463714285714,0.143776228571429,0.1642652,0.0877937834498834,0.0969315736596737,0.105284755244755,0.0922874648018648,0.112863076923077,0.138445461538461,0.143725678321678,0.164275076923077
2940.89,0.0878605,0.0969502,0.105236,0.0924009,0.112901,0.138367,0.143572,0.16391,,,0.0878765885714285,0.0969678571428571,0.105257942857143,0.0924046971428571,0.112899542857143,0.138367514285714,0.143565742857143,0.163913171428571,0.0878886762237762,0.0970012102564102,0.105298006993007,0.0924103165501165,0.112878972027972,0.138349888111888,0.143550041958042,0.163943613053613
2941.85,0.0880413,0.0971238,0.105343,0.092534,0.112893,0.138253,0.143321,0.163593,,,0.0880303628571428,0.0971185628571428,0.105338885714286,0.0925305971428571,0.112891028571429,0.138246485714286,0.143323314285714,0.163591457142857,0.0879594993006993,0.0970529965034965,0.105269205128205,0.0925200662004662,0.112888655011655,0.138231582750583,0.143378158508159,0.163609617715618
2942.82,0.0881339,0.0972367,0.105388,0.0926478,0.112873,0.138095,0.143118,0.163288,,,0.0881147857142857,0.0972145342857143,0.105361257142857,0.0926437714285714,0.112875057142857,0.138096971428571,0.1431324,0.163288,0.0880408825174825,0.0971154195804196,0.105238904428904,0.0926378825174825,0.112896766899767,0.138093703962704,0.143195386946387,0.163280456876457
2943.78,0.0881314,0.0972205,0.105273,0.092751,0.112883,0.137947,0.143027,0.162991,,,0.0881421914285714,0.0972241171428571,0.105273857142857,0.0927541114285714,0.112887457142857,0.137952228571429,0.143027857142857,0.162991342857143,0.088169841025641,0.0972189622377622,0.10525772027972,0.0927787305361305,0.112908666666667,0.137958944055944,0.143009694638695,0.162972825174825
2944.75,0.0882499,0.0972654,0.105212,0.0928993,0.112941,0.13784,0.142944,0.162698,,,0.0882638714285714,0.0972813,0.105231714285714,0.0929042457142857,0.112939714285714,0.137835628571429,0.142926,0.1626938,0.0883970065268065,0.0974105710955711,0.105385282051282,0.0929488662004662,0.112944913752914,0.137852958041958,0.142854785547786,0.162696216783217
2945.71,0.0885796,0.0975194,0.105409,0.0931121,0.113013,0.137744,0.142755,0.162401,,,0.0885751342857143,0.0975210628571428,0.105414228571429,0.0931118257142857,0.113007171428571,0.137741342857143,0.142750114285714,0.162402285714286,0.0887366438228438,0.0977035114219114,0.105640312354312,0.0931460862470862,0.113023587412587,0.137785804195804,0.142751233100233,0.162442682983683
2946.68,0.0890477,0.097945,0.105838,0.0933511,0.11308,0.13768,0.142556,0.162141,,,0.0890532285714286,0.0979492257142857,0.105841771428571,0.0933490085714286,0.113083257142857,0.137688828571429,0.142573057142857,0.162149228571429,0.0891597261072261,0.0980683326340326,0.105991855477855,0.0933571627039627,0.113132668997669,0.137749051282051,0.142676745920746,0.162192939393939
2947.64,0.0896335,0.0984853,0.106412,0.0935812,0.113191,0.1377,0.1425,0.161944,,,0.0896470257142857,0.0984949857142857,0.106421085714286,0.0935832228571428,0.113201457142857,0.137706,0.142512428571429,0.161945114285714,0.0896300785547786,0.0984717715617716,0.106402888111888,0.093559886013986,0.113235347319347,0.137721461538462,0.142585424242424,0.161928547785548
2948.6,0.0902518,0.0990341,0.107,0.0937917,0.113357,0.137753,0.142541,0.16174,,,0.0902362257142857,0.09902012,0.106987142857143,0.0937919228571428,0.113356828571429,0.137745371428571,0.142532514285714,0.161732028571429,0.0900922913752914,0.0988658981351981,0.106815673659674,0.0937344876456876,0.113301347319347,0.137681344988345,0.142459939393939,0.161644300699301
2949.57,0.0906596,0.0993722,0.107365,0.0939483,0.113467,0.137718,0.142488,0.161446,,,0.0906396542857143,0.0993539,0.107343914285714,0.0939407657142857,0.113450971428571,0.137707885714286,0.142468714285714,0.161437685714286,0.0904764976689977,0.0991867505827506,0.107144911421911,0.0938774946386946,0.113329710955711,0.1376188997669,0.142322794871795,0.161353447552448
2950.53,0.0907956,0.0994435,0.10742,0.0940141,0.113412,0.137563,0.142249,0.161072,,,0.09080316,0.0994484542857143,0.107423942857143,0.0940095657142857,0.113404714285714,0.137563685714286,0.142245314285714,0.161072857142857,0.0907254596736597,0.0993769818181818,0.107311608391608,0.0939988855477855,0.113337065268065,0.137530538461538,0.142191251748252,0.16107862004662
2951.5,0.0908312,0.0994054,0.107324,0.0940401,0.11327,0.137374,0.141957,0.160725,,,0.0908401485714286,0.0994140142857143,0.1073324,0.0940472657142857,0.113279257142857,0.137381371428571,0.141973028571429,0.160733142857143,0.0908053067599067,0.0993996916083916,0.107279529137529,0.0941057948717949,0.113332582750583,0.137412083916084,0.142055046620047,0.16083565967366
2952.46,0.0908496,0.0993575,0.10719,0.0941302,0.113204,0.137229,0.141788,0.160502,,,0.0908484085714285,0.0993611342857143,0.107190685714286,0.09413962,0.113216,0.137230971428571,0.1417964,0.160508771428571,0.0907751298368298,0.0993093757575757,0.107130696969697,0.0942037272727273,0.113322025641026,0.137273629370629,0.141907869463869,0.160630034965035
2953.43,0.0908296,0.0992989,0.107033,0.0943047,0.113269,0.13712,0.141731,0.160405,,,0.0908119857142857,0.0992824171428571,0.107015342857143,0.0943023342857142,0.113268228571429,0.137116057142857,0.141724657142857,0.160407314285714,0.0908120603729604,0.0992740372960373,0.107065300699301,0.0943099545454545,0.11333117016317,0.137148247086247,0.141769622377622,0.160460237762238
2954.39,0.0907639,0.0991863,0.10686,0.094474,0.11338,0.137016,0.141677,0.160357,,,0.0907486428571428,0.09916596,0.106846885714286,0.0944633714285714,0.113371428571429,0.137015742857143,0.141673657142857,0.160354085714286,0.0910335617715617,0.0994045932400933,0.107198188811189,0.0944398216783217,0.113385652680653,0.137056337995338,0.141659256410256,0.160312473193473
2955.35,0.0908507,0.0991687,0.106884,0.0945761,0.113461,0.136932,0.141591,0.160254,,,0.0909035857142857,0.0992178742857143,0.106943571428571,0.0945775228571428,0.113462714285714,0.136938342857143,0.141593914285714,0.160247057142857,0.0913500097902098,0.0996182242424242,0.107417137529138,0.0945783783216783,0.113465153846154,0.136973233100233,0.141560808857809,0.160153498834499
2956.32,0.0914662,0.0996324,0.107471,0.094673,0.113536,0.136886,0.141477,0.160026,,,0.0915251542857143,0.0996915514285714,0.107530657142857,0.0946853942857143,0.113547228571429,0.136891571428571,0.1414776,0.160022314285714,0.0915956608391608,0.099760941025641,0.107536272727273,0.0946879743589744,0.113510678321678,0.136855377622378,0.141429673659674,0.159940764568765
2957.28,0.0923696,0.10039,0.108292,0.0948101,0.113609,0.136822,0.141305,0.159684,,,0.0923083142857143,0.100332168571429,0.108217,0.09480722,0.113602742857143,0.136811628571429,0.141299514285714,0.159685971428571,0.0917271277389277,0.0997946517482518,0.107510428904429,0.0947486610722611,0.113484853146853,0.136688347319347,0.141233375291375,0.159649892773893
2958.25,0.0926323,0.100564,0.108322,0.0948882,0.113553,0.136619,0.141038,0.159282,,,0.0925339257142857,0.100470442857143,0.108214257142857,0.0948718285714285,0.1135326,0.136603657142857,0.141033285714286,0.159282085714286,0.0918295403263403,0.0998107939393939,0.107438205128205,0.0947814487179487,0.113402165501165,0.136493317016317,0.140981638694639,0.159289855477855
2959.21,0.0920407,0.0999516,0.107411,0.0948417,0.113314,0.136277,0.140703,0.158851,,,0.0920515171428571,0.0999612342857143,0.107430542857143,0.0948393942857143,0.1133128,0.136279914285714,0.1407048,0.158850314285714,0.0919922452214452,0.0999133881118881,0.107427358974359,0.0948286258741259,0.113307540792541,0.136301738927739,0.140712111888112,0.158889885780886
2960.17,0.0915289,0.0994415,0.106666,0.094796,0.113076,0.135975,0.140382,0.158421,,,0.0916110485714286,0.0995192771428571,0.1067602,0.0948089171428571,0.113094085714286,0.135990942857143,0.140385171428571,0.1584246,0.0922324456876457,0.10012921981352,0.10751027039627,0.0949143685314685,0.113236953379953,0.136135932400932,0.140458256410256,0.158476666666667
2961.14,0.0919048,0.09981,0.106966,0.0949034,0.113037,0.135858,0.140136,0.15803,,,0.0919474085714286,0.0998534057142857,0.107010314285714,0.0949134371428571,0.113047457142857,0.135864685714286,0.140140457142857,0.158034371428571,0.0925601503496503,0.100460785547786,0.107710594405594,0.0950354156177156,0.113206065268065,0.136004902097902,0.140236289044289,0.158064953379953
2962.1,0.0930179,0.100926,0.108091,0.0951655,0.113184,0.135885,0.139989,0.157674,,,0.0929900085714286,0.100901614285714,0.108059457142857,0.0951644371428571,0.113181257142857,0.135882685714286,0.139994314285714,0.157672285714286,0.0930948685314685,0.101015011421911,0.108164188811189,0.095194148018648,0.11323379020979,0.135915088578089,0.140051331002331,0.157662128205128
2963.07,0.0942206,0.102152,0.109304,0.0954668,0.113382,0.135937,0.139913,0.157298,,,0.0941799371428571,0.102110257142857,0.1092596,0.0954576885714286,0.113374028571429,0.1359328,0.139911542857143,0.157291828571429,0.0939791645687646,0.101923637296037,0.109015361305361,0.0954078090909091,0.113340552447552,0.135872393939394,0.139900864801865,0.157268076923077
2964.03,0.0951907,0.103135,0.110236,0.0957042,0.113528,0.135922,0.139818,0.156867,,,0.0951927142857143,0.103134228571429,0.110236257142857,0.0956986885714286,0.113524314285714,0.135914714285714,0.1398102,0.156866914285714,0.0951121897435897,0.103065230536131,0.110125090909091,0.0956609727272727,0.113493440559441,0.135848687645688,0.139761149184149,0.156869333333333
2965,0.0960804,0.104009,0.111036,0.0958809,0.113612,0.135797,0.139631,0.156418,,,0.09611574,0.104049371428571,0.111075,0.0958888628571428,0.113620057142857,0.135797771428571,0.139630057142857,0.156425714285714,0.0961392864801865,0.104057487179487,0.111078081585082,0.0958889298368298,0.113599041958042,0.135772645687646,0.139587202797203,0.156443627039627
2965.96,0.0970184,0.104917,0.11185,0.0960644,0.113667,0.135604,0.13937,0.155989,,,0.0970334685714286,0.104933885714286,0.111866714285714,0.0960723028571428,0.1136724,0.135613685714286,0.139376171428571,0.155989514285714,0.0967940951048951,0.104623522144522,0.111575634032634,0.096039213053613,0.113589261072261,0.135587592074592,0.139344116550117,0.155978878787879
2966.92,0.0977211,0.105531,0.112369,0.0962293,0.113632,0.135376,0.139064,0.155528,,,0.0976662428571428,0.105463371428571,0.112306257142857,0.0962173342857143,0.113615028571429,0.135371371428571,0.139060485714286,0.155519428571429,0.0971257438228438,0.104830102564103,0.11168372027972,0.0961226895104895,0.113474230769231,0.135301573426573,0.139026487179487,0.155481037296037
2967.89,0.0977291,0.105326,0.112089,0.096258,0.113383,0.135033,0.13867,0.154977,,,0.0976645314285714,0.105252971428571,0.112016228571429,0.0962425457142857,0.113366542857143,0.135016628571429,0.138661342857143,0.154974342857143,0.0973622034965035,0.104936979020979,0.111676547785548,0.0961897517482517,0.11330479020979,0.134962463869464,0.138646731934732,0.154960389277389
2968.85,0.097223,0.104566,0.111238,0.0961725,0.112994,0.134549,0.138186,0.154378,,,0.09725978,0.104616142857143,0.11128,0.0961811228571428,0.113009685714286,0.134551571428571,0.1381914,0.154385285714286,0.0976660543123543,0.105133920745921,0.111763615384615,0.0962736752913753,0.113121095571096,0.13460820979021,0.138220244755245,0.154416477855478
2969.82,0.0971367,0.104367,0.110893,0.0961751,0.112731,0.134089,0.137711,0.153804,,,0.0972277885714286,0.104472342857143,0.110996028571429,0.09619622,0.112752,0.134109228571429,0.137720685714286,0.1538082,0.0980550808857809,0.105447734265734,0.111983123543124,0.0963669867132867,0.112938223776224,0.134245226107226,0.137760305361305,0.153839275058275
2970.78,0.097975,0.10526,0.111641,0.0963675,0.112677,0.133788,0.137281,0.153243,,,0.0979979371428571,0.105280914285714,0.111671257142857,0.0963722657142857,0.112676057142857,0.133794085714286,0.137276628571429,0.153239057142857,0.0984688673659674,0.105807186480186,0.112258118881119,0.096445658974359,0.112761331002331,0.133864461538462,0.137278888111888,0.153225927738928
2971.75,0.09918,0.106547,0.112867,0.096605,0.11267,0.133545,0.136819,0.152634,,,0.0991375714285714,0.1064978,0.112824485714286,0.0965911571428571,0.112658514285714,0.133532828571429,0.136811628571429,0.1526298,0.098850531002331,0.106140944055944,0.1125041002331,0.096499596969697,0.11260079020979,0.133469986013986,0.136790857808858,0.152590762237762
2972.71,0.0999262,0.107286,0.113603,0.0966873,0.112559,0.133188,0.136299,0.151962,,,0.0998817485714286,0.107236628571429,0.113547714285714,0.0966751285714285,0.112553171428571,0.133175571428571,0.1363014,0.1519614,0.0991484293706294,0.106380412587413,0.112653566433566,0.0965228023310023,0.112448848484848,0.133072578088578,0.136306153846154,0.151945114219114
2973.67,0.0998831,0.107109,0.113377,0.0965756,0.112327,0.132687,0.135781,0.151261,,,0.09985712,0.107077714285714,0.113335685714286,0.0965766285714286,0.112328714285714,0.132690685714286,0.135787,0.151263314285714,0.0992556053613054,0.106387226107226,0.112581731934732,0.0964863536130536,0.112254918414918,0.132655407925408,0.13581203030303,0.151279207459207
2974.64,0.0992388,0.106224,0.112362,0.0963731,0.112025,0.132157,0.135297,0.150572,,,0.0992424171428571,0.106228885714286,0.112367228571429,0.0963794,0.112028942857143,0.132167628571429,0.1352982,0.150576371428571,0.0990733198135198,0.10603941958042,0.112165538461538,0.0963619738927739,0.111971706293706,0.132182841491841,0.135289731934732,0.150586918414918
2975.6,0.0984845,0.105204,0.111213,0.096171,0.111684,0.13167,0.134809,0.149909,,,0.0985068457142857,0.105230914285714,0.111250371428571,0.0961701942857143,0.111677571428571,0.131668114285714,0.134803514285714,0.149907028571429,0.0987161454545454,0.105471468531469,0.111526407925408,0.0961800515151515,0.111626242424242,0.13165658041958,0.134747962703963,0.149889508158508
2976.57,0.0980692,0.104565,0.110524,0.095987,0.111289,0.131174,0.134265,0.149235,,,0.0980760742857142,0.104571,0.110531885714286,0.0959806742857143,0.111279828571429,0.131162942857143,0.134257114285714,0.1492266,0.0985487258741259,0.105098892773893,0.111087993006993,0.0960313286713287,0.111303906759907,0.13113634032634,0.134216016317016,0.149213981351981
2977.53,0.0981812,0.104509,0.110453,0.0958482,0.1109,0.130639,0.133677,0.148536,,,0.0981851,0.104514057142857,0.110447342857143,0.0958509342857143,0.1109078,0.130637971428571,0.133680685714286,0.148539771428571,0.0988871547785548,0.105282128205128,0.111236263403263,0.0959908261072261,0.111068515151515,0.130686606060606,0.133711923076923,0.148569391608392
2978.5,0.0989286,0.105168,0.111066,0.0958555,0.110684,0.130164,0.133149,0.147896,,,0.0989718857142857,0.105216428571429,0.111115885714286,0.0958716228571428,0.110704571428571,0.130176257142857,0.1331586,0.147906285714286,0.0996785585081585,0.105986470862471,0.111935090909091,0.0960523599067599,0.110915219114219,0.130315881118881,0.133238920745921,0.147953974358974
2979.46,0.100374,0.106615,0.112495,0.0960779,0.110717,0.12986,0.132742,0.147355,,,0.100436245714286,0.106678857142857,0.112574714285714,0.0960907142857143,0.110726,0.129872942857143,0.1327438,0.147352085714286,0.100564856177156,0.106839925407925,0.112774610722611,0.096151872027972,0.110795939393939,0.12998258041958,0.132800111888112,0.147364710955711
2980.42,0.102075,0.108358,0.11429,0.0963963,0.110835,0.129695,0.132405,0.146833,,,0.102043405714286,0.108325,0.114256914285714,0.0963852085714285,0.110821457142857,0.1296932,0.132400542857143,0.146826057142857,0.101208346620047,0.107466249417249,0.113339769230769,0.0962351487179487,0.110668638694639,0.129649841491841,0.132401384615385,0.146800291375291
2981.39,0.102863,0.10916,0.115071,0.0965421,0.110769,0.129486,0.132066,0.146284,,,0.102722,0.109016428571429,0.114906342857143,0.09651594,0.110746114285714,0.129467485714286,0.132064285714286,0.146286057142857,0.101461587878788,0.107680895104895,0.113433806526807,0.0962787501165501,0.110508396270396,0.129306911421911,0.132036701631702,0.146263582750583
2982.35,0.101938,0.108169,0.113844,0.0963761,0.110408,0.129071,0.131705,0.145743,,,0.10188358,0.108109257142857,0.113777228571429,0.0963696542857143,0.110403457142857,0.1290608,0.1317056,0.145744628571429,0.101303197668998,0.107446244755245,0.113030685314685,0.0962628102564102,0.110286815850816,0.12894044988345,0.131679804195804,0.1457502004662
2983.32,0.100145,0.106208,0.111536,0.0960643,0.109908,0.128504,0.131322,0.145221,,,0.100248045714286,0.106307428571429,0.111648885714286,0.0960830885714285,0.109923,0.128513771428571,0.131323371428571,0.145220057142857,0.100764364568765,0.106791116550117,0.112175431235431,0.0961645941724942,0.109981247086247,0.128525286713287,0.131299116550117,0.145240258741259
2984.28,0.0989639,0.104797,0.109853,0.0958479,0.109478,0.127958,0.13091,0.14471,,,0.0990462457142857,0.1048822,0.109946171428571,0.09586044,0.109486657142857,0.127968971428571,0.130906914285714,0.144712657142857,0.0999447524475524,0.105819911421911,0.110982491841492,0.0959901286713287,0.109608051282051,0.128052438228438,0.13088134032634,0.144721417249417
2985.24,0.0986724,0.104296,0.109184,0.0957489,0.109152,0.127492,0.130446,0.144213,,,0.0986486228571428,0.1042804,0.109164971428571,0.0957412028571428,0.109147457142857,0.1274884,0.130443,0.144213257142857,0.0990405006993007,0.104739358974359,0.109678904428904,0.0957864682983683,0.109221261072261,0.127544244755245,0.130430396270396,0.144199214452214
2986.21,0.0985875,0.104071,0.108831,0.095643,0.108863,0.127037,0.129943,0.143702,,,0.0985504285714285,0.104035171428571,0.108793457142857,0.0956351657142857,0.1088618,0.127032971428571,0.129946428571429,0.143696685714286,0.098311262004662,0.103820331002331,0.108575848484848,0.0956089911421911,0.108875053613054,0.127036615384615,0.129956848484848,0.143676794871795
2987.17,0.0983036,0.10367,0.108318,0.0954957,0.108597,0.126566,0.129449,0.143146,,,0.0982923885714286,0.103653628571429,0.108301114285714,0.0955003114285714,0.108600342857143,0.126569,0.129452,0.143146342857143,0.0979254067599067,0.103249144522145,0.107883634032634,0.0954787804195804,0.108589951048951,0.126552578088578,0.129470212121212,0.143142916083916
2988.14,0.0978476,0.103059,0.107607,0.0953639,0.108354,0.126099,0.128972,0.142576,,,0.09783578,0.103042971428571,0.107590114285714,0.0953666857142857,0.108351085714286,0.126099171428571,0.128968485714286,0.142580457142857,0.0977944629370629,0.102960006993007,0.107515205128205,0.0953706927738928,0.108339613053613,0.126084398601399,0.12897431002331,0.142584848484848
2989.1,0.0973772,0.102395,0.106857,0.0952507,0.108095,0.125621,0.128485,0.142019,,,0.0973961171428571,0.102411971428571,0.106878257142857,0.0952474857142857,0.108092942857143,0.1256168,0.128485857142857,0.142019685714286,0.0976734368298368,0.102706888111888,0.107186456876457,0.0952468,0.108076102564103,0.125603762237762,0.128473041958042,0.1420011002331
2990.07,0.097188,0.102022,0.106424,0.0951267,0.107815,0.125115,0.128002,0.14145,,,0.0972377485714286,0.1020802,0.106482714285714,0.0951277457142857,0.107820142857143,0.125117485714286,0.128003371428571,0.141443657142857,0.0974373221445221,0.102338062937063,0.106726864801865,0.0951009731934732,0.107777974358974,0.125096342657343,0.127980727272727,0.141406158508158
2991.03,0.0973549,0.102086,0.106416,0.095,0.107533,0.124613,0.127527,0.140836,,,0.0973433371428571,0.102083342857143,0.106408457142857,0.0949994342857143,0.107529228571429,0.124614971428571,0.127521942857143,0.140832828571429,0.0971648974358974,0.101921079254079,0.106204025641026,0.094963665967366,0.107469540792541,0.124584673659674,0.127513706293706,0.140823946386946
2991.99,0.0973724,0.102054,0.106256,0.0948665,0.107208,0.124118,0.127048,0.140218,,,0.0973001514285714,0.101970257142857,0.106169,0.0948597542857142,0.107196171428571,0.124110028571429,0.127047571428571,0.140222971428571,0.0969755801864802,0.101596179487179,0.105762037296037,0.0948651736596736,0.107188522144522,0.124106158508158,0.127080412587413,0.140270797202797
2992.96,0.0968699,0.101424,0.105455,0.0947287,0.106843,0.12361,0.126612,0.139674,,,0.0968618,0.1014036,0.105436228571429,0.0947308771428571,0.106847457142857,0.123607942857143,0.126620057142857,0.139680685714286,0.0968635927738927,0.101371820512821,0.10541051981352,0.0948059016317016,0.106947347319347,0.123676286713287,0.126679883449883,0.139746426573427
2993.92,0.0963197,0.100671,0.104539,0.0946678,0.106579,0.123162,0.126271,0.139224,,,0.09639554,0.100758514285714,0.104630714285714,0.0946821742857143,0.106600428571429,0.123177942857143,0.126274257142857,0.139224171428571,0.0967012198135198,0.101103013752914,0.105004156177156,0.0947655135198135,0.106729545454545,0.123280501165501,0.126303937062937,0.1392472004662
2994.89,0.0962886,0.100508,0.104253,0.0947396,0.106505,0.122871,0.125983,0.13881,,,0.0963189942857143,0.100551885714286,0.104298171428571,0.0947432428571428,0.106508685714286,0.122879914285714,0.125979142857143,0.138805885714286,0.0963936233100233,0.100670004195804,0.104429634032634,0.0947283006993007,0.106512375291375,0.122896601398601,0.125943610722611,0.138773263403263
2995.85,0.0964586,0.100627,0.104272,0.0948322,0.10646,0.122648,0.125668,0.138372,,,0.0963904828571428,0.100549728571429,0.104190828571429,0.0948158542857143,0.106439428571429,0.1226324,0.125661228571429,0.138368142857143,0.0960270431235431,0.100154646386946,0.103784752913753,0.0946974855477856,0.106293986013986,0.122519540792541,0.125597913752914,0.138320911421911
2996.82,0.0961571,0.100208,0.103744,0.0947912,0.10624,0.1223,0.125291,0.137898,,,0.0961002628571428,0.100137148571429,0.103671142857143,0.0947791742857143,0.106226542857143,0.122283628571429,0.1252892,0.137898857142857,0.0958041135198135,0.099778186013986,0.103303675990676,0.0946889592074592,0.10609220979021,0.12216327972028,0.125264477855478,0.137875934731935
2997.78,0.0955062,0.0993325,0.102764,0.0946529,0.105881,0.121816,0.124896,0.137421,,,0.09554412,0.0993749114285714,0.102809942857143,0.0946614114285714,0.105888028571429,0.121821228571429,0.124901314285714,0.137422885714286,0.0957978675990676,0.099626679020979,0.103076354312354,0.0947052452214452,0.10590603030303,0.121831153846154,0.124930675990676,0.137424403263403
2998.74,0.0952911,0.0989086,0.102277,0.0945939,0.105576,0.121376,0.124548,0.136964,,,0.0953659371428571,0.0989954114285714,0.102365285714286,0.0946083085714285,0.105591257142857,0.121392285714286,0.124552628571429,0.136964,0.0958830986013986,0.0995600158508158,0.102959305361305,0.0947251599067599,0.105708883449883,0.121501431235431,0.124587198135198,0.136967545454545
2999.71,0.0958546,0.0993496,0.102692,0.0946915,0.105436,0.121099,0.12425,0.136528,,,0.0958663,0.0993617971428571,0.102703228571429,0.0946945428571428,0.105441828571429,0.121104657142857,0.124247342857143,0.136526885714286,0.0959848344988345,0.0994893643356643,0.102853976689977,0.0947392801864802,0.105503009324009,0.121164867132867,0.124241722610723,0.136524855477855
3000.67,0.0966664,0.100056,0.103388,0.0948549,0.105394,0.120914,0.123951,0.136114,,,0.0965999542857143,0.0999789257142857,0.103312828571429,0.0948450514285714,0.105382,0.1209026,0.1239468,0.1361134,0.0962437568764569,0.0995794540792541,0.10291406993007,0.0947811515151515,0.105344717948718,0.120858482517482,0.123912111888112,0.136118736596737
3001.64,0.0970597,0.100286,0.103613,0.0949578,0.105315,0.120684,0.123631,0.135736,,,0.0970085371428571,0.100230234285714,0.103557371428571,0.0949462885714285,0.1053036,0.120673028571429,0.123630142857143,0.135736514285714,0.096785779020979,0.0999928165501165,0.103294242424242,0.0948867053613054,0.105278575757576,0.120623629370629,0.12361172027972,0.135758855477855
3002.6,0.0971429,0.100197,0.103492,0.0949888,0.105204,0.120405,0.123319,0.135415,,,0.0971920314285714,0.100254514285714,0.103544542857143,0.0949928714285714,0.105214628571429,0.120411685714286,0.123320714285714,0.135418514285714,0.0974646118881119,0.100585771095571,0.103839995337995,0.0950344235431235,0.10527772027972,0.120445995337995,0.123339116550117,0.135440755244755
3003.57,0.0976213,0.100597,0.103799,0.0950708,0.105199,0.120201,0.123054,0.135166,,,0.0977043314285714,0.100689742857143,0.103890114285714,0.0950888514285714,0.105216228571429,0.120216171428571,0.123057428571429,0.135166857142857,0.0980164118881119,0.101070407459207,0.104250368298368,0.0951672794871795,0.105278822843823,0.120274839160839,0.123087041958042,0.135161076923077
3004.53,0.098627,0.101623,0.104695,0.0952792,0.105314,0.120118,0.122855,0.134963,,,0.0985989542857142,0.101591714285714,0.104668257142857,0.0952811114285714,0.105307657142857,0.120115942857143,0.122856285714286,0.134959142857143,0.098375341025641,0.101367443822844,0.104442515151515,0.0952629855477855,0.105249634032634,0.120088258741259,0.122861412587413,0.134924939393939
3005.49,0.0993234,0.10233,0.105278,0.0954788,0.105362,0.120025,0.122701,0.13477,,,0.0992213485714286,0.102218571428571,0.105166485714286,0.0954577142857143,0.105341257142857,0.120007514285714,0.1226968,0.134765885714286,0.0986965055944056,0.101635104895105,0.104583254079254,0.0953492365967366,0.105207090909091,0.119912312354312,0.122680074592075,0.134741699300699
3006.46,0.0992011,0.102138,0.104958,0.0955121,0.10523,0.119815,0.122556,0.134596,,,0.0991937028571428,0.102129771428571,0.104945914285714,0.0955031514285714,0.105226485714286,0.119810285714286,0.122552914285714,0.134598571428571,0.0991030333333333,0.101995706293706,0.104811594405594,0.0954533151515151,0.105176473193473,0.119780041958042,0.122549722610723,0.134618293706294
3007.42,0.0989413,0.101767,0.104446,0.0954676,0.105047,0.119585,0.122433,0.134498,,,0.0990267742857143,0.101856828571429,0.104536685714286,0.0954839971428571,0.105061142857143,0.1195982,0.1224378,0.134502371428571,0.0995135435897436,0.102348736596737,0.105046668997669,0.0955620405594406,0.10515058041958,0.11968827039627,0.122460503496503,0.134555578088578
3008.39,0.0993115,0.102033,0.104594,0.0955382,0.104983,0.119487,0.122381,0.134503,,,0.0993571942857143,0.102080057142857,0.104644657142857,0.09555284,0.104995,0.119498485714286,0.122385971428571,0.134504971428571,0.0997642198135198,0.102509643356643,0.105111333333333,0.0956434167832168,0.105106477855478,0.119603247086247,0.122402375291375,0.134551207459207
3009.35,0.100082,0.102704,0.105196,0.0957255,0.105043,0.119519,0.122393,0.134587,,,0.10004066,0.102662771428571,0.105156914285714,0.0957175028571428,0.1050388,0.119516514285714,0.122388028571429,0.134586485714286,0.0998363405594406,0.102462426573427,0.104977545454545,0.0956934347319347,0.105046533799534,0.11950548018648,0.122373722610723,0.134599193473193
3010.31,0.10049,0.102999,0.105455,0.0958603,0.105092,0.119545,0.122404,0.134703,,,0.100428302857143,0.102934285714286,0.1053902,0.0958442885714285,0.105080428571429,0.1195336,0.1223992,0.134700942857143,0.0998739116550117,0.102369568764569,0.104797708624709,0.0957435869463869,0.104993496503496,0.119411951048951,0.122377543123543,0.134680407925408
3011.28,0.100255,0.102618,0.10503,0.0958667,0.105044,0.119458,0.122407,0.13481,,,0.100246634285714,0.102608571428571,0.105015171428571,0.0958669571428571,0.105041771428571,0.119448485714286,0.122410771428571,0.134810342857143,0.0999922785547785,0.102351044289044,0.104703431235431,0.0958222046620047,0.104958909090909,0.11934517016317,0.122414174825175,0.134765825174825
3012.24,0.0998163,0.102016,0.104336,0.0958556,0.104948,0.119284,0.122451,0.134891,,,0.0998501914285714,0.102054228571429,0.104368485714286,0.0958655342857143,0.104952028571429,0.119287,0.122454085714286,0.134889371428571,0.100157427972028,0.102362680652681,0.10466665967366,0.0959232685314685,0.104939508158508,0.119302634032634,0.122475275058275,0.134834328671329
3013.21,0.0997108,0.101758,0.103961,0.0959349,0.104879,0.11916,0.122541,0.134925,,,0.0997440057142857,0.101791514285714,0.103999485714286,0.0959385685714286,0.104877885714286,0.119171828571429,0.122539628571429,0.1349196,0.100277965967366,0.102311813519814,0.104588452214452,0.0960264445221445,0.104936454545455,0.119277631701632,0.122550407925408,0.134887111888112
3014.17,0.10008,0.101963,0.104114,0.0960966,0.104865,0.119188,0.122646,0.13491,,,0.100102191428571,0.101979028571429,0.104141942857143,0.09609726,0.104868514285714,0.119193314285714,0.122645142857143,0.134910085714286,0.100336767132867,0.102193815850816,0.104438592074592,0.0961295923076923,0.104959314685315,0.119286813519814,0.122636256410256,0.134939046620047
3015.14,0.100678,0.102359,0.104555,0.0962899,0.104947,0.119332,0.122751,0.134907,,,0.100660274285714,0.102340742857143,0.104538628571429,0.0962878085714285,0.104955657142857,0.119326257142857,0.122750314285714,0.134913771428571,0.100379775291375,0.102065738927739,0.10425379020979,0.0962428668997669,0.105013174825175,0.119350433566434,0.122733920745921,0.134997249417249
3016.1,0.101,0.102487,0.104718,0.0964563,0.105125,0.119494,0.122851,0.134976,,,0.100947542857143,0.1024408,0.104659114285714,0.0964510628571428,0.1051244,0.1194916,0.122851171428571,0.134982428571429,0.100417678554779,0.101941538461538,0.104049344988345,0.096366713986014,0.105088163170163,0.119459825174825,0.122840608391608,0.135049044289044
3017.06,0.100748,0.102101,0.104228,0.0965617,0.105298,0.119643,0.122949,0.135098,,,0.100730531428571,0.102086,0.104202542857143,0.0965582028571429,0.105287457142857,0.119647028571429,0.122948228571429,0.135097742857143,0.100420162237762,0.101791400932401,0.10380872027972,0.0964966132867133,0.105173871794872,0.119584638694639,0.122951233100233,0.13507527039627
3018.03,0.100236,0.101494,0.103397,0.0966331,0.105372,0.119776,0.123046,0.135179,,,0.100263445714286,0.101516714285714,0.103423742857143,0.0966324485714286,0.105364028571429,0.119771114285714,0.123046171428571,0.135170942857143,0.10041063962704,0.101648708624709,0.103568517482517,0.0966450892773893,0.105278741258741,0.119705757575758,0.12306475990676,0.135071613053613
3018.99,0.0999818,0.101134,0.102834,0.0967383,0.105376,0.119843,0.123152,0.135128,,,0.100002388571429,0.1011508,0.102862542857143,0.0967425685714286,0.105377285714286,0.119833657142857,0.123154828571429,0.135118485714286,0.10046638974359,0.101606342657343,0.103414344988345,0.0968346466200466,0.105417237762238,0.119822958041958,0.123183254079254,0.13504279020979
3019.96,0.100183,0.101224,0.102836,0.0969527,0.105432,0.119851,0.123275,0.134948,,,0.10019656,0.101240285714286,0.1028564,0.0969605942857143,0.105443828571429,0.119856228571429,0.123275685714286,0.1349504,0.100629867599068,0.101703757575758,0.10339051048951,0.0970711599067599,0.105583060606061,0.119934545454545,0.123298272727273,0.1349811002331
3020.92,0.100797,0.101771,0.103367,0.0973019,0.105647,0.119916,0.12339,0.134753,,,0.100821188571429,0.101802542857143,0.103392885714286,0.09730724,0.105658228571429,0.119932971428571,0.1233888,0.1347656,0.100904424708625,0.101922869463869,0.103502482517483,0.097345641025641,0.105762920745921,0.120029314685315,0.123385508158508,0.134868137529138
3021.89,0.101623,0.102592,0.104153,0.0977194,0.10599,0.120093,0.123464,0.134629,,,0.101606114285714,0.102575628571429,0.104131142857143,0.0977141542857143,0.1059864,0.120093428571429,0.123466228571429,0.134635,0.101270776689977,0.102229944055944,0.103735939393939,0.097645296969697,0.105956972027972,0.120092256410256,0.123422165501165,0.134694717948718
3022.85,0.102178,0.103136,0.104618,0.0980764,0.106299,0.120239,0.123478,0.134515,,,0.102119028571429,0.103067085714286,0.104550028571429,0.0980638514285714,0.1062834,0.120221771428571,0.123473542857143,0.134507114285714,0.101659844289044,0.102553181818182,0.104012862470862,0.097951144988345,0.106162522144522,0.12011344988345,0.123402925407925,0.134463902097902
3023.81,0.102176,0.103043,0.104441,0.0983053,0.106454,0.120206,0.123387,0.13428,,,0.1021694,0.103034171428571,0.104435,0.0983039714285714,0.106449971428571,0.120200771428571,0.123378514285714,0.134270828571429,0.101996091375291,0.102817808857809,0.104234662004662,0.0982433869463869,0.10636062004662,0.120096384615385,0.123337326340326,0.134175505827506
3024.78,0.102019,0.102757,0.104094,0.0984849,0.106517,0.120047,0.123198,0.133885,,,0.102063657142857,0.102808171428571,0.104146542857143,0.0984924857142857,0.106525228571429,0.120053,0.123201857142857,0.1338862,0.102259517482517,0.103009428904429,0.104369165501166,0.0985121568764569,0.106528055944056,0.120045473193473,0.123239027972028,0.13382203030303
3025.74,0.102186,0.102825,0.104119,0.0987095,0.106597,0.119876,0.123017,0.133398,,,0.102198342857143,0.102836228571429,0.104129971428571,0.0987105285714285,0.106598971428571,0.119877971428571,0.123026,0.133400657142857,0.102478095571096,0.103160484848485,0.104453459207459,0.0987643857808858,0.106653275058275,0.119952333333333,0.123116913752914,0.133398533799534
3026.71,0.102635,0.103197,0.104445,0.0989849,0.106707,0.119737,0.122905,0.132873,,,0.102626,0.103187142857143,0.104433342857143,0.0989849428571428,0.106706914285714,0.119742314285714,0.122908771428571,0.132871285714286,0.10273244988345,0.103347291375291,0.104578524475524,0.0990279146853147,0.106750258741259,0.119817386946387,0.122969468531469,0.132913645687646
3027.67,0.10318,0.103692,0.104873,0.0993049,0.106837,0.119651,0.122818,0.132333,,,0.1031752,0.103695685714286,0.104873942857143,0.0993060914285714,0.106838714285714,0.119654857142857,0.122815,0.132336514285714,0.103136568764569,0.103679475524476,0.104855664335664,0.0993354622377623,0.106851055944056,0.119669934731935,0.122789948717949,0.132389107226107
3028.64,0.10374,0.104244,0.10534,0.0996628,0.106978,0.119577,0.122668,0.131821,,,0.103730742857143,0.104233457142857,0.105333228571429,0.0996615914285714,0.106975342857143,0.119568257142857,0.122662,0.131826228571429,0.103713314685315,0.104178573426573,0.105292405594406,0.0996886205128205,0.106972850815851,0.119535876456876,0.122577090909091,0.13185358041958
3029.6,0.10429,0.104744,0.105772,0.100038,0.107101,0.119429,0.122402,0.131339,,,0.104300971428571,0.1047434,0.105774742857143,0.100041625714286,0.107100571428571,0.119424457142857,0.122397371428571,0.131335914285714,0.104345477855478,0.104720123543124,0.10575482051282,0.100051505827506,0.107101818181818,0.119404734265734,0.122331613053613,0.131328582750583
3030.56,0.104913,0.105206,0.106174,0.100424,0.107208,0.119223,0.122037,0.130828,,,0.104929885714286,0.105221428571429,0.106185571428571,0.100426502857143,0.107211342857143,0.1192314,0.122037514285714,0.1308208,0.104913165501166,0.105174111888112,0.106116673659674,0.100387389044289,0.107214428904429,0.119248044289044,0.122047508158508,0.130812389277389
3031.53,0.105564,0.105651,0.106519,0.100772,0.107306,0.119028,0.121644,0.130265,,,0.105545828571429,0.1056408,0.106503485714286,0.100763257142857,0.107304971428571,0.119031428571429,0.121649571428571,0.1302698,0.105398785547786,0.105518398601399,0.10636279020979,0.100682009090909,0.107294606060606,0.119042055944056,0.1217151002331,0.130282158508159
3032.49,0.106001,0.10592,0.106645,0.101004,0.107363,0.118815,0.121288,0.129711,,,0.105976142857143,0.105898314285714,0.106627085714286,0.100997228571429,0.1073606,0.118808828571429,0.121294857142857,0.129719228571429,0.105832783216783,0.105786020979021,0.106526375291375,0.100936008857809,0.107331135198135,0.118774696969697,0.121335778554779,0.129717163170163
3033.46,0.106194,0.105973,0.106571,0.101144,0.107359,0.118515,0.120969,0.129171,,,0.106202314285714,0.1059766,0.106579657142857,0.101148371428571,0.1073584,0.118511485714286,0.120966685714286,0.129164742857143,0.106228426573427,0.10600341025641,0.106629655011655,0.101159848951049,0.107324983682984,0.118455424242424,0.12093279020979,0.129117405594406
3034.42,0.106403,0.106023,0.106525,0.101295,0.107302,0.118131,0.120607,0.128554,,,0.106427514285714,0.1060446,0.106544714285714,0.101301,0.107300542857143,0.118130314285714,0.120594742857143,0.128542,0.106574125874126,0.106180934731935,0.10668103962704,0.101368384615385,0.107288675990676,0.118103573426573,0.120534186480186,0.128497925407925
3035.38,0.106791,0.106241,0.106634,0.101509,0.107207,0.117707,0.120149,0.127842,,,0.106795457142857,0.106249142857143,0.106637685714286,0.101510457142857,0.107206142857143,0.117708114285714,0.1201478,0.127846714285714,0.106854939393939,0.106316212121212,0.10668413986014,0.101571251748252,0.107228615384615,0.117728822843823,0.120148263403263,0.127869107226107
3036.35,0.107235,0.106546,0.106795,0.101768,0.107106,0.117295,0.119685,0.127157,,,0.107218457142857,0.106531514285714,0.106781114285714,0.101768257142857,0.1071114,0.117299628571429,0.119697857142857,0.127170028571429,0.107106009324009,0.1064407995338,0.106676328671329,0.101776673659674,0.107146172494172,0.117342263403263,0.119765643356643,0.127228526806527
3037.31,0.10756,0.106762,0.106862,0.102037,0.107041,0.116934,0.119319,0.126566,,,0.107546714285714,0.106746828571429,0.106849314285714,0.102035628571429,0.107044085714286,0.116934342857143,0.119323542857143,0.126564542857143,0.107414025641026,0.106630962703963,0.106735144522145,0.101995172494172,0.107053687645688,0.116969060606061,0.119376708624709,0.126574867132867
3038.28,0.107784,0.106882,0.106851,0.102278,0.106991,0.116609,0.119005,0.125984,,,0.107783142857143,0.106881485714286,0.106850485714286,0.102272857142857,0.106984657142857,0.116606771428571,0.1189972,0.125973971428571,0.107830736596737,0.106931906759907,0.106907254079254,0.102231568764569,0.106967944055944,0.116628398601399,0.118983862470862,0.125929822843823
3039.24,0.10808,0.107076,0.106926,0.102469,0.106899,0.116301,0.118644,0.125343,,,0.1080968,0.107095457142857,0.106942628571429,0.102466857142857,0.1068948,0.116302885714286,0.1186404,0.125340257142857,0.108329053613054,0.107313708624709,0.107171286713287,0.102478783216783,0.106893118881119,0.116318160839161,0.118597990675991,0.125322435897436
3040.21,0.108631,0.10752,0.107257,0.102648,0.106782,0.116017,0.118228,0.124692,,,0.108655085714286,0.107539971428571,0.1072792,0.102654514285714,0.106789714285714,0.116019914285714,0.118229285714286,0.124697914285714,0.108854976689977,0.107713955710956,0.107474881118881,0.102716344988345,0.106817466200466,0.116022032634033,0.118214981351981,0.124750522144522
3041.17,0.109424,0.108163,0.10782,0.102878,0.106706,0.115742,0.117791,0.124112,,,0.109420828571429,0.108157428571429,0.107817428571429,0.102886057142857,0.106710628571429,0.115738914285714,0.117793657142857,0.124120828571429,0.109381445221445,0.108095988344988,0.107781927738928,0.102924522144522,0.106724400932401,0.115720428904429,0.117807233100233,0.124185055944056
3042.13,0.110165,0.108721,0.108332,0.103146,0.106647,0.115427,0.117352,0.123615,,,0.110137314285714,0.108696657142857,0.108307142857143,0.103142914285714,0.106640914285714,0.115424685714286,0.117354314285714,0.123614657142857,0.10989741025641,0.108452223776224,0.108073137529138,0.103098121212121,0.106604997668998,0.115395405594406,0.117352538461538,0.123609184149184
3043.1,0.110597,0.108975,0.10854,0.103345,0.106527,0.115059,0.116899,0.12311,,,0.110582514285714,0.108959914285714,0.108523628571429,0.103331371428571,0.106520914285714,0.115059,0.116895314285714,0.123099542857143,0.110375198135198,0.10876541025641,0.108314804195804,0.103240230769231,0.106465256410256,0.115032606060606,0.116855603729604,0.12302748951049
3044.06,0.110786,0.10899,0.108481,0.103404,0.106339,0.114652,0.116393,0.12251,,,0.110796628571429,0.108999257142857,0.108489828571429,0.103402971428571,0.106340542857143,0.114653457142857,0.116388285714286,0.1225064,0.110781167832168,0.10900520979021,0.108462230769231,0.103354314685315,0.10632165034965,0.11462803962704,0.116338575757576,0.12244355011655
3045.03,0.110967,0.109007,0.108383,0.103411,0.106147,0.11422,0.115838,0.12185,,,0.110980114285714,0.1090244,0.108398771428571,0.10342,0.10615,0.1142182,0.115838257142857,0.121854457142857,0.111103265734266,0.109160780885781,0.108497335664336,0.103445671328671,0.106186557109557,0.114195962703963,0.11582762004662,0.121851111888112
3045.99,0.111251,0.109159,0.108371,0.103466,0.105997,0.11376,0.115293,0.121207,,,0.111250657142857,0.109159257142857,0.108369028571429,0.103466257142857,0.105998028571429,0.113755114285714,0.115294542857143,0.121209485714286,0.111360286713287,0.109260951048951,0.1084481002331,0.103523785547786,0.106061962703963,0.113761375291375,0.115346160839161,0.121248431235431
3046.96,0.111596,0.109376,0.108386,0.103564,0.1059,0.11329,0.114814,0.120606,,,0.111596342857143,0.109370428571429,0.108380257142857,0.1035628,0.105904114285714,0.113294028571429,0.114818371428571,0.120606428571429,0.111602004662005,0.109361256410256,0.108377706293706,0.103605820512821,0.105949090909091,0.113345055944056,0.11490527972028,0.120650291375291
3047.92,0.111964,0.109585,0.108392,0.103697,0.105855,0.112885,0.114439,0.120043,,,0.111963657142857,0.1095838,0.108394571428571,0.103700857142857,0.1058568,0.112893571428571,0.114445428571429,0.120043085714286,0.111886773892774,0.109512086247086,0.108353482517483,0.103713776223776,0.105848944055944,0.112955517482517,0.114504680652681,0.120075372960373
3048.88,0.112313,0.109778,0.10842,0.103871,0.105813,0.112573,0.114155,0.119509,,,0.112299542857143,0.109772257142857,0.108415457142857,0.103869628571429,0.105806571428571,0.112571714285714,0.114154057142857,0.119510371428571,0.11224103030303,0.109729850815851,0.10840986013986,0.10385672027972,0.105752918414918,0.112590820512821,0.114138009324009,0.119524265734266
3049.85,0.112605,0.109961,0.108471,0.104047,0.105704,0.112282,0.113874,0.118994,,,0.112603457142857,0.109959885714286,0.108468342857143,0.104042971428571,0.105699457142857,0.1122766,0.113865771428571,0.1189964,0.112650995337995,0.11000141025641,0.108537610722611,0.104020797202797,0.105644902097902,0.112242487179487,0.113793976689977,0.118975508158508
3050.81,0.112959,0.110207,0.108599,0.104202,0.105533,0.111955,0.113519,0.118472,,,0.112979742857143,0.110219171428571,0.108613742857143,0.104203028571429,0.105535742857143,0.1119544,0.113515485714286,0.118467371428571,0.113097177156177,0.110316526806527,0.108713158508159,0.104188834498834,0.105515682983683,0.111903741258741,0.113458307692308,0.118408946386946
3051.78,0.113512,0.110602,0.108889,0.10436,0.105358,0.111598,0.113109,0.117889,,,0.113518342857143,0.110607228571429,0.108896114285714,0.1043618,0.105359971428571,0.111597314285714,0.113110971428571,0.117883857142857,0.11357513986014,0.110675216783217,0.108923787878788,0.10435858041958,0.10537120979021,0.111569867132867,0.113115710955711,0.117825904428904
3052.74,0.114159,0.11109,0.109254,0.104533,0.105205,0.111224,0.112704,0.117245,,,0.114142971428571,0.111083657142857,0.109240542857143,0.104531971428571,0.105203628571429,0.111222457142857,0.112709057142857,0.117244314285714,0.114083675990676,0.111067034965035,0.109158212121212,0.104534163170163,0.105229517482517,0.111232696969697,0.112753333333333,0.117240888111888
3053.7,0.114721,0.111554,0.109524,0.104712,0.105077,0.110854,0.112341,0.1166,,,0.114713885714286,0.111550228571429,0.1095132,0.104710028571429,0.105077428571429,0.110857428571429,0.1123434,0.116603771428571,0.114621314685315,0.111473198135198,0.109402181818182,0.104720305361305,0.105112219114219,0.110889962703963,0.112369319347319,0.116663857808858
3054.67,0.115206,0.111951,0.109686,0.1049,0.104993,0.110527,0.111998,0.116022,,,0.115211914285714,0.1119486,0.109690457142857,0.104903171428571,0.1049966,0.110530942857143,0.111994571428571,0.116029371428571,0.115183072261072,0.111876358974359,0.109652358974359,0.104924662004662,0.105031487179487,0.11055282983683,0.111974032634033,0.116099333333333
3055.63,0.115705,0.112282,0.109853,0.105123,0.104967,0.110242,0.111625,0.115535,,,0.115707057142857,0.112279514285714,0.1098584,0.1051248,0.1049688,0.110238914285714,0.111621571428571,0.115536114285714,0.115746710955711,0.112256188811189,0.109908888111888,0.105147090909091,0.104981629370629,0.110232142191142,0.111578403263403,0.115551470862471
3056.6,0.11624,0.112576,0.110086,0.10537,0.104971,0.109952,0.111212,0.115077,,,0.116240685714286,0.112579342857143,0.1100854,0.105368371428571,0.104968171428571,0.109948142857143,0.111211571428571,0.115069628571429,0.116290116550117,0.112600995337995,0.11016837995338,0.105372780885781,0.104947568764569,0.109929934731935,0.111187743589744,0.11502372027972
3057.56,0.116809,0.112891,0.110383,0.105609,0.104956,0.109646,0.110789,0.114573,,,0.116812857142857,0.112895114285714,0.110388571428571,0.105609771428571,0.104953257142857,0.109648485714286,0.110789857142857,0.114570514285714,0.116818055944056,0.112924167832168,0.110438298368298,0.105586771561772,0.104919540792541,0.109646307692308,0.110805794871795,0.1145168997669
3058.53,0.117402,0.113246,0.110749,0.105827,0.104906,0.109358,0.110391,0.114034,,,0.117399514285714,0.113243942857143,0.1107514,0.105825885714286,0.104905742857143,0.109359628571429,0.1103928,0.114034771428571,0.117348403263403,0.113251067599068,0.110731701631702,0.105781680652681,0.104889825174825,0.109376624708625,0.110435076923077,0.114026044289044
3059.49,0.117964,0.113612,0.111124,0.106002,0.104837,0.109093,0.110043,0.1135,,,0.117956114285714,0.1136096,0.111114314285714,0.105996514285714,0.104837685714286,0.109092057142857,0.110046514285714,0.113500771428571,0.117892787878788,0.113601328671329,0.111045247086247,0.105954547785548,0.104842916083916,0.109105554778555,0.110077002331002,0.113538643356643
3060.45,0.118469,0.113984,0.11142,0.106125,0.104768,0.108837,0.109749,0.113002,,,0.118466942857143,0.1139846,0.111414514285714,0.106126028571429,0.104771171428571,0.108839228571429,0.109749428571429,0.113008171428571,0.118463508158508,0.113986986013986,0.111365130536131,0.106113897435897,0.104770529137529,0.108824946386946,0.109739018648019,0.113047009324009
3061.42,0.118983,0.114385,0.111662,0.106251,0.10471,0.108587,0.109472,0.112562,,,0.118989257142857,0.114386542857143,0.111668085714286,0.106253742857143,0.104709142857143,0.1085858,0.1094672,0.112562342857143,0.119071256410256,0.114409561771562,0.111684034965035,0.106284132867133,0.104688421911422,0.108548053613054,0.109434522144522,0.1125608997669
3062.38,0.119596,0.114831,0.111939,0.106423,0.104637,0.108314,0.10917,0.11213,,,0.119604314285714,0.114832542857143,0.111943028571429,0.106422314285714,0.104629371428571,0.108305942857143,0.109165028571429,0.112122628571429,0.11971027039627,0.114862918414918,0.111999076923077,0.106484275058275,0.104621027972028,0.108290086247086,0.109164016317016,0.112090111888112
3063.35,0.120325,0.11532,0.112269,0.106652,0.104533,0.108003,0.108857,0.111652,,,0.120328342857143,0.115321114285714,0.112269942857143,0.106656971428571,0.104535314285714,0.108005142857143,0.108863257142857,0.111650542857143,0.120363694638695,0.115340256410256,0.11230727972028,0.106714864801865,0.104572988344988,0.108049067599068,0.108907627039627,0.111630233100233
3064.31,0.12109,0.115832,0.112623,0.106957,0.104471,0.107733,0.108605,0.11116,,,0.121084085714286,0.1158308,0.112622142857143,0.106961885714286,0.1044818,0.107745257142857,0.108614942857143,0.111166342857143,0.121017850815851,0.11583127972028,0.11261220979021,0.106969608391608,0.104532491841492,0.107811384615385,0.10864586013986,0.111176582750583
3065.28,0.121772,0.116334,0.112961,0.107299,0.104497,0.107558,0.108413,0.110703,,,0.121762914285714,0.116334085714286,0.112958085714286,0.107292228571429,0.104497857142857,0.107559028571429,0.108406314285714,0.110702057142857,0.121657433566434,0.116314939393939,0.112916205128205,0.107240722610723,0.104493130536131,0.107564212121212,0.108374517482517,0.110728517482517
3066.24,0.122321,0.116807,0.113253,0.107582,0.104531,0.107389,0.108164,0.110256,,,0.122318771428571,0.1168064,0.113250942857143,0.107574457142857,0.104519257142857,0.107378885714286,0.108152771428571,0.110253428571429,0.122258118881119,0.11676448951049,0.11321010955711,0.10751458041958,0.104459913752914,0.10730658041958,0.108095608391608,0.110276571095571
3067.2,0.122793,0.117231,0.113503,0.107789,0.104483,0.107125,0.107819,0.109805,,,0.122798142857143,0.117228685714286,0.113503,0.107791742857143,0.104479142857143,0.107118657142857,0.107823285714286,0.109809714285714,0.122799988344988,0.117167596736597,0.113483195804196,0.10777548951049,0.104438244755245,0.107045648018648,0.107802557109557,0.109806447552448
3068.17,0.12327,0.117593,0.113739,0.107991,0.1044,0.106783,0.10747,0.109366,,,0.123273342857143,0.117589571428571,0.113739514285714,0.107996314285714,0.104407628571429,0.106785485714286,0.107477628571429,0.109367971428571,0.123291053613054,0.117540393939394,0.113739319347319,0.108013797202797,0.104423948717949,0.106780934731935,0.107484445221445,0.10931334965035
3069.13,0.123774,0.117907,0.113989,0.108227,0.104374,0.106454,0.107159,0.1089,,,0.123770571428571,0.117903571428571,0.1139902,0.108226914285714,0.104378885714286,0.106461885714286,0.107155742857143,0.108889457142857,0.12377444988345,0.117911048951049,0.113999895104895,0.108234377622378,0.104412265734266,0.106507167832168,0.107146703962704,0.108807275058275
3070.1,0.124288,0.118227,0.114275,0.108474,0.104408,0.1062,0.106839,0.108345,,,0.124284314285714,0.118232057142857,0.114274057142857,0.108469028571429,0.1044032,0.106200428571429,0.106831714285714,0.108337457142857,0.124301822843823,0.118302093240093,0.114295067599068,0.108461771561772,0.104415167832168,0.106235540792541,0.106821531468531,0.10830920979021
3071.06,0.124835,0.118647,0.114605,0.10871,0.104448,0.105991,0.106501,0.107762,,,0.124838685714286,0.1186578,0.114604657142857,0.108709485714286,0.104444057142857,0.1059856,0.106502285714286,0.107771342857143,0.124898696969697,0.118734745920746,0.114646498834499,0.10872227972028,0.104451976689977,0.105992079254079,0.10654058974359,0.107842990675991
3072.03,0.125481,0.119202,0.114998,0.108971,0.104496,0.105792,0.106221,0.1073,,,0.125489914285714,0.119198914285714,0.115002971428571,0.108975971428571,0.104501828571429,0.105793457142857,0.106230942857143,0.107311228571429,0.125558543123543,0.119227293706294,0.115053342657343,0.109017377622378,0.104523186480186,0.105794356643357,0.106303083916084,0.107423398601399
3072.99,0.126249,0.119801,0.115477,0.109299,0.1046,0.105631,0.10606,0.106999,,,0.126249428571429,0.119793028571429,0.115480342857143,0.109303028571429,0.104604714285714,0.105634942857143,0.106065228571429,0.106998228571429,0.126262368298368,0.119779205128205,0.115497393939394,0.109328545454545,0.104608356643357,0.105642060606061,0.106091713286713,0.107055235431235
3073.95,0.127058,0.120389,0.116007,0.109678,0.10474,0.105519,0.105963,0.106768,,,0.127050885714286,0.120393971428571,0.116004171428571,0.109675942857143,0.1047346,0.105516342857143,0.105954,0.1067626,0.126996752913753,0.120373815850816,0.115963354312354,0.109647724941725,0.104695582750583,0.105522822843823,0.10590506993007,0.106739864801865
3074.92,0.127822,0.121004,0.116514,0.110045,0.104841,0.105421,0.105814,0.106525,,,0.1278178,0.121006657142857,0.116506971428571,0.110038314285714,0.1048338,0.105419628571429,0.105805171428571,0.106523371428571,0.127754375291375,0.120990850815851,0.116445538461538,0.109983405594406,0.104792086247086,0.105421599067599,0.105749097902098,0.106469151515152
3075.88,0.128538,0.121626,0.116957,0.110361,0.104891,0.105333,0.105602,0.106251,,,0.128538685714286,0.1216188,0.116954,0.1103574,0.104892371428571,0.105336428571429,0.105606714285714,0.106249971428571,0.128520459207459,0.121605202797203,0.116936988344988,0.110339913752914,0.104905692307692,0.105331606060606,0.105611226107226,0.106213608391608
3076.85,0.129252,0.122204,0.117377,0.110665,0.104962,0.105267,0.105419,0.105946,,,0.129255171428571,0.122204428571429,0.117384285714286,0.110672114285714,0.104970657142857,0.1052664,0.105427828571429,0.105946085714286,0.129278561771562,0.122198386946387,0.117423986013986,0.110711037296037,0.105028995337995,0.10525355011655,0.10546820979021,0.105936888111888
3077.81,0.130002,0.122771,0.11785,0.111038,0.10511,0.105195,0.105302,0.105622,,,0.130005428571429,0.122777857142857,0.117855742857143,0.111043828571429,0.1051124,0.105190285714286,0.1053008,0.105623714285714,0.130032277389277,0.12277324009324,0.11789775990676,0.111094354312354,0.105149046620047,0.10518658041958,0.105312473193473,0.105626319347319
3078.77,0.130789,0.123355,0.118367,0.111478,0.10529,0.105096,0.105185,0.10529,,,0.130785142857143,0.123350371428571,0.118362371428571,0.111473457142857,0.105285542857143,0.105096942857143,0.105177028571429,0.1052894,0.130800151515151,0.123337946386946,0.118359853146853,0.111491268065268,0.105261615384615,0.105120575757576,0.105153002331002,0.105288939393939
3079.74,0.131574,0.123904,0.118852,0.111915,0.105429,0.105004,0.105016,0.104941,,,0.131572542857143,0.123898771428571,0.118847285714286,0.111912771428571,0.105424628571429,0.105010942857143,0.105016514285714,0.1049392,0.131585149184149,0.123892855477855,0.118810916083916,0.111897456876457,0.10536896969697,0.105034237762238,0.104997501165501,0.104931074592075
3080.7,0.132363,0.12442,0.119283,0.112332,0.105506,0.104942,0.104836,0.104573,,,0.132369685714286,0.124425571428571,0.119285657142857,0.112335771428571,0.105506,0.104943628571429,0.104842085714286,0.104575314285714,0.132371272727273,0.12443772960373,0.119245424242424,0.112304608391608,0.105469130536131,0.104911944055944,0.104842405594406,0.104560666666667
3081.67,0.133179,0.124966,0.119693,0.112738,0.105551,0.104852,0.10468,0.104205,,,0.133178657142857,0.124970114285714,0.119692914285714,0.112734914285714,0.105551171428571,0.1048424,0.104677257142857,0.104203028571429,0.133143543123543,0.124973361305361,0.119661857808858,0.112700820512821,0.105552843822844,0.104759151515152,0.104679540792541,0.104192680652681
3082.63,0.133967,0.12554,0.120084,0.113098,0.105594,0.104657,0.104512,0.103829,,,0.133957228571429,0.125535628571429,0.120079285714286,0.113092514285714,0.1055958,0.104647914285714,0.104508228571429,0.103825657142857,0.133900498834499,0.125505615384615,0.12007268997669,0.113073463869464,0.105616864801865,0.10459475990676,0.104507645687646,0.103838643356643
3083.6,0.134676,0.126092,0.120459,0.113413,0.105663,0.104392,0.104328,0.10346,,,0.134674628571429,0.126086085714286,0.120458828571429,0.1134178,0.105665571428571,0.1043998,0.104332028571429,0.103465057142857,0.134655179487179,0.126056953379953,0.120499568764569,0.113425412587413,0.10568031002331,0.10443765967366,0.104337902097902,0.103505081585082
3084.56,0.135369,0.126623,0.120876,0.113748,0.105765,0.104198,0.104168,0.103152,,,0.135374914285714,0.1266236,0.120884057142857,0.113751257142857,0.105762257142857,0.1042076,0.1041698,0.103156885714286,0.1354242004662,0.126652114219114,0.120956892773893,0.113773107226107,0.105768736596737,0.104301517482517,0.104180862470862,0.103195703962704
3085.52,0.136125,0.127203,0.121395,0.114112,0.105877,0.104125,0.104025,0.1029,,,0.136129114285714,0.127210714285714,0.1214004,0.114108142857143,0.105874428571429,0.104123542857143,0.1040208,0.1028964,0.136205041958042,0.127292825174825,0.12144275990676,0.114125289044289,0.105889557109557,0.104191146853147,0.104028990675991,0.102903876456876
3086.49,0.136954,0.127895,0.121982,0.114476,0.106008,0.104111,0.103871,0.102642,,,0.136956571428571,0.127901857142857,0.121976685714286,0.114476942857143,0.106014514285714,0.104110057142857,0.103873314285714,0.102640542857143,0.136984347319347,0.127962990675991,0.121946657342657,0.114483892773893,0.10603365967366,0.104107785547786,0.103867769230769,0.102612072261072
3087.45,0.137818,0.128672,0.12254,0.114856,0.106197,0.104111,0.103727,0.102358,,,0.137817142857143,0.128667885714286,0.122533485714286,0.1148596,0.1061988,0.104111942857143,0.103730428571429,0.102359028571429,0.137766337995338,0.128649526806527,0.122461692307692,0.114856375291375,0.106195393939394,0.104054757575758,0.103702219114219,0.10231120979021
3088.42,0.138649,0.129427,0.123034,0.115257,0.106407,0.104091,0.103587,0.102045,,,0.138638885714286,0.129420228571429,0.123033485714286,0.115253142857143,0.1063998,0.104083114285714,0.1035798,0.102041314285714,0.138561958041958,0.129345256410256,0.12298662004662,0.115245468531469,0.106375142191142,0.104025508158508,0.103548536130536,0.10200341958042
3089.38,0.139389,0.130101,0.123505,0.115642,0.10658,0.104006,0.103405,0.101688,,,0.139384285714286,0.130098171428571,0.123506285714286,0.115639428571429,0.106577257142857,0.104002571428571,0.103399171428571,0.101683457142857,0.139361578088578,0.130037233100233,0.123520827505827,0.115639412587413,0.106569867132867,0.103997554778555,0.103411191142191,0.101689906759907
3090.35,0.140098,0.130714,0.124,0.116019,0.106742,0.103903,0.103219,0.101315,,,0.1401094,0.130715457142857,0.124001885714286,0.1160244,0.106749114285714,0.103912857142857,0.103230828571429,0.101321857142857,0.140149424242424,0.130704156177156,0.124059529137529,0.116025727272727,0.106769382284382,0.103955724941725,0.10328755011655,0.1013712997669
3091.31,0.140891,0.131319,0.124551,0.116426,0.106951,0.103869,0.103135,0.101007,,,0.140897085714286,0.131323028571429,0.124556228571429,0.116427542857143,0.106954257142857,0.1038738,0.103142542857143,0.101014628571429,0.140930048951049,0.131336566433566,0.124600181818182,0.116404757575758,0.106962648018648,0.103904372960373,0.103179407925408,0.101054153379953
3092.27,0.14175,0.131952,0.125168,0.116838,0.107182,0.103876,0.103121,0.100765,,,0.141740228571429,0.131951914285714,0.125169885714286,0.116830628571429,0.107176171428571,0.103868114285714,0.1031102,0.100759857142857,0.141728228438228,0.131958079254079,0.125154125874126,0.116790785547786,0.107149142191142,0.103853247086247,0.103086937062937,0.10074622960373
3093.24,0.142586,0.132602,0.1258,0.117212,0.107372,0.10384,0.103057,0.100501,,,0.142581371428571,0.132596857142857,0.125791342857143,0.117207628571429,0.107366942857143,0.103835971428571,0.103051257142857,0.100493251428571,0.142571226107226,0.132606664335664,0.125736832167832,0.117207466200466,0.107341289044289,0.103806540792541,0.103009258741259,0.100451639393939
3094.2,0.143424,0.133259,0.126374,0.117591,0.107526,0.103769,0.102949,0.100187,,,0.143431285714286,0.133259857142857,0.126367142857143,0.117598028571429,0.107529514285714,0.103774314285714,0.102956285714286,0.100190025714286,0.143468230769231,0.133299363636364,0.126346247086247,0.117669487179487,0.107545587412587,0.103762708624709,0.102946477855478,0.100171280652681
3095.17,0.144343,0.133973,0.126918,0.118069,0.107708,0.103718,0.10287,0.0998854,,,0.144348571428571,0.133982942857143,0.126927685714286,0.118077571428571,0.107713657142857,0.103719628571429,0.102870857142857,0.0998896428571428,0.144401494172494,0.134029878787879,0.126963892773893,0.11816489044289,0.10775251981352,0.103716470862471,0.102888438228438,0.0999038097902098
3096.13,0.145337,0.134784,0.12754,0.118658,0.107941,0.10368,0.102808,0.0996233,,,0.145335628571429,0.134783914285714,0.127548914285714,0.118659457142857,0.107941171428571,0.103674942857143,0.102804657142857,0.09962084,0.145346505827506,0.134787815850816,0.127581456876457,0.118671452214452,0.107951055944056,0.103673897435897,0.10282079020979,0.0996484671328671
3097.1,0.146335,0.135616,0.128235,0.11927,0.108182,0.103629,0.102741,0.0993783,,,0.146330628571429,0.135607342857143,0.128226257142857,0.119262971428571,0.108177714285714,0.103628142857143,0.102744,0.0993780342857143,0.14629168997669,0.135567543123543,0.128213142191142,0.119182447552448,0.108145741258741,0.103652862470862,0.102749412587413,0.0994102400932401
3098.06,0.147282,0.136394,0.128894,0.1198,0.108386,0.103598,0.102686,0.0991567,,,0.147279685714286,0.1363916,0.128884657142857,0.1197904,0.108383171428571,0.103603228571429,0.102686085714286,0.0991609257142857,0.147226566433566,0.136361974358974,0.128873811188811,0.119700034965035,0.10834782051282,0.103655284382284,0.102684335664336,0.0991882109557109
3099.02,0.148174,0.137144,0.12951,0.120225,0.108558,0.10363,0.102625,0.0989679,,,0.148175028571429,0.137149742857143,0.129519085714286,0.120225171428571,0.108558257142857,0.103636342857143,0.102621914285714,0.0989695371428571,0.148134165501166,0.137156116550117,0.129554487179487,0.120213484848485,0.108558913752914,0.103661855477855,0.10261434032634,0.0989619251748252
3099.99,0.149034,0.13792,0.130185,0.120634,0.108736,0.103707,0.102539,0.098772,,,0.149033142857143,0.137922742857143,0.130195971428571,0.120643257142857,0.108739771428571,0.103704,0.102541914285714,0.0987686571428571,0.149009864801865,0.1379337995338,0.130224198135198,0.120701025641026,0.108772447552448,0.103660386946387,0.102523808857809,0.0987086939393939
3100.95,0.149873,0.138709,0.130915,0.121114,0.108955,0.103737,0.102445,0.09851,,,0.149869914285714,0.138704714285714,0.130907371428571,0.121119142857143,0.108957142857143,0.103725514285714,0.1024438,0.0985038457142857,0.149870228438228,0.13868941958042,0.130857403263403,0.121159477855478,0.108983377622378,0.103652144522145,0.102414766899767,0.0984293757575758
3101.92,0.150712,0.139466,0.131568,0.121644,0.109206,0.103663,0.102326,0.0981619,,,0.150714314285714,0.139462914285714,0.131556085714286,0.121638685714286,0.109204714285714,0.103661714285714,0.102321371428571,0.0981579571428571,0.150745951048951,0.139435032634033,0.131460771561772,0.12161341025641,0.109194680652681,0.10363337995338,0.102297811188811,0.0981375156177156
3102.88,0.151608,0.140196,0.132101,0.122143,0.109455,0.103562,0.102179,0.0977795,,,0.151612885714286,0.140198657142857,0.132100828571429,0.122134085714286,0.109452942857143,0.103572542857143,0.102179685714286,0.0977849257142857,0.151667706293706,0.140189776223776,0.132060065268065,0.122092195804196,0.10941734032634,0.103597627039627,0.102186713286713,0.0978381559440559
3103.84,0.152591,0.14094,0.13261,0.122592,0.109683,0.103526,0.102055,0.0974606,,,0.152589971428571,0.1409394,0.132616,0.122595171428571,0.109679314285714,0.103526942857143,0.1020592,0.09747002,0.152647151515152,0.140962601398601,0.132669114219114,0.122605862470862,0.109660156177156,0.103555834498835,0.102101834498835,0.0975378965034965
3104.81,0.153634,0.141708,0.133193,0.123076,0.109895,0.103524,0.101997,0.0972397,,,0.153635971428571,0.141708257142857,0.133198828571429,0.123084142857143,0.109895942857143,0.1035162,0.101998114285714,0.0972382,0.153669275058275,0.141747769230769,0.133285895104895,0.123140727272727,0.109919454545455,0.103531249417249,0.102054403263403,0.0972567447552448
3105.77,0.154722,0.142517,0.133878,0.123643,0.110139,0.103514,0.101999,0.0970414,,,0.154725771428571,0.142523257142857,0.1338798,0.123644028571429,0.110145857142857,0.103515628571429,0.102000285714286,0.0970327342857143,0.154705461538462,0.142541694638695,0.133919181818182,0.123675375291375,0.110186111888112,0.103536398601399,0.10203455011655,0.0970117181818182
3106.74,0.155817,0.143381,0.134625,0.124246,0.110452,0.103545,0.102042,0.0968078,,,0.155812285714286,0.143380228571429,0.134622771428571,0.124243171428571,0.110453714285714,0.103554257142857,0.102044657142857,0.0968089142857143,0.155731321678322,0.143356034965035,0.134596757575758,0.124210317016317,0.11046289044289,0.103570244755245,0.102028107226107,0.0968002592074592
3107.7,0.156837,0.144241,0.135373,0.124826,0.110791,0.103647,0.102092,0.0965821,,,0.156827657142857,0.144230885714286,0.1353658,0.124821714285714,0.1107838,0.103644857142857,0.102088142857143,0.0965891028571428,0.156737405594406,0.14420048951049,0.135330813519814,0.124766386946387,0.110760118881119,0.103628771561772,0.102027009324009,0.096602758974359
3108.67,0.157755,0.145047,0.136087,0.125357,0.111093,0.103742,0.102084,0.0963945,,,0.157753114285714,0.145046828571429,0.136086485714286,0.125350828571429,0.11109,0.103730085714286,0.102075257142857,0.0963928457142857,0.157732275058275,0.145061668997669,0.136094538461538,0.125346312354312,0.111077188811189,0.103708160839161,0.102020391608392,0.096393868997669
3109.63,0.158653,0.145867,0.136816,0.125863,0.111379,0.103777,0.101998,0.0961935,,,0.158659942857143,0.145880028571429,0.136827057142857,0.125871571428571,0.111385857142857,0.103780771428571,0.1019998,0.0961892228571428,0.158728925407925,0.145915944055944,0.136850305361305,0.125922806526806,0.111400363636364,0.103800433566434,0.101994965034965,0.0961601815850816
3110.59,0.159635,0.146771,0.137615,0.12644,0.111705,0.103838,0.101916,0.0959469,,,0.159642371428571,0.146772542857143,0.1376162,0.1264508,0.111708085714286,0.103850514285714,0.101925514285714,0.0959473457142857,0.159733671328671,0.146756638694639,0.137591967365967,0.126478752913753,0.11171558974359,0.103886303030303,0.101955787878788,0.0959107692307692
3111.56,0.160724,0.147677,0.13841,0.127084,0.112047,0.103967,0.101899,0.0956724,,,0.160725885714286,0.147662,0.138395257142857,0.127074828571429,0.112040742857143,0.103963914285714,0.1018966,0.0956710628571428,0.160757608391608,0.147601566433566,0.138344745920746,0.127028333333333,0.112021925407925,0.103944643356643,0.101926897435897,0.0956610256410256
3112.52,0.161857,0.148485,0.139113,0.127665,0.112345,0.10406,0.101897,0.0953825,,,0.161850314285714,0.148479942857143,0.139108971428571,0.127651714285714,0.112341571428571,0.104049285714286,0.101889457142857,0.0953812485714285,0.161814916083916,0.148469342657343,0.139123400932401,0.127595251748252,0.112326508158508,0.103975477855478,0.101923778554779,0.0954118002331002
3113.49,0.162949,0.14927,0.139808,0.12816,0.112612,0.104049,0.101888,0.0951053,,,0.162943771428571,0.149283885714286,0.139824542857143,0.128166,0.112616457142857,0.104046171428571,0.101896485714286,0.0951111885714286,0.162899331002331,0.149353146853147,0.139909515151515,0.128185696969697,0.1126262004662,0.103996223776224,0.101935137529138,0.0951550396270396
3114.45,0.163993,0.150166,0.140626,0.128701,0.112901,0.103991,0.101938,0.0948835,,,0.163997285714286,0.150175942857143,0.140636028571429,0.128713085714286,0.112905542857143,0.103995542857143,0.101947,0.09488806,0.163984988344988,0.150231876456876,0.140673643356643,0.128785081585082,0.1129098997669,0.104017391608392,0.101937307692308,0.0948918093240093
3115.42,0.165043,0.151145,0.141505,0.12935,0.113213,0.103976,0.102014,0.0946911,,,0.165046857142857,0.151135657142857,0.141491542857143,0.129351114285714,0.113209314285714,0.103982514285714,0.102003457142857,0.0946845171428571,0.165050888111888,0.151103981351981,0.141411727272727,0.129378571095571,0.113183599067599,0.104043818181818,0.101918055944056,0.0946359286713287
3116.38,0.166103,0.152063,0.142266,0.130028,0.113496,0.104041,0.101978,0.0944489,,,0.166097942857143,0.152051171428571,0.142250657142857,0.130018828571429,0.113488371428571,0.104039971428571,0.101963085714286,0.0944402514285714,0.166093361305361,0.151985076923077,0.142145088578089,0.129973776223776,0.113470529137529,0.104088559440559,0.10188334965035,0.0944013895104895
3117.34,0.167132,0.152885,0.142887,0.130643,0.113741,0.104147,0.101815,0.0941545,,,0.1671308,0.152888942857143,0.1428918,0.130637685714286,0.113743228571429,0.104143828571429,0.101820657142857,0.0941580828571428,0.167120927738928,0.152873557109557,0.142884792540793,0.130587254079254,0.113777682983683,0.104162545454545,0.10184124009324,0.0941890526806527
3118.31,0.168148,0.153714,0.143525,0.13121,0.114028,0.104267,0.101684,0.0939064,,,0.1681516,0.153724885714286,0.143538971428571,0.131215314285714,0.114039742857143,0.104272485714286,0.101699257142857,0.09391798,0.168149407925408,0.153749095571096,0.143617995337995,0.131216643356643,0.114092158508159,0.104260624708625,0.101788634032634,0.093990093006993
3119.27,0.169183,0.154607,0.144281,0.131806,0.114411,0.104411,0.101678,0.0937613,,,0.169182228571429,0.154603914285714,0.144282371428571,0.131810114285714,0.114412371428571,0.1044098,0.101679371428571,0.0937621828571428,0.169190652680653,0.15460665034965,0.144339734265734,0.131846424242424,0.114410333333333,0.104368624708625,0.101723671328671,0.0937984317016317
3120.24,0.170227,0.155494,0.145093,0.132446,0.114807,0.104525,0.101712,0.0936408,,,0.170224,0.155484142857143,0.145085371428571,0.1324442,0.114792771428571,0.104515657142857,0.101701028571429,0.0936317914285714,0.17024317016317,0.155468384615385,0.145077032634033,0.132470862470862,0.114740822843823,0.104472641025641,0.10166403962704,0.0936104501165501
3121.2,0.171279,0.156341,0.145883,0.133097,0.115117,0.104569,0.101685,0.0934562,,,0.171283628571429,0.156344428571429,0.145880171428571,0.133096314285714,0.1151146,0.1045702,0.101681657142857,0.0934559085714285,0.171302344988345,0.156359897435897,0.145859347319347,0.133096235431235,0.115089447552448,0.104565247086247,0.101632925407925,0.0934148668997669
3122.16,0.172373,0.157229,0.146662,0.133747,0.115408,0.104612,0.101624,0.0932239,,,0.1723766,0.157237828571429,0.146665942857143,0.133748628571429,0.115420257142857,0.104619971428571,0.101628885714286,0.0932286914285714,0.172370006993007,0.157282871794872,0.146678156177156,0.133727433566434,0.115451522144522,0.104650428904429,0.101629060606061,0.0931892701631701
3123.13,0.173489,0.158199,0.147474,0.134392,0.115775,0.104709,0.101595,0.0929637,,,0.1734818,0.158197714285714,0.147478628571429,0.134389257142857,0.115775342857143,0.104708142857143,0.101597485714286,0.0929594657142857,0.173448051282051,0.15821731002331,0.14749762004662,0.134361682983683,0.115809911421911,0.104736244755245,0.101628862470862,0.0929154125874126
3124.09,0.174565,0.159189,0.148317,0.135009,0.11617,0.104822,0.101607,0.0926395,,,0.174560971428571,0.159185142857143,0.148315285714286,0.135006428571429,0.116164685714286,0.104818228571429,0.101607171428571,0.0926341857142857,0.174539370629371,0.159152020979021,0.148293748251748,0.134991128205128,0.116152501165501,0.104826445221445,0.101621834498834,0.0926016207459207
3125.06,0.175623,0.160152,0.149135,0.135607,0.116541,0.104923,0.10164,0.0922646,,,0.175628571428571,0.160150457142857,0.149129,0.135608542857143,0.116542285714286,0.104924714285714,0.101638714285714,0.0922660142857143,0.175651731934732,0.160100214452214,0.14907251981352,0.135613927738928,0.11649724009324,0.104921766899767,0.10162513986014,0.092280865034965
3126.02,0.176732,0.161086,0.149892,0.136225,0.116898,0.105028,0.101672,0.0919143,,,0.176735257142857,0.161082571428571,0.149890028571429,0.136229285714286,0.1168944,0.105030742857143,0.101669,0.0919191257142857,0.176784337995338,0.16107241025641,0.149854976689977,0.136241198135198,0.116869911421911,0.105015076923077,0.101658079254079,0.0919828153846154
3126.99,0.177896,0.162007,0.150622,0.136884,0.117236,0.105133,0.101696,0.0916474,,,0.177895228571429,0.1620088,0.150622685714286,0.136881085714286,0.117232228571429,0.105129828571429,0.101696257142857,0.0916517028571429,0.177922494172494,0.162057417249417,0.150651293706294,0.136893272727273,0.11726493006993,0.105095342657343,0.101716086247086,0.0917187163170163
3127.95,0.179081,0.162971,0.151382,0.137555,0.117592,0.105202,0.10174,0.0914664,,,0.179083057142857,0.162980514285714,0.151387142857143,0.137551828571429,0.117603485714286,0.105197542857143,0.1017454,0.09146664,0.179059566433566,0.163042282051282,0.15145689044289,0.137582498834499,0.117664769230769,0.105165792540793,0.101777983682984,0.091490982983683
3128.91,0.180262,0.164013,0.152221,0.138243,0.118047,0.105236,0.101829,0.0913236,,,0.180257885714286,0.164013857142857,0.152228114285714,0.138248657142857,0.118052657142857,0.105236514285714,0.101831485714286,0.0913207714285714,0.180203041958042,0.16402227039627,0.152271146853147,0.138296223776224,0.118072603729604,0.105244356643357,0.101826300699301,0.0912961261072261
3129.88,0.18139,0.165057,0.153128,0.13899,0.118548,0.105288,0.101925,0.0911685,,,0.181382542857143,0.165048342857143,0.153123457142857,0.138997542857143,0.118535828571429,0.1052922,0.101919428571429,0.0911665457142857,0.181351808857809,0.164988125874126,0.153098685314685,0.139004244755245,0.118493937062937,0.105342491841492,0.10186124009324,0.0911190769230769
3130.84,0.182464,0.166017,0.154009,0.139772,0.118976,0.105405,0.101961,0.0909836,,,0.182468285714286,0.166014257142857,0.154000257142857,0.139766771428571,0.118970685714286,0.1054086,0.101954142857143,0.0909824942857143,0.182492979020979,0.165931356643357,0.153935431235431,0.139688090909091,0.11892255011655,0.10545941958042,0.101900522144522,0.0909444752913753
3131.81,0.18357,0.166908,0.154823,0.140477,0.119354,0.105585,0.101935,0.0907742,,,0.183579342857143,0.1669086,0.154825657142857,0.140463114285714,0.119362657142857,0.105585685714286,0.101934742857143,0.0907729057142857,0.183619090909091,0.166858871794872,0.154777130536131,0.140356011655012,0.119352559440559,0.105593365967366,0.101955251748252,0.0907691983682984
3132.77,0.184744,0.167777,0.155631,0.141054,0.119767,0.105784,0.101925,0.0905585,,,0.184741428571429,0.167774171428571,0.155632371428571,0.141051428571429,0.119767514285714,0.105780057142857,0.101933914285714,0.0905591685714285,0.184737717948718,0.16778934032634,0.155631016317016,0.141027883449883,0.119780664335664,0.105743792540793,0.102014158508159,0.0905950634032634
3133.74,0.185913,0.168664,0.156463,0.141614,0.120199,0.10595,0.102012,0.0903698,,,0.185905114285714,0.1686664,0.156459057142857,0.141625142857143,0.120193942857143,0.1059464,0.102020742857143,0.0903747885714286,0.18586810955711,0.16874941025641,0.156505456876457,0.141715025641026,0.120209104895105,0.105905076923077,0.102066396270396,0.0904206694638694
3134.7,0.187034,0.169642,0.157333,0.142298,0.120628,0.106077,0.102173,0.0902336,,,0.187032542857143,0.169651342857143,0.157339771428571,0.142307857142857,0.120630228571429,0.106078114285714,0.102166057142857,0.0902371828571428,0.187028149184149,0.169764944055944,0.157410344988345,0.14242406993007,0.120654289044289,0.106067766899767,0.102123543123543,0.0902464195804196
3135.66,0.188156,0.170756,0.158301,0.143117,0.121091,0.106201,0.102283,0.0901172,,,0.1881626,0.170759428571429,0.158308285714286,0.143114257142857,0.1210952,0.106202885714286,0.102270057142857,0.0901113285714286,0.188213491841492,0.170830062937063,0.158357678321678,0.143162678321678,0.121124403263403,0.106222111888112,0.102201151515152,0.0900745531468531
3136.63,0.189345,0.171942,0.159348,0.143967,0.121599,0.106345,0.102298,0.0899461,,,0.189350742857143,0.171940542857143,0.159341657142857,0.143961942857143,0.121599171428571,0.106346371428571,0.102301085714286,0.08993962,0.189401235431235,0.171903834498835,0.159338044289044,0.143929599067599,0.121601370629371,0.10636424009324,0.102295090909091,0.0899002613053613
3137.59,0.19059,0.173096,0.16037,0.144776,0.122114,0.10651,0.102325,0.0897143,,,0.190588371428571,0.1730918,0.160366571428571,0.144776514285714,0.122112457142857,0.106510942857143,0.102336657142857,0.0897190314285714,0.190576251748252,0.172955114219114,0.16032096037296,0.144703997668998,0.122070393939394,0.106504484848485,0.102388062937063,0.089713741025641
3138.56,0.191813,0.174131,0.161337,0.145531,0.122596,0.106681,0.102435,0.0894914,,,0.191806057142857,0.174118228571429,0.161339914285714,0.145528514285714,0.122590771428571,0.106676971428571,0.1024344,0.0894960457142857,0.191737468531468,0.173981916083916,0.161284424242424,0.145455137529138,0.122539286713287,0.106659904428904,0.102467440559441,0.0895106158508159
3139.52,0.192955,0.175009,0.162259,0.146213,0.123023,0.106832,0.102563,0.0892918,,,0.192951742857143,0.175002057142857,0.162254285714286,0.146207428571429,0.123019228571429,0.106829514285714,0.102556571428571,0.0892873,0.192885151515152,0.174987655011655,0.162213724941725,0.146165848484848,0.123015125874126,0.10683451981352,0.10253603962704,0.0892949641025641
3140.49,0.194038,0.175841,0.163112,0.146832,0.123434,0.106984,0.102651,0.0890757,,,0.194039628571429,0.175856514285714,0.163108828571429,0.146832942857143,0.123441457142857,0.106990085714286,0.102651,0.0890741057142857,0.194022132867133,0.175976335664336,0.16309741958042,0.146844920745921,0.1234938997669,0.107019848484848,0.102610153846154,0.0890781265734266
3141.45,0.195122,0.176819,0.163927,0.147463,0.123912,0.107187,0.102716,0.0888558,,,0.195122857142857,0.176833828571429,0.163933857142857,0.1474696,0.123918514285714,0.107190685714286,0.102716257142857,0.0888600942857142,0.195161995337995,0.176964934731935,0.163948622377622,0.1475197995338,0.123972582750583,0.107209386946387,0.102700913752914,0.0888726237762238
3142.41,0.196248,0.177954,0.164772,0.14817,0.124453,0.10742,0.102775,0.0886634,,,0.196249971428571,0.177946714285714,0.164771657142857,0.1481718,0.124449142857143,0.107414428571429,0.102773114285714,0.0886636571428571,0.196323585081585,0.177971825174825,0.164796435897436,0.148218235431235,0.124450585081585,0.107400671328671,0.102798587412587,0.0886777606060606
3143.38,0.197447,0.179084,0.165635,0.14894,0.124977,0.107619,0.102842,0.0884797,,,0.197452314285714,0.1790744,0.165631142857143,0.148937171428571,0.124972714285714,0.107616257142857,0.102845942857143,0.0884777114285714,0.197516263403263,0.179000862470862,0.165654142191142,0.148955939393939,0.124925426573427,0.107590445221445,0.102886405594406,0.088477158041958
3144.34,0.198727,0.180132,0.166508,0.149739,0.125449,0.107785,0.102953,0.0882829,,,0.198729914285714,0.180133285714286,0.166513314285714,0.149739085714286,0.125448657142857,0.107788085714286,0.102959428571429,0.0882842457142857,0.19873406993007,0.180043897435897,0.166524505827506,0.149737137529138,0.125393456876457,0.10777203962704,0.102964088578089,0.088257924009324
3145.31,0.200034,0.181133,0.167428,0.150566,0.125884,0.107951,0.103098,0.0880744,,,0.200028342857143,0.1811324,0.167429971428571,0.1505684,0.125882542857143,0.1079516,0.103091914285714,0.0880738171428571,0.199961400932401,0.181083351981352,0.167417377622378,0.150559564102564,0.125853529137529,0.107939818181818,0.103044687645688,0.0880250494172494
3146.27,0.20128,0.182107,0.16837,0.151419,0.126301,0.108114,0.103192,0.0878399,,,0.201272285714286,0.182102542857143,0.1683622,0.151416171428571,0.1263004,0.108111342857143,0.103181714285714,0.08783378,0.201188319347319,0.182108657342657,0.168340055944056,0.151413473193473,0.126314237762238,0.10810068997669,0.103138331002331,0.0877971603729604
3147.23,0.202443,0.183081,0.169286,0.152268,0.126736,0.108264,0.103221,0.0875719,,,0.2024424,0.1830858,0.169284371428571,0.152265771428571,0.1267378,0.1082616,0.103225628571429,0.0875696885714286,0.202416582750583,0.183141484848485,0.169291641025641,0.152279522144522,0.126796524475524,0.108272822843823,0.103249135198135,0.0875970445221445
3148.2,0.203591,0.184134,0.170219,0.153116,0.127232,0.108422,0.103291,0.0873343,,,0.203595028571429,0.184139657142857,0.170227314285714,0.153122257142857,0.127236971428571,0.108425685714286,0.103301371428571,0.0873427514285714,0.203649337995338,0.184220053613054,0.170272687645688,0.153138025641026,0.127313102564103,0.108467909090909,0.10337241025641,0.0874395517482517
3149.16,0.204799,0.185289,0.171231,0.153992,0.127811,0.108637,0.103454,0.0872168,,,0.204805171428571,0.185289257142857,0.171233914285714,0.153994314285714,0.1278152,0.108643171428571,0.103453571428571,0.0872255771428571,0.204887603729604,0.185354372960373,0.171276701631702,0.153980160839161,0.127851212121212,0.108684652680653,0.103495079254079,0.0873199678321678
3150.13,0.206095,0.186503,0.172287,0.154852,0.128437,0.108915,0.103641,0.0872105,,,0.206098257142857,0.186504114285714,0.172282542857143,0.154843171428571,0.128435628571429,0.1089132,0.103637571428571,0.0872096257142857,0.206137226107226,0.186517538461538,0.172285158508158,0.154800748251748,0.128389533799534,0.108916515151515,0.103608955710956,0.0872158181818182
3151.09,0.207435,0.18773,0.173318,0.155625,0.129025,0.10919,0.103788,0.0872041,,,0.207430542857143,0.1877312,0.173317914285714,0.155621228571429,0.129016857142857,0.109184257142857,0.103785085714286,0.0871969685714285,0.207401993006993,0.187673244755245,0.173279568764569,0.155588629370629,0.128919090909091,0.10915203030303,0.103713743589744,0.0871022433566434
3152.06,0.208737,0.188911,0.174307,0.156343,0.129506,0.109417,0.103871,0.0870965,,,0.208731514285714,0.188904314285714,0.174306742857143,0.156351485714286,0.129498542857143,0.1094182,0.1038674,0.0870902342857143,0.208672904428904,0.188799554778555,0.17424751048951,0.156341794871795,0.129439358974359,0.109379603729604,0.103809582750583,0.0869679869463869
3153.02,0.209971,0.189973,0.175238,0.157082,0.129906,0.109618,0.1039,0.0868698,,,0.209972028571429,0.189963657142857,0.1752332,0.157082342857143,0.129910371428571,0.109619542857143,0.103899914285714,0.0868657971428571,0.209935452214452,0.189889981351981,0.175181678321678,0.157077713286713,0.129946312354312,0.109596405594406,0.103899990675991,0.0868139806526807
3153.98,0.211171,0.190921,0.176098,0.157819,0.130338,0.109801,0.103927,0.0865792,,,0.211171257142857,0.190921942857143,0.176095085714286,0.157808628571429,0.130348457142857,0.109795685714286,0.103928542857143,0.0865806057142857,0.211176692307692,0.19094441958042,0.176085673659674,0.157817363636364,0.130431841491841,0.109800193473193,0.103992715617716,0.0866409741258741
3154.95,0.212359,0.191869,0.17693,0.158527,0.130864,0.109956,0.104005,0.0863266,,,0.212359514285714,0.191882028571429,0.176934714285714,0.158531371428571,0.130866742857143,0.109958142857143,0.1040116,0.0863381714285714,0.212388734265734,0.191966202797203,0.176974731934732,0.158576223776224,0.130896076923077,0.109985808857809,0.104088020979021,0.0864530018648018
3155.91,0.213554,0.19292,0.177811,0.1593,0.131424,0.110135,0.104169,0.0861975,,,0.213558885714286,0.192925314285714,0.177816571428571,0.1593132,0.131416714285714,0.110143742857143,0.104175514285714,0.0862053171428571,0.213578275058275,0.19297058041958,0.177865648018648,0.159366440559441,0.131358843822844,0.110158741258741,0.104185095571096,0.0862639937062937
3156.88,0.214769,0.194025,0.178763,0.160181,0.131926,0.110365,0.104377,0.0861424,,,0.214766771428571,0.194014114285714,0.1787624,0.160176028571429,0.131918114285714,0.1103608,0.104368942857143,0.0861329114285714,0.214759002331002,0.193986002331002,0.178776142191142,0.160189004662005,0.13184941025641,0.110338666666667,0.10429651981352,0.0860873258741259
3157.84,0.21596,0.195073,0.179743,0.161059,0.132363,0.110571,0.104511,0.0860206,,,0.215954857142857,0.195066828571429,0.179738114285714,0.1610494,0.1323624,0.110560628571429,0.104496685714286,0.0860110857142857,0.215933913752914,0.195034778554779,0.17972858041958,0.161030407925408,0.132376874125874,0.110541412587413,0.104433536130536,0.0859260673659673
3158.81,0.217109,0.19608,0.180715,0.161881,0.13282,0.110727,0.104547,0.0858021,,,0.217112171428571,0.196087114285714,0.180713285714286,0.161886914285714,0.132830028571429,0.110731028571429,0.104553085714286,0.0858046285714286,0.217098596736597,0.196108853146853,0.180726561771562,0.161871892773893,0.132920489510489,0.110764736596737,0.104584296037296,0.0857703876456876
3159.77,0.218258,0.197134,0.1817,0.162706,0.133389,0.110928,0.104628,0.0855679,,,0.218259542857143,0.197140771428571,0.181706171428571,0.162711142857143,0.133398085714286,0.110940857142857,0.104643514285714,0.08557204,0.218252324009324,0.197174468531469,0.181739368298368,0.162689158508159,0.133457668997669,0.11099017016317,0.104723177156177,0.0855978333333333
3160.73,0.219412,0.19824,0.182739,0.163524,0.134045,0.111222,0.104826,0.0853695,,,0.2194084,0.198237942857143,0.182745771428571,0.163516971428571,0.134039428571429,0.111220885714286,0.104826085714286,0.0853724142857143,0.219399976689977,0.198212300699301,0.182735482517483,0.163461020979021,0.133991641025641,0.111202219114219,0.104836575757576,0.085397431002331
3161.7,0.220558,0.199324,0.183801,0.164265,0.134657,0.111507,0.105032,0.0852101,,,0.220558428571429,0.199315942857143,0.183792428571429,0.164258914285714,0.134644142857143,0.111494314285714,0.105019057142857,0.0852093028571428,0.220561198135198,0.199244431235431,0.183719428904429,0.164200615384615,0.134544421911422,0.111413300699301,0.104942993006993,0.085199158041958
3162.66,0.221725,0.200336,0.184776,0.164941,0.135159,0.111694,0.105136,0.0850589,,,0.221725942857143,0.200329828571429,0.184761942857143,0.164941257142857,0.135155657142857,0.111688,0.105129571428571,0.0850510228571428,0.221764920745921,0.200307191142191,0.184713755244755,0.164950051282051,0.135128221445221,0.111653797202797,0.105073818181818,0.0850480538461538
3163.63,0.222937,0.20132,0.185654,0.165635,0.135635,0.111842,0.105179,0.0848944,,,0.2229376,0.201326342857143,0.185660685714286,0.165639628571429,0.135644942857143,0.111850142857143,0.105184485714286,0.0848953342857143,0.223010850815851,0.201407417249417,0.185719652680653,0.165731284382284,0.135730652680653,0.11192758041958,0.105228909090909,0.0849512347319347
3164.59,0.224207,0.202392,0.186589,0.166427,0.136208,0.11208,0.105277,0.084787,,,0.224215142857143,0.2024046,0.186607514285714,0.166436428571429,0.136218457142857,0.112092514285714,0.105289,0.0848013914285714,0.224263979020979,0.202519871794872,0.186710955710956,0.166536727272727,0.136326724941725,0.112204547785548,0.105377219114219,0.0848793804195804
3165.56,0.225541,0.203594,0.187657,0.167343,0.136885,0.112442,0.105482,0.0847962,,,0.225545114285714,0.2035976,0.187657428571429,0.167346685714286,0.136884571428571,0.112444828571429,0.1054844,0.08479926,0.225496552447552,0.203618174825175,0.187664195804196,0.167361002331002,0.136899277389277,0.112459454545455,0.105502083916084,0.0848032482517482
3166.52,0.22685,0.204821,0.188718,0.168299,0.137551,0.112816,0.105706,0.0848136,,,0.226834914285714,0.204811228571429,0.188702657142857,0.168288542857143,0.137542428571429,0.112803742857143,0.105694428571429,0.0847995942857143,0.226705489510489,0.204698216783217,0.188586219114219,0.168207009324009,0.137444878787879,0.112694771561772,0.105617284382284,0.0847068361305361
3167.48,0.227997,0.205926,0.189627,0.169168,0.138096,0.113057,0.105833,0.0846951,,,0.227984057142857,0.205912371428571,0.189617057142857,0.169158914285714,0.138088971428571,0.1130462,0.105826142857143,0.0846873428571428,0.227896948717949,0.205772846153846,0.189506130536131,0.16907051981352,0.137963561771562,0.112921268065268,0.105744023310023,0.0845850452214452
3168.45,0.229021,0.206876,0.190418,0.169945,0.13851,0.113163,0.105882,0.08446,,,0.229030942857143,0.206873685714286,0.190422371428571,0.169948428571429,0.138506914285714,0.113164542857143,0.105885085714286,0.0844649371428571,0.229075724941725,0.206848037296037,0.190437741258741,0.169939114219114,0.138452741258741,0.113140948717949,0.105886564102564,0.0844398020979021
3169.41,0.230112,0.207797,0.191241,0.170731,0.138865,0.113258,0.105952,0.0842181,,,0.230125971428571,0.207809171428571,0.191251971428571,0.170738028571429,0.138868685714286,0.1132664,0.105957742857143,0.0842219485714285,0.230244398601399,0.207917386946387,0.191369291375291,0.17080165034965,0.138915825174825,0.113353212121212,0.106034463869464,0.0842739762237762
3170.38,0.231344,0.208842,0.192195,0.171587,0.139269,0.113448,0.106106,0.0840216,,,0.231344257142857,0.208853571428571,0.192201942857143,0.171589657142857,0.139276885714286,0.113453571428571,0.106111914285714,0.08402238,0.231413743589744,0.208981617715618,0.192298125874126,0.171656981351981,0.139374081585082,0.113564934731935,0.106183601398601,0.084095972960373
3171.34,0.232628,0.210022,0.193251,0.172492,0.139787,0.113741,0.10634,0.0838778,,,0.232621057142857,0.210019171428571,0.193247485714286,0.172490885714286,0.139790514285714,0.113742885714286,0.106339142857143,0.0838813057142857,0.232602559440559,0.210053223776224,0.193243617715618,0.172508074592075,0.139860554778555,0.113788988344988,0.106348060606061,0.0839235328671329
3172.3,0.233872,0.211213,0.194299,0.173394,0.140392,0.11408,0.106581,0.0837849,,,0.233868142857143,0.211205285714286,0.194290514285714,0.173392371428571,0.140388914285714,0.114077771428571,0.106574314285714,0.0837862971428571,0.233809757575758,0.211136825174825,0.194214610722611,0.173349566433566,0.140398710955711,0.114033372960373,0.106536505827506,0.0837686244755245
3173.27,0.235065,0.212324,0.19527,0.174254,0.141016,0.114386,0.106766,0.0837002,,,0.235068942857143,0.212321428571429,0.195268457142857,0.1742534,0.141013171428571,0.114379228571429,0.106764371428571,0.0836946285714286,0.235011517482518,0.212220482517482,0.195198503496503,0.174172582750583,0.14098644988345,0.1142927995338,0.106726850815851,0.0836315006993007
3174.23,0.236241,0.213354,0.196194,0.175052,0.141627,0.114606,0.10691,0.0835647,,,0.236240142857143,0.213352457142857,0.196196314285714,0.1750448,0.141627085714286,0.1146012,0.106914885714286,0.0835585114285714,0.236200876456876,0.213290468531469,0.19618234965035,0.174981801864802,0.141599482517483,0.114552827505828,0.106888351981352,0.0835130104895105
3175.2,0.237388,0.214332,0.197119,0.175775,0.142226,0.114766,0.107047,0.0833844,,,0.237377285714286,0.214328914285714,0.1971172,0.175770371428571,0.142226942857143,0.114768914285714,0.107046142857143,0.0833853342857143,0.237395745920746,0.214345944055944,0.197160296037296,0.175789846153846,0.142208547785548,0.114796503496503,0.107016855477855,0.0834127645687646
3176.16,0.238504,0.215305,0.198066,0.176494,0.142813,0.114948,0.107154,0.0832375,,,0.238509828571428,0.215309371428571,0.198070457142857,0.1765048,0.1428118,0.114956314285714,0.107145942857143,0.0832467485714286,0.238607142191142,0.215398417249417,0.198134421911422,0.176606121212121,0.14279820979021,0.115013983682984,0.107133675990676,0.0833240289044289
3177.13,0.239712,0.216356,0.199077,0.177334,0.143377,0.1152,0.107218,0.0831913,,,0.2397324,0.216366971428571,0.199084971428571,0.177346685714286,0.1433752,0.115202314285714,0.107219114285714,0.0831973257142857,0.239829881118881,0.216461421911422,0.199118878787879,0.17743727972028,0.143369,0.115215081585082,0.107261841491841,0.0832436447552447
3178.09,0.241067,0.217517,0.200142,0.178294,0.143921,0.115473,0.10732,0.0832052,,,0.2410634,0.217518457142857,0.200135142857143,0.178286971428571,0.1439222,0.1154646,0.107331657142857,0.08319728,0.241052638694639,0.217537407925408,0.200119778554779,0.178284414918415,0.143928398601399,0.115426554778555,0.107408428904429,0.0831716909090909
3179.05,0.242386,0.218692,0.201158,0.179225,0.144469,0.115691,0.107528,0.0831683,,,0.242366457142857,0.218682228571429,0.2011508,0.179215314285714,0.1444714,0.115685085714286,0.107531,0.08316212,0.242262097902098,0.218617743589744,0.201114629370629,0.179142107226107,0.144484216783217,0.115664797202797,0.107564375291375,0.0831001801864802
3180.02,0.243528,0.219768,0.202102,0.18006,0.145031,0.115876,0.107774,0.0830621,,,0.243527228571428,0.219762771428571,0.202109628571429,0.180061371428571,0.145029457142857,0.115883371428571,0.107765942857143,0.0830666514285714,0.243444235431235,0.219682652680653,0.202073223776224,0.180000172494172,0.145039,0.115917002331002,0.107719815850816,0.083016382051282
3180.98,0.24458,0.220746,0.203035,0.180845,0.145589,0.116119,0.107955,0.0829402,,,0.244588914285714,0.220748228571429,0.203036114285714,0.180846028571429,0.1455884,0.116127657142857,0.107949942857143,0.0829391885714286,0.244580624708625,0.220706596736597,0.202986951048951,0.180836398601399,0.14558831002331,0.116161097902098,0.107873990675991,0.0829166321678322
3181.95,0.245638,0.221688,0.203929,0.18161,0.146143,0.116425,0.108062,0.0828031,,,0.245638685714286,0.221692114285714,0.203917171428571,0.181610685714286,0.146145742857143,0.116420028571429,0.108061914285714,0.08279776,0.24565665967366,0.221681841491841,0.203869841491841,0.181628545454545,0.146130687645688,0.1163938997669,0.108025909090909,0.0828140941724942
3182.91,0.246694,0.22263,0.204743,0.182373,0.1467,0.116698,0.108145,0.0826631,,,0.246689885714286,0.222625542857143,0.204741457142857,0.182375657142857,0.146697685714286,0.116687542857143,0.108147314285714,0.08266736,0.246694741258741,0.222633846153846,0.204752342657343,0.182383424242424,0.14667282983683,0.116633377622378,0.108168221445221,0.0827327146853147
3183.88,0.247732,0.22356,0.205574,0.183144,0.147235,0.1169,0.108255,0.0825948,,,0.247730285714286,0.223556485714286,0.205585314285714,0.1831416,0.147229857142857,0.116901542857143,0.108258085714286,0.0826027971428571,0.247749398601399,0.223603086247086,0.205672557109557,0.183134058275058,0.147224191142191,0.116896531468531,0.108304601398601,0.0826842804195804
3184.84,0.248784,0.224518,0.206537,0.183902,0.14775,0.117115,0.108416,0.0826231,,,0.248787257142857,0.2245276,0.206542571428571,0.183898485714286,0.147753428571429,0.117122885714286,0.108417028571429,0.0826252942857143,0.248846801864802,0.22461158041958,0.206648498834499,0.183900836829837,0.147790132867133,0.117178871794872,0.108454701631702,0.0826538878787879
3185.8,0.249902,0.225585,0.207615,0.184654,0.148307,0.117409,0.108616,0.0826796,,,0.249909885714286,0.2255928,0.207612342857143,0.184657514285714,0.1483136,0.117412085714286,0.1086148,0.0826754942857143,0.249966972027972,0.225649475524476,0.207667072261072,0.184681258741259,0.148365058275058,0.117463065268065,0.108629016317016,0.0826186738927739
3186.77,0.2511,0.22673,0.208726,0.185448,0.148928,0.117756,0.108831,0.0826703,,,0.251101714285714,0.226724685714286,0.208727542857143,0.1854534,0.148928857142857,0.117754371428571,0.108832542857143,0.0826624057142857,0.251090251748252,0.226693321678322,0.208703405594406,0.185471841491841,0.148938086247086,0.117746706293706,0.108821009324009,0.0825672121212121
3187.73,0.2523,0.227831,0.209819,0.186291,0.149558,0.118094,0.109051,0.0825491,,,0.252289628571429,0.227823114285714,0.2098178,0.186287828571429,0.149553714285714,0.1180892,0.109050485714286,0.0825457828571428,0.252214841491841,0.227730358974359,0.209730678321678,0.186277431235431,0.149506354312354,0.118041855477855,0.109021876456876,0.0824924337995338
3188.7,0.253404,0.228828,0.210825,0.187127,0.150132,0.11838,0.109248,0.082362,,,0.2533968,0.228824314285714,0.210814885714286,0.187120828571429,0.150125057142857,0.118376228571429,0.109242171428571,0.0823662,0.253336447552448,0.228758813519814,0.210719006993007,0.187103573426573,0.150070811188811,0.118346876456876,0.109221470862471,0.0823858289044289
3189.66,0.254435,0.229753,0.211689,0.187937,0.150635,0.118627,0.1094,0.0821937,,,0.254442542857143,0.229754371428571,0.211685142857143,0.187939657142857,0.150636457142857,0.118631285714286,0.109401542857143,0.0821985857142857,0.254451955710956,0.229768324009324,0.211646463869464,0.187948610722611,0.150624678321678,0.118640172494173,0.109406004662005,0.0822498344988345
3190.63,0.2555,0.230681,0.212474,0.188774,0.151133,0.118892,0.109553,0.0820799,,,0.255505485714286,0.230688542857143,0.212482142857143,0.188780428571429,0.151139771428571,0.118896542857143,0.109559771428571,0.0820811085714285,0.255567431235431,0.230747324009324,0.212514365967366,0.188804743589744,0.151163470862471,0.118912144522144,0.109569655011655,0.0821078594405594
3191.59,0.256618,0.231671,0.213288,0.18966,0.151675,0.119182,0.109735,0.0819993,,,0.256613114285714,0.231674257142857,0.213293571428571,0.1896582,0.151673542857143,0.119178485714286,0.109732257142857,0.0819957,0.256680389277389,0.231707694638695,0.213345207459207,0.189667575757576,0.151699424242424,0.119178365967366,0.109721505827506,0.081993227039627
3192.55,0.257744,0.232694,0.214144,0.190542,0.152231,0.119451,0.109895,0.0819165,,,0.257749485714286,0.232687657142857,0.2141392,0.190536685714286,0.152226885714286,0.119445428571429,0.109887971428571,0.0819133542857143,0.25777606993007,0.232674641025641,0.214163741258741,0.190535041958042,0.152248675990676,0.119451009324009,0.109873456876457,0.0819195097902098
3193.52,0.25889,0.233683,0.21499,0.191388,0.152788,0.119694,0.110014,0.0818381,,,0.258896342857143,0.233679571428571,0.214987942857143,0.191390228571429,0.152792457142857,0.119699828571429,0.110016657142857,0.0818430971428571,0.258839675990676,0.233657484848485,0.214987351981352,0.191395076923077,0.15281217016317,0.119720363636364,0.110029018648019,0.0818662324009324
3194.48,0.260004,0.234645,0.21583,0.192228,0.153381,0.119971,0.110155,0.0818074,,,0.259989771428571,0.234649714285714,0.215835142857143,0.192234171428571,0.153385628571429,0.119978714285714,0.110162628571429,0.0818135028571428,0.259864123543123,0.234646468531468,0.215824727272727,0.192226013986014,0.153379125874126,0.119973944055944,0.110185848484848,0.0818094892773893
3195.45,0.26096,0.235627,0.216692,0.193066,0.153993,0.120274,0.11035,0.0818094,,,0.260948,0.235629057142857,0.2166902,0.193062485714286,0.153987514285714,0.120265342857143,0.110348285714286,0.0818029457142857,0.260859850815851,0.235630699300699,0.216670958041958,0.193012575757576,0.153941018648019,0.120215158508159,0.110343794871795,0.0817529939393939
3196.41,0.261798,0.236621,0.217544,0.193834,0.154553,0.120505,0.110542,0.0817579,,,0.2618046,0.2366168,0.217538342857143,0.193824228571429,0.154545285714286,0.120494028571429,0.1105342,0.0817466885714286,0.261852776223776,0.236611370629371,0.21752255011655,0.193759277389277,0.154501538461538,0.120459195804196,0.110509990675991,0.0817129610722611
3197.37,0.262698,0.237595,0.218375,0.194505,0.155054,0.120667,0.110694,0.081642,,,0.262710857142857,0.237593028571429,0.218378257142857,0.194505342857143,0.1550564,0.120675057142857,0.110694942857143,0.08164764,0.262861289044289,0.237601846153846,0.218393060606061,0.194490400932401,0.15507089044289,0.120715452214452,0.110695244755245,0.0816911226107226
3198.34,0.263763,0.238566,0.21924,0.195166,0.155579,0.120891,0.11086,0.0815816,,,0.263770885714286,0.238570371428571,0.219242057142857,0.195172685714286,0.155586971428571,0.120902314285714,0.110866857142857,0.081596,0.263887242424242,0.23860758041958,0.219292235431235,0.195229571095571,0.155648846153846,0.120974067599068,0.110898897435897,0.0816720461538461
3199.3,0.264946,0.239574,0.220156,0.1959,0.156183,0.121214,0.111083,0.0816308,,,0.264942142857143,0.239577771428571,0.220158314285714,0.1959024,0.156185228571429,0.121212028571429,0.111082742857143,0.0816292485714286,0.26493241958042,0.239610317016317,0.220206235431235,0.195984249417249,0.156228815850816,0.121219317016317,0.111106524475524,0.0816389797202797
3200.27,0.266108,0.240608,0.221116,0.196712,0.156828,0.121541,0.111326,0.0816757,,,0.266098314285714,0.240608171428571,0.221120542857143,0.196715428571429,0.156825171428571,0.1215338,0.111324285714286,0.0816646771428571,0.265996016317016,0.240588104895105,0.221117184149184,0.19675744988345,0.156814717948718,0.121462463869464,0.111310142191142,0.0815917717948718
3201.23,0.267155,0.241613,0.222086,0.197579,0.15745,0.1218,0.111555,0.0816205,,,0.267151142857143,0.241607771428571,0.22208,0.1975784,0.157445114285714,0.121793314285714,0.111553457142857,0.0816169171428571,0.267060757575758,0.241543375291375,0.222018342657343,0.197558675990676,0.157409342657343,0.121733149184149,0.111518237762238,0.0815448354312354
3202.2,0.268106,0.242532,0.222979,0.198438,0.158018,0.122003,0.111756,0.081498,,,0.268107028571429,0.242524628571428,0.222970171428571,0.198430457142857,0.158018,0.122003342857143,0.111752828571429,0.0815001771428571,0.268102456876457,0.24248831002331,0.22290355011655,0.19838893006993,0.15799755011655,0.122037372960373,0.111736237762238,0.0815020671328671
3203.16,0.269025,0.243369,0.223778,0.199233,0.158558,0.12224,0.111933,0.0813828,,,0.269027914285714,0.2433714,0.223781428571429,0.199231628571429,0.158563057142857,0.122252342857143,0.111934371428571,0.0813870857142857,0.269097988344988,0.243410925407925,0.223768242424242,0.199223958041958,0.158559102564103,0.122353258741259,0.111952867132867,0.0814477074592075
3204.12,0.269964,0.244214,0.224569,0.199996,0.159096,0.122597,0.112127,0.0813241,,,0.269971971428571,0.244227285714286,0.2245738,0.200003114285714,0.159093428571429,0.122603342857143,0.112132914285714,0.0813292771428571,0.270027545454545,0.244283382284382,0.224616832167832,0.200026123543124,0.159085212121212,0.122661699300699,0.112156871794872,0.0813741324009324
3205.09,0.270941,0.245129,0.225398,0.200775,0.159599,0.123016,0.112363,0.0813211,,,0.270944,0.245130971428571,0.225398,0.200778942857143,0.1595948,0.123008628571429,0.112362571428571,0.0813199771428571,0.270895953379953,0.245105783216783,0.225452013986014,0.200771195804196,0.159579692307692,0.122958337995338,0.112355682983683,0.0812998202797203
3206.05,0.271881,0.246021,0.226255,0.201535,0.160064,0.123365,0.112597,0.0813126,,,0.271867285714286,0.2460042,0.226257657142857,0.2015278,0.160067942857143,0.1233566,0.1125904,0.0813045342857143,0.271741764568764,0.245913482517483,0.226276358974359,0.201463284382284,0.160058675990676,0.123248223776224,0.112565303030303,0.0812486016317016
3207.02,0.272674,0.246774,0.22713,0.202195,0.160537,0.123598,0.11279,0.0812505,,,0.272659085714286,0.246764657142857,0.22713,0.202185571428571,0.160536914285714,0.123594485714286,0.112788114285714,0.0812473028571428,0.272603710955711,0.246739470862471,0.227102613053613,0.202126724941725,0.160545664335664,0.123535722610723,0.112790820512821,0.0812305412587413
3207.98,0.27337,0.247468,0.227982,0.202758,0.161018,0.123767,0.11298,0.0811808,,,0.273380542857143,0.247483942857143,0.227975142857143,0.202760657142857,0.161013885714286,0.123769485714286,0.112987542857143,0.08118728,0.273489505827506,0.24758382983683,0.227937247086247,0.20277713986014,0.161049762237762,0.123809454545455,0.113022412587413,0.0812409965034965
3208.95,0.274193,0.248292,0.22877,0.203337,0.161508,0.123965,0.113227,0.0811868,,,0.274217771428571,0.248307171428571,0.228767685714286,0.203348142857143,0.161513742857143,0.123974771428571,0.113231371428571,0.0811932885714286,0.274385351981352,0.248423165501165,0.228765179487179,0.203413638694639,0.161558979020979,0.124054305361305,0.113248699300699,0.0812651076923077
3209.91,0.275244,0.249249,0.229533,0.204014,0.162056,0.124256,0.113503,0.0812762,,,0.275244257142857,0.249242742857143,0.229541571428571,0.204016742857143,0.162063885714286,0.124260628571429,0.113495971428571,0.08127704,0.275287944055944,0.249241594405594,0.229567958041958,0.204047526806527,0.162063804195804,0.124284913752914,0.113471892773893,0.0812932433566434
3210.87,0.276335,0.250165,0.230337,0.204741,0.162644,0.12459,0.113729,0.081381,,,0.276315114285714,0.250151971428571,0.230340514285714,0.204731571428571,0.162636285714286,0.124579628571429,0.113723857142857,0.0813758057142857,0.276212906759907,0.250044473193473,0.230343165501165,0.204713780885781,0.162572207459207,0.124537391608392,0.113701158508158,0.0813263083916084
3211.84,0.277275,0.250939,0.231148,0.205438,0.163162,0.124863,0.113908,0.0814234,,,0.277266771428571,0.250936085714286,0.231138657142857,0.205433028571429,0.163148628571429,0.124854857142857,0.113912371428571,0.0814165942857143,0.277167839160839,0.250836953379953,0.231104843822844,0.205439347319347,0.163097545454545,0.124828487179487,0.113931529137529,0.0813573582750583
3212.8,0.278105,0.251622,0.231891,0.206135,0.16359,0.125092,0.114103,0.0813862,,,0.278115371428571,0.251625171428571,0.231886457142857,0.206144685714286,0.163594628571429,0.125101428571429,0.1141096,0.0813889771428571,0.278127475524475,0.251608587412587,0.231877554778555,0.206210878787879,0.16363958974359,0.125144447552448,0.114141615384615,0.0813682918414918
3213.77,0.278962,0.252299,0.2326,0.20692,0.164064,0.125389,0.114326,0.0813316,,,0.278969628571428,0.252301828571429,0.232607285714286,0.2069296,0.164081057142857,0.125399028571429,0.114324542857143,0.08133646,0.279046426573427,0.252354813519814,0.232668892773893,0.206981538461538,0.164176347319347,0.125456027972028,0.114312778554779,0.0813467312354312
3214.73,0.279862,0.253018,0.233362,0.207768,0.164666,0.125756,0.114512,0.0812894,,,0.2798602,0.253019285714286,0.233368685714286,0.207763114285714,0.164667885714286,0.125750428571429,0.1145054,0.0812856628571428,0.27989427972028,0.253095699300699,0.233446321678322,0.207713657342657,0.164687223776224,0.125737300699301,0.114444188811189,0.0812947836829837
3215.69,0.280732,0.253794,0.234179,0.208542,0.165279,0.126078,0.114613,0.0812327,,,0.280729771428571,0.253797342857143,0.234183028571428,0.208530857142857,0.165265457142857,0.126071228571429,0.114610257142857,0.0812324942857143,0.280676251748252,0.253852794871795,0.234171533799534,0.208407023310023,0.165181888111888,0.12598903030303,0.114550755244755,0.0812285932400932
3216.66,0.28152,0.254627,0.234975,0.209162,0.165764,0.126305,0.114658,0.0811782,,,0.281517085714286,0.254630514285714,0.2349672,0.209154714285714,0.165754314285714,0.126302514285714,0.114659114285714,0.0811806342857143,0.281414125874126,0.254623755244755,0.234844163170163,0.209076752913753,0.165678867132867,0.126230149184149,0.114650771561772,0.0811723934731935
3217.62,0.2822,0.255478,0.235627,0.209678,0.16614,0.126466,0.114708,0.081145,,,0.282190485714286,0.255473457142857,0.235609257142857,0.209682714285714,0.166146514285714,0.126463257142857,0.114708685714286,0.0811415285714286,0.282122696969697,0.255401482517482,0.23548617016317,0.209725678321678,0.166166827505827,0.126467438228438,0.114760715617716,0.0811452655011655
3218.59,0.28278,0.256267,0.236103,0.210225,0.166539,0.126619,0.114811,0.0811238,,,0.282780257142857,0.256257228571429,0.236104714285714,0.2102376,0.166552285714286,0.126626457142857,0.114815714285714,0.0811239542857143,0.282813592074592,0.25619344988345,0.2361101002331,0.210352540792541,0.166615543123543,0.126700990675991,0.114895512820513,0.0811552717948718
3219.55,0.283379,0.256967,0.236578,0.210883,0.167017,0.126854,0.115007,0.0811458,,,0.283391514285714,0.256964428571429,0.236595657142857,0.210885314285714,0.167014342857143,0.126861028571429,0.115012228571429,0.0811510114285714,0.283507046620047,0.256999503496503,0.236720305361305,0.210964268065268,0.167020048951049,0.1269422004662,0.11506548018648,0.0812038107226107
3220.52,0.284113,0.257665,0.237207,0.211585,0.167475,0.127174,0.115281,0.0812404,,,0.284119685714286,0.257679914285714,0.237212228571429,0.211579942857143,0.1674636,0.127170742857143,0.115279457142857,0.0812426285714286,0.284219827505827,0.25779703962704,0.237325324009324,0.211565067599068,0.167409617715618,0.127198717948718,0.115269741258741,0.0812813902097902
3221.48,0.284952,0.258478,0.237939,0.212237,0.167845,0.1275,0.115557,0.0813762,,,0.284948314285714,0.258490257142857,0.2379342,0.212235285714286,0.167843714285714,0.127498971428571,0.115551257142857,0.0813758828571428,0.284955717948718,0.25855734965035,0.237944151515152,0.21214668997669,0.167812095571096,0.127461629370629,0.11549679020979,0.0813650897435897
3222.44,0.285788,0.259349,0.238662,0.212804,0.168192,0.127791,0.115777,0.0814958,,,0.285783371428571,0.259337257142857,0.238656857142857,0.212799628571429,0.168198942857143,0.127789885714286,0.115774,0.08149256,0.285714144522145,0.259264815850816,0.238596405594406,0.212698195804196,0.168227491841492,0.127716076923077,0.115728743589744,0.0814326578088578
3223.41,0.286556,0.260078,0.23932,0.213271,0.168596,0.128018,0.11595,0.0815455,,,0.286550857142857,0.260063257142857,0.239315542857143,0.213264485714286,0.168599428571429,0.128010371428571,0.115951885714286,0.0815405114285714,0.286486128205128,0.259917384615385,0.239265391608392,0.213219780885781,0.168644678321678,0.127949275058275,0.115946060606061,0.081469434965035
3224.37,0.287245,0.260602,0.239917,0.213674,0.169056,0.128165,0.11612,0.0815094,,,0.287244314285714,0.260602,0.239921714285714,0.213676571428571,0.169054628571429,0.1281656,0.116123857142857,0.08150832,0.287243911421911,0.260512191142191,0.239904046620047,0.213728491841492,0.16907072027972,0.128157738927739,0.11613841958042,0.081468620979021
3225.34,0.287904,0.26103,0.240509,0.214125,0.169531,0.128305,0.116309,0.0814298,,,0.287911714285714,0.261035571428571,0.240514057142857,0.214134685714286,0.169526885714286,0.128310657142857,0.116307885714286,0.0814317028571428,0.287957081585082,0.26104748951049,0.240498946386946,0.214251223776224,0.169525937062937,0.128357254079254,0.116313515151515,0.0814403076923077
3226.3,0.28859,0.261471,0.241097,0.214706,0.169996,0.128504,0.116494,0.0813616,,,0.288593171428571,0.261474171428571,0.241086028571429,0.214712514285714,0.169997371428571,0.128505285714286,0.1164904,0.08136268,0.288614687645688,0.261543846153846,0.241079251748252,0.214805839160839,0.1700081002331,0.128568834498834,0.116489312354312,0.0814091902097902
3227.27,0.28927,0.261969,0.241623,0.215386,0.170474,0.128762,0.116665,0.0813375,,,0.289265371428571,0.261968485714286,0.241619914285714,0.215383171428571,0.170479142857143,0.128763885714286,0.116667057142857,0.0813398142857143,0.289226927738928,0.262047666666667,0.241661827505827,0.215391121212121,0.170489862470862,0.128803284382284,0.116680095571096,0.0813986734265734
3228.23,0.289874,0.262531,0.242157,0.216058,0.170972,0.129064,0.116854,0.0813776,,,0.289867657142857,0.262533571428571,0.242174742857143,0.216052085714286,0.170971742857143,0.129064857142857,0.116856742857143,0.0813812514285714,0.289810116550116,0.26259989044289,0.242239727272727,0.215988561771562,0.170949456876457,0.129064062937063,0.116883878787879,0.0814219228438228
3229.19,0.290386,0.26317,0.242805,0.216648,0.171437,0.129373,0.117069,0.081475,,,0.2903848,0.263176257142857,0.242809114285714,0.216646028571429,0.171429371428571,0.129368971428571,0.117068742857143,0.0814746057142857,0.290373606060606,0.26320686013986,0.242811703962704,0.216566927738928,0.171385261072261,0.129341421911422,0.117083517482517,0.0814777741258741
3230.16,0.290864,0.263869,0.243466,0.217151,0.171819,0.129642,0.117286,0.0815802,,,0.290870428571428,0.263865828571429,0.243446885714286,0.217150314285714,0.171816942857143,0.129640628571429,0.117287371428571,0.0815765571428571,0.290920375291375,0.263845289044289,0.243383296037296,0.217095484848485,0.171801186480187,0.129610913752914,0.117267198135198,0.081549006993007
3231.12,0.29138,0.264538,0.243991,0.217585,0.172157,0.129871,0.117484,0.0816483,,,0.2913842,0.264530628571429,0.243985514285714,0.217583114285714,0.172162742857143,0.129873228571429,0.117480657142857,0.0816472971428571,0.291445491841492,0.26447979020979,0.243950804195804,0.217564293706294,0.172189503496504,0.129852328671329,0.117436517482517,0.0816102766899767
3232.09,0.291931,0.265124,0.244454,0.217976,0.172514,0.130076,0.117626,0.0816769,,,0.291928942857143,0.2651258,0.244470628571429,0.217976771428571,0.172518542857143,0.130074114285714,0.11762,0.0816778857142857,0.291941382284382,0.265076839160839,0.244499965034965,0.217992198135198,0.172536785547786,0.130058993006993,0.117590016317016,0.0816432871794872
3233.05,0.292465,0.26566,0.244993,0.218372,0.172886,0.130247,0.117714,0.0816753,,,0.292466628571428,0.265662485714286,0.2449978,0.218374742857143,0.172883257142857,0.130245885714286,0.117718285714286,0.08167356,0.292413174825175,0.265622237762238,0.245014076923077,0.218414391608392,0.172850191142191,0.130234571095571,0.117721114219114,0.0816468205128205
3234.02,0.292954,0.266158,0.245552,0.218812,0.173216,0.130396,0.11782,0.0816413,,,0.292946714285714,0.266152685714286,0.245537771428571,0.218813371428571,0.1732076,0.130396857142857,0.1178254,0.0816382057142857,0.29287162004662,0.266125734265734,0.245498610722611,0.218860888111888,0.173158703962704,0.130395610722611,0.117839657342657,0.0816336617715618
3234.98,0.293351,0.266601,0.246019,0.219303,0.173479,0.130548,0.117966,0.081593,,,0.293342685714286,0.266597142857143,0.246014371428571,0.219304028571429,0.1734772,0.130548085714286,0.117960942857143,0.0815951171428571,0.293314617715618,0.266613247086247,0.245989958041958,0.219343818181818,0.173486547785548,0.130565156177156,0.117971459207459,0.0816226072261072
3235.94,0.293694,0.267034,0.246448,0.219836,0.173748,0.130718,0.118111,0.0815846,,,0.293705314285714,0.267041457142857,0.246456571428571,0.2198372,0.173758028571429,0.130717914285714,0.118107228571429,0.0815899828571428,0.293743086247086,0.267116258741259,0.246512997668998,0.219858044289044,0.173836128205128,0.130754083916084,0.118133699300699,0.0816323799533799
3236.91,0.294118,0.267547,0.246947,0.22039,0.174117,0.13092,0.118273,0.0816456,,,0.294124857142857,0.2675542,0.246954285714286,0.220390428571429,0.174123257142857,0.1309236,0.118281314285714,0.0816450771428571,0.294184226107226,0.267644524475524,0.247045804195804,0.22038427039627,0.174197125874126,0.130957608391608,0.11832527972028,0.0816752818181818
3237.87,0.294626,0.268143,0.247524,0.22093,0.174563,0.131169,0.118514,0.0817427,,,0.294616657142857,0.268141971428571,0.247525885714286,0.220928028571429,0.174559571428571,0.131172171428571,0.118519742857143,0.08174,0.294668097902098,0.268173114219114,0.247550114219114,0.220895487179487,0.17456096037296,0.131171058275058,0.118535727272727,0.0817520128205128
3238.84,0.295141,0.268741,0.248102,0.221416,0.17499,0.131438,0.118799,0.0818487,,,0.2951422,0.268740571428571,0.248097542857143,0.221413857142857,0.1749852,0.131433114285714,0.118791114285714,0.0818510057142857,0.295188696969697,0.268674643356643,0.248013258741259,0.22136803962704,0.174920701631702,0.131393498834499,0.118753074592075,0.0818506454545454
3239.8,0.295695,0.269272,0.248582,0.221831,0.175342,0.131663,0.119026,0.0819679,,,0.295707942857143,0.269266,0.248571971428571,0.221829371428571,0.175338742857143,0.131656057142857,0.119018285714286,0.0819694514285714,0.295713291375291,0.269147337995338,0.248445053613054,0.221790344988345,0.175265715617716,0.131621806526807,0.118971097902098,0.0819514167832168
3240.76,0.296306,0.269672,0.248917,0.222183,0.175619,0.131837,0.119185,0.0820777,,,0.2963036,0.269659485714286,0.2489116,0.222182742857143,0.175618657142857,0.131841457142857,0.119190571428571,0.0820741,0.296219417249417,0.269593261072261,0.248854652680653,0.222165685314685,0.175586967365967,0.131850850815851,0.119187587412587,0.0820364909090909
3241.73,0.296841,0.269947,0.249177,0.222499,0.175859,0.132034,0.119356,0.0821374,,,0.296820857142857,0.269950942857143,0.249181714285714,0.222499085714286,0.175859342857143,0.13204,0.119360457142857,0.08213374,0.296707918414918,0.270000237762238,0.249247412587413,0.222510706293706,0.175884417249417,0.132075769230769,0.11939141025641,0.0820987216783217
3242.69,0.297195,0.270249,0.249495,0.222809,0.176104,0.132276,0.119554,0.0821483,,,0.297188314285714,0.270268371428571,0.249507,0.2228102,0.176106228571429,0.132273514285714,0.119551857142857,0.0821493114285714,0.297187473193473,0.27036851981352,0.24963696037296,0.222847335664336,0.176165685314685,0.132292132867133,0.119568258741259,0.0821429904428904
3243.66,0.297498,0.270684,0.249949,0.223142,0.176392,0.132515,0.119742,0.0821544,,,0.297521142857143,0.2706834,0.249954228571429,0.223144571428571,0.176398685714286,0.132513285714286,0.119742257142857,0.0821574685714285,0.297652384615385,0.270719916083916,0.250042282051282,0.223188046620047,0.176440062937063,0.132500941724942,0.119722731934732,0.0821789671328671
3244.62,0.297958,0.271132,0.250477,0.223513,0.176735,0.132732,0.119908,0.0821879,,,0.297971628571428,0.271116057142857,0.250469628571429,0.223515314285714,0.176734571428571,0.132732514285714,0.119905685714286,0.0821880371428571,0.298080470862471,0.271074027972028,0.250462888111888,0.223530114219114,0.176715671328671,0.132708312354312,0.119872284382284,0.0822166780885781
3245.59,0.298513,0.27148,0.250956,0.223907,0.177067,0.132928,0.120037,0.0822452,,,0.298498428571429,0.271481628571429,0.250953257142857,0.223906571428571,0.177057657142857,0.132926028571429,0.120033314285714,0.0822449942857143,0.298455452214452,0.271439438228438,0.250871293706294,0.223872762237762,0.177001034965035,0.132911876456876,0.1200217995338,0.082265996037296
3246.55,0.298942,0.271801,0.251349,0.224282,0.177327,0.133098,0.120141,0.0823211,,,0.298930771428571,0.271809057142857,0.251350371428571,0.224275742857143,0.177324685714286,0.133097742857143,0.120144771428571,0.08232254,0.298784662004662,0.271809468531469,0.251241004662005,0.224226554778555,0.177302832167832,0.133098426573427,0.120165526806527,0.0823305230769231
3247.51,0.299194,0.272149,0.251651,0.224601,0.177563,0.13326,0.120275,0.0824128,,,0.299194,0.272145485714286,0.251641228571429,0.224595942857143,0.177568485714286,0.133263257142857,0.120279371428571,0.0824129285714285,0.299084221445221,0.272161496503496,0.251568321678322,0.224597641025641,0.177615606060606,0.133269027972028,0.120308883449883,0.0824057356643356
3248.48,0.299349,0.272484,0.251841,0.2249,0.17785,0.133435,0.12045,0.0825007,,,0.299347285714286,0.272482542857143,0.251835514285714,0.2249084,0.177856,0.133434314285714,0.120447342857143,0.0824988742857143,0.299355750582751,0.272487946386946,0.251866142191142,0.224975731934732,0.177920023310023,0.133442871794872,0.12046427972028,0.0824846032634033
3249.44,0.299487,0.272807,0.252012,0.225274,0.178199,0.133606,0.120626,0.0825637,,,0.299491885714286,0.27281,0.252027342857143,0.2252842,0.178201485714286,0.133601542857143,0.120623771428571,0.0825617885714286,0.299598664335664,0.272808368298368,0.252150710955711,0.225343944055944,0.178203293706294,0.133625123543124,0.120629904428904,0.0825542878787879
3250.41,0.299708,0.273136,0.252321,0.22572,0.178551,0.133764,0.120794,0.082602,,,0.299719228571429,0.2731336,0.252333171428571,0.225715028571429,0.178543542857143,0.133769314285714,0.120797685714286,0.0826042114285714,0.299836319347319,0.273135624708625,0.252431123543123,0.225691452214452,0.178473153846154,0.133796883449883,0.120791025641026,0.0825969792540793
3251.37,0.300055,0.273454,0.252746,0.226116,0.178818,0.133952,0.120971,0.0826381,,,0.3000568,0.273454771428571,0.252738971428571,0.226106057142857,0.178809342857143,0.133959714285714,0.120973057142857,0.0826415628571428,0.300093745920746,0.273462745920746,0.252709317016317,0.226018867132867,0.178740275058275,0.133942062937063,0.120939531468531,0.0826112680652681
3252.34,0.30044,0.273772,0.253123,0.226398,0.178999,0.134151,0.121131,0.0826687,,,0.300432285714286,0.273773542857143,0.253110228571429,0.2263962,0.179002342857143,0.134141314285714,0.121122942857143,0.08266162,0.30037141958042,0.273783703962704,0.252994622377622,0.226334617715618,0.17900365967366,0.134063083916084,0.121081230769231,0.0826210655011655
3253.3,0.300754,0.274092,0.25337,0.226618,0.179194,0.134252,0.121224,0.0826501,,,0.300748342857143,0.274091142857143,0.253365885714286,0.226620314285714,0.179201714285714,0.134239057142857,0.121218685714286,0.0826425228571429,0.300655662004662,0.274094773892774,0.253295599067599,0.226641715617716,0.179262529137529,0.134174365967366,0.121221048951049,0.0826526617715618
3254.26,0.300978,0.274398,0.253554,0.226849,0.179464,0.134259,0.121294,0.0826212,,,0.3009756,0.274398771428571,0.253559742857143,0.226853457142857,0.179464942857143,0.134266285714286,0.1213048,0.0826320342857143,0.300931713286713,0.274388892773893,0.253599822843823,0.226931356643357,0.179526,0.134292911421911,0.12135582983683,0.0827148715617716
3255.23,0.301159,0.274684,0.25379,0.227137,0.17978,0.134327,0.121447,0.0827093,,,0.301163457142857,0.274683228571429,0.2537996,0.227142571428571,0.179778285714286,0.134338657142857,0.121455571428571,0.0827213514285714,0.301191151515151,0.27466306993007,0.25389279020979,0.227197515151515,0.179802118881119,0.134430174825175,0.12148644988345,0.0828032041958042
3256.19,0.301372,0.274935,0.254126,0.227476,0.180102,0.134526,0.121663,0.0829153,,,0.301376028571429,0.2749314,0.254126857142857,0.227476171428571,0.180102514285714,0.134525828571429,0.121651942857143,0.08290936,0.301440958041958,0.274916286713287,0.254179328671329,0.227449888111888,0.180084470862471,0.134590475524476,0.121624804195804,0.0829084743589744
3257.16,0.30164,0.275145,0.254498,0.227795,0.18041,0.13479,0.121822,0.0830995,,,0.301639742857143,0.275147057142857,0.254492428571429,0.227786171428571,0.180410771428571,0.134785971428571,0.121813942857143,0.0830898742857143,0.301694062937063,0.275143776223776,0.254468412587413,0.227705594405594,0.180356135198135,0.134782752913753,0.121784258741259,0.0830206687645687
3258.12,0.301939,0.27535,0.254832,0.228021,0.180678,0.135055,0.121933,0.0831915,,,0.3019414,0.275352828571428,0.254832085714286,0.228013457142857,0.180672428571429,0.135053714285714,0.121941828571429,0.0831920571428571,0.301952655011655,0.275348743589744,0.254764,0.227970293706294,0.180608897435897,0.135015655011655,0.12196593006993,0.0831297247086247
3259.09,0.302248,0.275562,0.255119,0.228184,0.180871,0.135304,0.122099,0.0832332,,,0.302248342857143,0.275558742857143,0.255115228571428,0.228190085714286,0.180864571428571,0.1353028,0.122105942857143,0.0832357457142857,0.302207202797203,0.275549167832168,0.255066020979021,0.228233559440559,0.180849995337995,0.135276582750583,0.122149962703963,0.083219548018648
3260.05,0.302518,0.27576,0.255349,0.228402,0.181019,0.135535,0.12232,0.08326,,,0.302510371428571,0.275757085714286,0.255343428571429,0.228414257142857,0.181024657142857,0.135535514285714,0.122315971428571,0.0832587142857143,0.302442641025641,0.275766487179487,0.255360265734266,0.228483662004662,0.181087244755245,0.13553617016317,0.122313079254079,0.0832742741258741
3261.01,0.302696,0.275961,0.255556,0.228722,0.181227,0.13576,0.122515,0.0832776,,,0.302692657142857,0.275964,0.255566371428571,0.228720028571429,0.181238571428571,0.135761285714286,0.122510885714286,0.0832786542857143,0.302646216783217,0.276008151515152,0.255628018648019,0.228727496503496,0.181318680652681,0.135774181818182,0.122456296037296,0.0833004365967366
3261.98,0.302818,0.276216,0.255839,0.229048,0.181534,0.135985,0.12265,0.0833067,,,0.3028228,0.276223028571429,0.255849028571428,0.2290372,0.181533828571429,0.135986285714286,0.122647171428571,0.08330928,0.302824247086247,0.276265608391608,0.255872610722611,0.228989715617716,0.181542568764569,0.135985967365967,0.122597687645688,0.0833240041958042
3262.94,0.302959,0.276541,0.256176,0.229307,0.181844,0.136201,0.122739,0.0833557,,,0.3029602,0.276541771428571,0.2561634,0.229304942857143,0.181833971428571,0.136200057142857,0.122738571428571,0.0833538914285714,0.303001407925408,0.276531116550116,0.256115365967366,0.229285631701632,0.18176527972028,0.136177545454545,0.122742268065268,0.083361465034965
3263.91,0.303138,0.27687,0.256428,0.229552,0.182063,0.136384,0.122829,0.0834029,,,0.303136714285714,0.276860571428571,0.256417285714286,0.2295598,0.182057514285714,0.136380057142857,0.122833114285714,0.0834015628571428,0.30319644988345,0.27680662004662,0.256372540792541,0.229600648018648,0.181992592074592,0.136355557109557,0.122883358974359,0.0834071172494172
3264.87,0.30336,0.277128,0.256603,0.22986,0.182214,0.136521,0.122972,0.0834477,,,0.3033648,0.277123714285714,0.256612257142857,0.229866,0.182218371428571,0.136519628571429,0.122976885714286,0.08345094,0.303411666666667,0.277092783216783,0.256643116550117,0.229907424242424,0.182217452214452,0.136516888111888,0.123023177156177,0.0834481538461538
3265.83,0.303645,0.27735,0.256834,0.230217,0.182384,0.136645,0.123172,0.0835051,,,0.303650314285714,0.277358057142857,0.256844114285714,0.230213142857143,0.1823894,0.1366516,0.123171057142857,0.0835058457142857,0.303646559440559,0.277382487179487,0.256908417249417,0.230198414918415,0.182430806526807,0.13666151981352,0.123173666666667,0.0834835403263403
3266.8,0.303957,0.277621,0.257146,0.230539,0.182609,0.136805,0.123376,0.0835523,,,0.3039492,0.277624857142857,0.257144028571429,0.230531542857143,0.182608571428571,0.136805257142857,0.123371114285714,0.0835462485714285,0.303899228438228,0.277668044289044,0.257152710955711,0.230482869463869,0.182642356643357,0.136808951048951,0.123340692307692,0.0835218251748251
3267.76,0.304198,0.277932,0.257446,0.230787,0.182862,0.136973,0.123542,0.0835578,,,0.304188057142857,0.277928142857143,0.257437257142857,0.230787085714286,0.182858828571429,0.136964085714286,0.123540114285714,0.0835551085714286,0.304155440559441,0.27794755011655,0.25738241025641,0.230759769230769,0.182874925407925,0.136979079254079,0.123517193473193,0.0835658773892774
3268.73,0.304361,0.278229,0.257664,0.231009,0.183121,0.137118,0.123685,0.0835607,,,0.30437,0.2782284,0.257660742857143,0.231015085714286,0.183122885714286,0.137122114285714,0.123688857142857,0.0835694857142857,0.304392755244755,0.278224342657343,0.257612354312354,0.231022794871795,0.183138041958042,0.137170522144522,0.123688927738928,0.0836115230769231
3269.69,0.304555,0.278503,0.257832,0.231252,0.183401,0.137313,0.123842,0.0836315,,,0.304564942857143,0.278504885714286,0.257837485714286,0.231250628571429,0.183404342857143,0.137325942857143,0.123843285714286,0.0836364628571428,0.304592319347319,0.2784911002331,0.257841135198135,0.231273937062937,0.183412916083916,0.137366372960373,0.123846685314685,0.0836554435897436
3270.66,0.304784,0.278752,0.25802,0.231492,0.183695,0.137583,0.124005,0.0837382,,,0.304775514285714,0.2787508,0.258021457142857,0.231487542857143,0.183693628571429,0.137578628571429,0.124001657142857,0.08372932,0.304747925407925,0.278722382284382,0.258057958041958,0.2315132004662,0.183669433566434,0.137547995337995,0.123995839160839,0.0836989055944056
3271.62,0.304936,0.278952,0.258234,0.231721,0.183957,0.137802,0.124151,0.0837909,,,0.304927942857143,0.278950971428571,0.258233228571429,0.231728542857143,0.183954257142857,0.137789142857143,0.124150228571429,0.0837864342857143,0.304871675990676,0.278905219114219,0.258265508158508,0.231737319347319,0.183896703962704,0.137703482517483,0.124153834498834,0.0837498011655012
3272.58,0.304998,0.279093,0.258463,0.231983,0.184157,0.137895,0.124296,0.0838033,,,0.305001085714286,0.279089142857143,0.258465314285714,0.231986257142857,0.184152028571429,0.137894485714286,0.124297885714286,0.0838083057142857,0.304984123543124,0.279057841491841,0.258478743589744,0.231952191142191,0.184107459207459,0.137833827505827,0.12432786013986,0.08381527995338
3273.55,0.305051,0.279177,0.258705,0.232234,0.184297,0.137937,0.124465,0.0838412,,,0.305054857142857,0.279173485714286,0.2587038,0.2322202,0.184295628571429,0.137942742857143,0.124467742857143,0.0838431371428571,0.305090571095571,0.2791971002331,0.258696585081585,0.23216865034965,0.184311752913753,0.137948062937063,0.124500976689977,0.083886441025641
3274.51,0.30514,0.279251,0.258931,0.232392,0.184437,0.138009,0.124661,0.083912,,,0.305141714285714,0.279260257142857,0.258929285714286,0.232388142857143,0.1844448,0.138009685714286,0.124664514285714,0.0839132514285714,0.30518231002331,0.279319151515152,0.258899734265734,0.23239137995338,0.184506151515151,0.138056111888112,0.124651834498834,0.0839437764568765
3275.48,0.305265,0.279403,0.259126,0.232536,0.184653,0.138125,0.124855,0.0840005,,,0.305265942857143,0.279411571428571,0.259128142857143,0.232550914285714,0.184660114285714,0.138124228571429,0.124850114285714,0.0840025142857143,0.305264116550117,0.279425857808858,0.259082932400932,0.232618275058275,0.184693766899767,0.138175813519813,0.124780088578089,0.0839823403263403
3276.44,0.305406,0.279613,0.259295,0.23279,0.18493,0.138291,0.124977,0.0840769,,,0.305403,0.279602028571428,0.259287971428571,0.232795742857143,0.184922714285714,0.138295028571429,0.124966971428571,0.0840718,0.30536210955711,0.279544752913753,0.259262037296037,0.232842496503496,0.1848957995338,0.138334843822844,0.124904013986014,0.0840146797202797
3277.41,0.305532,0.279761,0.259418,0.233104,0.18517,0.138522,0.125014,0.0840879,,,0.305527285714286,0.279748914285714,0.259415514285714,0.233094657142857,0.185161257142857,0.1385238,0.125015028571429,0.08408106,0.305502822843823,0.27970841958042,0.259446104895105,0.233064603729604,0.185129090909091,0.13854258041958,0.125038393939394,0.0840472657342657
3278.37,0.305647,0.279855,0.259557,0.233361,0.18536,0.138786,0.12507,0.0840397,,,0.305646142857143,0.279862371428571,0.2595696,0.2333544,0.185364457142857,0.138781714285714,0.125080371428571,0.0840429228571428,0.305692743589744,0.279926268065268,0.259631223776224,0.233299582750583,0.185383904428904,0.13877513986014,0.125179713286713,0.0840726997668998
3279.33,0.30581,0.280044,0.259803,0.233553,0.185589,0.13903,0.125237,0.0840183,,,0.305819514285714,0.280060114285714,0.259807542857143,0.233554885714286,0.185600057142857,0.139031457142857,0.125244885714286,0.0840281057142857,0.305913946386946,0.280177426573427,0.25982172960373,0.233549892773893,0.185635766899767,0.138999902097902,0.125315177156177,0.0840841913752914
3280.3,0.30609,0.280391,0.2601,0.233749,0.185894,0.139251,0.125486,0.0840721,,,0.306099685714286,0.280392714285714,0.2600886,0.2337562,0.185891771428571,0.139251514285714,0.125482485714286,0.0840727685714286,0.306142123543123,0.280432536130536,0.260040002331002,0.233790703962704,0.185878867132867,0.139198272727273,0.125445638694639,0.0840853738927739
3281.26,0.306445,0.280771,0.260339,0.233996,0.186183,0.139429,0.125696,0.0841351,,,0.306437542857143,0.280759771428571,0.260331028571428,0.2339984,0.186170314285714,0.139422142857143,0.125683485714286,0.0841258771428571,0.306369132867133,0.28067903962704,0.260308361305361,0.234004897435897,0.18613124009324,0.139367967365967,0.125585603729604,0.0840876925407925
3282.23,0.30672,0.281039,0.260544,0.234257,0.18639,0.139538,0.125787,0.0841335,,,0.3067044,0.281030685714286,0.260551457142857,0.234249285714286,0.186389828571429,0.139535942857143,0.125782285714286,0.0841310057142857,0.306596074592075,0.28091227039627,0.260620494172494,0.234207573426573,0.186400191142191,0.139524708624709,0.125736925407925,0.0840993937062937
3283.19,0.306847,0.281181,0.260832,0.234467,0.186597,0.139632,0.125825,0.0841011,,,0.306847085714286,0.281182714285714,0.260846571428571,0.234462285714286,0.186610714285714,0.139636628571429,0.125835114285714,0.0841070828571428,0.306814557109557,0.281119111888112,0.260936041958042,0.234426703962704,0.186664333333333,0.139695002331002,0.125882230769231,0.0841168242424242
3284.15,0.30694,0.28128,0.261233,0.234651,0.186888,0.139789,0.125931,0.0841008,,,0.306953114285714,0.281283257142857,0.261233342857143,0.234655628571429,0.186892114285714,0.139793457142857,0.1259382,0.08410278,0.307009701631702,0.2812971002331,0.261217186480186,0.234681037296037,0.186899645687646,0.139889610722611,0.126007333333333,0.0841299403263403
3285.12,0.307112,0.281399,0.261607,0.234889,0.187187,0.140033,0.126108,0.0841257,,,0.307114571428571,0.281397714285714,0.261590971428571,0.234892771428571,0.187173114285714,0.140038657142857,0.126104228571429,0.084123,0.3071731002331,0.281467715617716,0.261459487179487,0.234971468531469,0.187105006993007,0.140094034965035,0.126114888111888,0.0841346773892774
3286.08,0.307323,0.281563,0.26181,0.235207,0.18737,0.140336,0.126275,0.0841458,,,0.307316914285714,0.281566,0.261801171428571,0.235209914285714,0.187363314285714,0.140336171428571,0.126270542857143,0.08414592,0.307312675990676,0.281654806526806,0.261676470862471,0.235278384615385,0.187295046620047,0.140292398601399,0.126219652680653,0.084137048018648
3287.05,0.307503,0.281812,0.261885,0.235587,0.187475,0.140604,0.126395,0.0841626,,,0.307502057142857,0.281822457142857,0.261889628571429,0.235591114285714,0.187482628571429,0.140593028571429,0.126393542857143,0.0841637828571428,0.307454692307692,0.281866568764569,0.261878202797203,0.235581018648019,0.187479885780886,0.140479277389277,0.126336254079254,0.084145465034965
3288.01,0.307653,0.282151,0.261978,0.235977,0.187618,0.140741,0.126483,0.0841762,,,0.307652057142857,0.282148942857143,0.261985285714286,0.2359722,0.187622885714286,0.140732685714286,0.126481285714286,0.0841735342857143,0.30762075990676,0.282102713286713,0.262078398601399,0.235877587412587,0.187665312354312,0.14065096969697,0.126470538461538,0.084164427972028
3288.98,0.307785,0.282463,0.262181,0.236277,0.187826,0.140779,0.126571,0.0841729,,,0.307781142857143,0.282447142857143,0.262184514285714,0.236262771428571,0.187822142857143,0.1407838,0.126572114285714,0.0841710657142857,0.307805391608392,0.282359832167832,0.262307337995338,0.236170249417249,0.187867603729604,0.140805585081585,0.126624771561772,0.0841936326340326
3289.94,0.307922,0.282655,0.262501,0.236443,0.188069,0.140847,0.126711,0.0841701,,,0.307929114285714,0.2826526,0.262503142857143,0.236442142857143,0.188068828571429,0.1408566,0.126717342857143,0.0841747714285714,0.307991776223776,0.282626205128205,0.262590037296037,0.236445177156177,0.188108937062937,0.140948785547786,0.126799834498834,0.0842211053613054
3290.9,0.308132,0.282819,0.262904,0.236597,0.188362,0.141018,0.126942,0.0842066,,,0.308140057142857,0.282832714285714,0.2629064,0.236613971428571,0.188368342857143,0.141020657142857,0.126946971428571,0.0842128828571428,0.308176053613054,0.282885337995338,0.26291672027972,0.236690368298368,0.188395086247086,0.141089631701632,0.126989372960373,0.0842244505827506
3291.87,0.3084,0.283075,0.263331,0.236871,0.188722,0.141253,0.127229,0.0842667,,,0.308393485714286,0.283080228571429,0.2633316,0.236876142857143,0.188723371428571,0.141249828571429,0.127227285714286,0.0842637771428571,0.308360878787879,0.283128706293706,0.26325158974359,0.236917484848485,0.188711144522145,0.141240731934732,0.127184142191142,0.0841954778554779
3292.83,0.308617,0.283383,0.263695,0.237199,0.189092,0.141482,0.127479,0.0842614,,,0.308608428571429,0.283373571428571,0.263682828571429,0.237183657142857,0.1890842,0.141479342857143,0.127468885714286,0.0842487142857143,0.308544454545454,0.283362545454545,0.263561529137529,0.237154473193473,0.189040205128205,0.14141672027972,0.127379037296037,0.084154303030303
3293.8,0.30875,0.283642,0.263902,0.237455,0.189399,0.141672,0.127619,0.0841358,,,0.308751714285714,0.283637971428571,0.263893171428571,0.237451228571429,0.189394457142857,0.141667028571429,0.127613685714286,0.0841303571428571,0.308724578088578,0.28360089044289,0.263826037296037,0.23742341958042,0.189369773892774,0.141621261072261,0.127567212121212,0.0841240216783217
3294.76,0.308866,0.283861,0.264,0.237692,0.189661,0.141821,0.127694,0.083983,,,0.308870457142857,0.283866571428571,0.264010028571429,0.2377034,0.189668114285714,0.141820228571429,0.127701542857143,0.0839960371428571,0.308895953379953,0.283847263403263,0.264038293706294,0.23772620979021,0.189682839160839,0.141839365967366,0.127737263403263,0.0841058065268065
3295.73,0.309012,0.284096,0.26414,0.238007,0.189949,0.141985,0.127811,0.0839596,,,0.309012857142857,0.284096685714286,0.264149085714286,0.2380094,0.189953885714286,0.1419934,0.127818457142857,0.08397382,0.309050342657343,0.284090948717949,0.264208216783217,0.238046547785548,0.189960477855478,0.142054916083916,0.127882771561772,0.08409138997669
3296.69,0.309183,0.284338,0.264356,0.238364,0.190251,0.142229,0.127989,0.0840701,,,0.309183857142857,0.2843332,0.264350771428571,0.238357485714286,0.190245257142857,0.142234742857143,0.127986428571429,0.0840648971428571,0.309193149184149,0.284332356643357,0.264368927738928,0.238367685314685,0.190202939393939,0.142270634032634,0.128008685314685,0.0840769442890443
3297.65,0.309364,0.28457,0.264576,0.238699,0.190498,0.14252,0.12816,0.0841531,,,0.309362371428571,0.284570514285714,0.264570514285714,0.238699514285714,0.190490971428571,0.142511942857143,0.128156142857143,0.0841408514285714,0.309337489510489,0.284593198135198,0.264563680652681,0.238686198135198,0.190438561771562,0.142496149184149,0.128125717948718,0.0840530664335664
3298.62,0.30953,0.284831,0.264789,0.239024,0.190688,0.142758,0.128286,0.0841079,,,0.309526914285714,0.284835114285714,0.264790028571428,0.239028285714286,0.190688,0.142752428571429,0.1282854,0.0841085342857143,0.309487755244755,0.284886470862471,0.264813382284382,0.239000734265734,0.190700834498835,0.142723538461538,0.128240750582751,0.0840027738927739
3299.58,0.309675,0.285154,0.265048,0.239345,0.190901,0.142937,0.128374,0.0839767,,,0.309675342857143,0.285157942857143,0.265056485714286,0.239340714285714,0.190907857142857,0.1429442,0.128372885714286,0.0839781742857143,0.309653191142191,0.285196836829837,0.265100237762238,0.239302484848485,0.19099934032634,0.142930195804196,0.128350934731935,0.0839164487179487
3300.55,0.309829,0.285524,0.265394,0.239618,0.191217,0.143116,0.128438,0.0837943,,,0.309827714285714,0.2855246,0.265396828571429,0.239612428571429,0.191224971428571,0.143118742857143,0.128437571428571,0.0837867571428571,0.309855843822844,0.285506850815851,0.26540179020979,0.239591153846154,0.191320715617716,0.143097083916084,0.128452456876457,0.0837991804195804
3301.51,0.310018,0.28588,0.265769,0.239849,0.191636,0.14327,0.128505,0.0835783,,,0.3100186,0.285873057142857,0.265759485714286,0.239851657142857,0.1916372,0.143260828571429,0.128507657142857,0.0835815142857143,0.310103198135198,0.285815086247086,0.265719356643357,0.239877678321678,0.191650701631702,0.14322120979021,0.128549832167832,0.0836675403263403
3302.48,0.310283,0.286154,0.266082,0.240109,0.192065,0.143342,0.128607,0.0834343,,,0.310294057142857,0.286147828571429,0.266076085714286,0.240116028571428,0.192057714285714,0.143338914285714,0.128610428571429,0.0834498057142857,0.310375608391608,0.286114634032634,0.266053874125874,0.240165237762238,0.191977571095571,0.143320757575758,0.128646405594406,0.0835428107226107
3303.44,0.310658,0.286359,0.266353,0.240438,0.192397,0.143382,0.128745,0.0834304,,,0.310663571428571,0.2863656,0.266362514285714,0.240439885714286,0.192389371428571,0.1433892,0.1287456,0.0834313085714286,0.310655212121212,0.286380603729604,0.266382163170163,0.240453666666667,0.192283797202797,0.143422291375291,0.128738715617716,0.0834395648018648
3304.4,0.311048,0.28658,0.266671,0.240794,0.19261,0.143476,0.12888,0.0834538,,,0.311033514285714,0.286587628571429,0.266677514285714,0.240788257142857,0.192609742857143,0.143478485714286,0.128876571428571,0.0834390742857143,0.310933268065268,0.286597382284382,0.266680897435897,0.240755925407925,0.192554708624709,0.143535804195804,0.128825573426573,0.0833623722610723
3305.37,0.311293,0.286825,0.267014,0.241113,0.192771,0.143626,0.128966,0.0833811,,,0.311280142857143,0.286818657142857,0.267005,0.241106657142857,0.192773828571429,0.143625828571429,0.128959828571429,0.0833760771428571,0.311187799533799,0.286781291375291,0.266959680652681,0.241085177156177,0.192794944055944,0.143659044289044,0.128911508158508,0.0833149547785548
3306.33,0.311402,0.287013,0.267284,0.241398,0.19295,0.143805,0.128997,0.0832607,,,0.311413485714286,0.287002371428571,0.267273971428571,0.241403228571429,0.192951542857143,0.143806114285714,0.128997771428571,0.0832686028571428,0.31139682983683,0.28696793006993,0.267249442890443,0.241432286713287,0.19302444988345,0.143797515151515,0.129004337995338,0.0832959638694638
3307.3,0.311534,0.287137,0.267488,0.241726,0.193184,0.143988,0.129039,0.0831996,,,0.311543257142857,0.287141114285714,0.267493742857143,0.241734571428571,0.193187942857143,0.1439844,0.129045,0.0832047,0.311568125874126,0.287184303030303,0.267555403263403,0.241774920745921,0.193263377622378,0.143952547785548,0.129109554778555,0.0832863053613054
3308.26,0.311714,0.287314,0.26775,0.242113,0.193492,0.144137,0.129149,0.0832126,,,0.311700714285714,0.287326514285714,0.2677668,0.242110171428571,0.193497314285714,0.144134171428571,0.129151828571429,0.0832137828571428,0.311733247086247,0.287425808857809,0.267847244755245,0.242101337995338,0.193520815850816,0.144106636363636,0.129221573426573,0.0832648641025641
3309.22,0.311859,0.287613,0.268127,0.242475,0.193847,0.144256,0.129314,0.083255,,,0.311857457142857,0.287615828571429,0.268127342857143,0.242467028571428,0.193842542857143,0.144259857142857,0.129316228571429,0.08325578,0.311916934731935,0.287664895104895,0.268100228438228,0.242416065268065,0.193794783216783,0.144244932400932,0.129325631701632,0.0832308913752914
3310.19,0.312041,0.287957,0.26848,0.242761,0.19416,0.144382,0.129488,0.0832683,,,0.312059342857143,0.2879522,0.268460714285714,0.242760057142857,0.194151942857143,0.144381314285714,0.129486114285714,0.0832622914285714,0.312123657342657,0.287887871794872,0.268327568764569,0.242726389277389,0.194079247086247,0.144377727272727,0.129415184149184,0.083189224009324
3311.15,0.31235,0.288236,0.268666,0.243013,0.194394,0.144507,0.129599,0.0831849,,,0.312352742857143,0.288226571428571,0.268657257142857,0.243016942857143,0.1943922,0.1445028,0.129589228571429,0.08317782,0.312343696969697,0.288103613053613,0.268564778554779,0.243029498834499,0.194368156177156,0.144523023310023,0.129496564102564,0.0831248594405594
3312.12,0.312662,0.288396,0.268767,0.243284,0.194606,0.144631,0.129597,0.0830073,,,0.312641857142857,0.288389314285714,0.2687766,0.243286228571429,0.194612085714286,0.144633914285714,0.129591085714286,0.0830113885714286,0.312560342657343,0.288321923076923,0.26883568997669,0.243315804195804,0.194654046620047,0.144683920745921,0.129569951048951,0.0830140090909091
3313.08,0.312821,0.288493,0.268967,0.243581,0.194874,0.144803,0.129546,0.0828206,,,0.312816028571429,0.288499085714286,0.268978142857143,0.243580742857143,0.194879657142857,0.144811914285714,0.129556028571429,0.08282822,0.312757652680653,0.288550675990676,0.269137491841492,0.243589883449883,0.194935491841492,0.144850710955711,0.129626634032634,0.0828537130536131
3314.05,0.312906,0.288661,0.269338,0.243885,0.195205,0.145038,0.129579,0.0826622,,,0.312921942857143,0.28867,0.269343571428571,0.243883371428571,0.195203371428571,0.145036885714286,0.129590742857143,0.08265884,0.312923573426573,0.288798470862471,0.269459466200466,0.243870855477855,0.195220939393939,0.145011006993007,0.129665629370629,0.0826631414918415
3315.01,0.313054,0.288963,0.269822,0.24418,0.19554,0.145247,0.129712,0.0824806,,,0.313055885714286,0.288966257142857,0.269821914285714,0.2441776,0.195534771428571,0.145236114285714,0.129706428571429,0.08247388,0.313054543123543,0.289063219114219,0.269801853146853,0.244166303030303,0.195514428904429,0.14515917016317,0.129698755244755,0.0824636006993007
3315.97,0.313216,0.289357,0.270296,0.244469,0.195839,0.145354,0.129824,0.0822635,,,0.313201428571428,0.289360771428571,0.270285371428571,0.244471314285714,0.195841057142857,0.145350657142857,0.1298132,0.0822679228571428,0.313177016317016,0.289337256410256,0.270158794871795,0.244471524475524,0.195805181818182,0.145301314685315,0.129744944055944,0.0822722918414918
3316.94,0.313321,0.289763,0.270638,0.244783,0.196123,0.14541,0.129859,0.082077,,,0.313319885714286,0.289754857142857,0.270629085714286,0.244785657142857,0.196124628571429,0.145415485714286,0.129859685714286,0.0820820571428571,0.313341484848485,0.289625407925408,0.270505361305361,0.24479337995338,0.19608617016317,0.145444997668998,0.129821027972028,0.0821026475524475
3317.9,0.313468,0.290057,0.27085,0.245126,0.196389,0.145505,0.129887,0.0819356,,,0.313480685714286,0.2900396,0.270851714285714,0.245121114285714,0.196382057142857,0.145509457142857,0.129891457142857,0.0819302085714285,0.313573515151515,0.289932391608392,0.270821333333333,0.245144351981352,0.196365512820513,0.145588344988345,0.129931578088578,0.081957568997669
3318.87,0.313769,0.29021,0.271038,0.245471,0.196615,0.145665,0.12997,0.0817948,,,0.313776628571429,0.290212914285714,0.271043057142857,0.245471514285714,0.196612942857143,0.145667485714286,0.129971971428571,0.0817946114285714,0.313858461538462,0.290245692307692,0.271109655011655,0.245515233100233,0.196655526806527,0.145722769230769,0.13006465967366,0.0818276102564102
3319.83,0.314188,0.290396,0.271288,0.245848,0.19686,0.145864,0.130118,0.081673,,,0.314183885714286,0.2904164,0.271292971428571,0.245858885714286,0.196871914285714,0.145865028571429,0.130122971428571,0.0816819142857143,0.314184268065268,0.290549778554779,0.271389736596737,0.245880296037296,0.196957044289044,0.145845666666667,0.130199076923077,0.0816968461538461
3320.8,0.3146,0.290755,0.271627,0.246281,0.197207,0.146047,0.130318,0.0815908,,,0.314589628571429,0.290760571428571,0.271630685714286,0.246280228571429,0.197213428571429,0.146042028571429,0.130322628571429,0.0815897371428571,0.31454855011655,0.290842927738928,0.271686002331002,0.24622748018648,0.197256741258741,0.145962428904429,0.130310752913753,0.0815479587412587
3321.76,0.314928,0.291189,0.272024,0.246667,0.1976,0.146147,0.130499,0.0814648,,,0.314928771428571,0.291176828571429,0.272021342857143,0.246650628571429,0.197592457142857,0.146138171428571,0.130492142857143,0.0814535285714286,0.314916342657343,0.291130832167832,0.272011107226107,0.246562981351981,0.19753682051282,0.146074393939394,0.130377247086247,0.0813722594405594
3322.72,0.315216,0.291535,0.272405,0.246912,0.197908,0.146155,0.130536,0.081224,,,0.315228171428571,0.291526942857143,0.2724002,0.246907628571429,0.1978984,0.146155514285714,0.130522628571429,0.0812201857142857,0.315219547785548,0.291420137529137,0.272351130536131,0.246891741258741,0.197791911421911,0.146171351981352,0.130383412587413,0.0811764846153846
3323.69,0.315499,0.291772,0.272727,0.247113,0.198088,0.146165,0.130384,0.0809289,,,0.315496428571428,0.291774914285714,0.272727171428571,0.2471286,0.198086714285714,0.146176742857143,0.130380057142857,0.0809352428571428,0.31541489044289,0.291710671328671,0.272677002331002,0.247203326340326,0.198025037296037,0.146243505827506,0.130325874125874,0.0809692382284382
3324.65,0.31567,0.291973,0.273003,0.247418,0.198209,0.146265,0.130154,0.0806845,,,0.315653285714286,0.291972742857143,0.273002571428571,0.247427,0.198212,0.146269542857143,0.130165142857143,0.0806914257142857,0.315520631701632,0.291989554778555,0.272972167832168,0.24748341958042,0.198236223776224,0.146297986013986,0.130220820512821,0.0807563062937063
3325.62,0.315652,0.292177,0.273244,0.247793,0.198355,0.146406,0.130003,0.0805218,,,0.315645142857143,0.292177514285714,0.273242457142857,0.247783314285714,0.198360485714286,0.146395114285714,0.130010028571429,0.0805214914285714,0.315595004662005,0.29224793006993,0.273243983682984,0.247744184149184,0.198433237762238,0.146363193473193,0.130109144522145,0.0805572473193473
3326.58,0.315563,0.292426,0.273466,0.248099,0.198575,0.146486,0.129958,0.080391,,,0.315573114285714,0.292435,0.273465828571428,0.248086914285714,0.198577057142857,0.146480171428571,0.129952857142857,0.0803846571428571,0.315683808857809,0.292498617715618,0.273508146853147,0.248019641025641,0.198639202797203,0.146463559440559,0.130035207459207,0.0803942801864802
3327.55,0.315601,0.292756,0.273703,0.24831,0.198854,0.14653,0.129964,0.0802459,,,0.315616171428571,0.292757628571429,0.273708057142857,0.248312657142857,0.198852885714286,0.1465372,0.129965371428571,0.0802476057142857,0.315794696969697,0.292760142191142,0.273764466200466,0.248320386946387,0.198871627039627,0.146586606060606,0.130012717948718,0.0802570862470862
3328.51,0.315846,0.293098,0.273991,0.248541,0.199153,0.146631,0.130026,0.0801143,,,0.315853028571429,0.293087971428571,0.273997342857143,0.248554628571429,0.199153514285714,0.146642142857143,0.1300356,0.0801229057142857,0.315928275058275,0.293035778554779,0.273999997668998,0.248619382284382,0.199128123543124,0.146691885780886,0.130020713286713,0.0801111041958042
3329.47,0.316201,0.293364,0.274307,0.248876,0.199446,0.146798,0.130133,0.0800041,,,0.316190457142857,0.293360914285714,0.2743022,0.2488784,0.199443685714286,0.146795514285714,0.130127685714286,0.0799998314285714,0.31610820979021,0.293315163170163,0.274221114219114,0.248898438228438,0.199398130536131,0.146759913752914,0.13003934965035,0.0799424435897436
3330.44,0.316487,0.293583,0.274554,0.24924,0.199701,0.14691,0.130162,0.0798228,,,0.316471228571429,0.293587714285714,0.274538914285714,0.249228514285714,0.199696028571429,0.146895085714286,0.130144857142857,0.0798086228571428,0.316350268065268,0.293589289044289,0.274459226107226,0.249181466200466,0.199671911421911,0.146806594405594,0.130066491841492,0.0797629023310023
3331.4,0.316648,0.29382,0.274691,0.24953,0.199913,0.146875,0.130052,0.0795277,,,0.316648942857143,0.293823085714286,0.274689114285714,0.249523057142857,0.1999142,0.146870028571429,0.130051142857143,0.0795295942857143,0.316629687645688,0.293853864801865,0.274728261072261,0.249495624708625,0.199935825174825,0.146840265734266,0.130091123543124,0.079570858974359
3332.37,0.316812,0.294085,0.274853,0.249777,0.200135,0.146775,0.129942,0.0792415,,,0.316827428571429,0.294082771428571,0.274872885714286,0.249785742857143,0.200143142857143,0.146789485714286,0.129965057142857,0.0792603485714286,0.316904365967366,0.294108396270396,0.275008538461538,0.249826482517482,0.200179002331002,0.146838967365967,0.130077755244755,0.0793401221445222
3333.33,0.317096,0.294352,0.275197,0.250093,0.200406,0.14675,0.129981,0.0790648,,,0.317100285714286,0.294352342857143,0.275210114285714,0.250104828571429,0.200406771428571,0.146758571428571,0.129990942857143,0.0790690428571428,0.317158734265734,0.294358389277389,0.275281592074592,0.25014541025641,0.200402370629371,0.146788848484848,0.130001920745921,0.0790551347319347
3334.29,0.317437,0.294621,0.275648,0.250488,0.20067,0.146771,0.130049,0.0788783,,,0.317427314285714,0.294623571428571,0.275631371428571,0.250481485714286,0.200661085714286,0.146758057142857,0.130025171428571,0.0788572828571428,0.317409344988345,0.294610167832168,0.275555976689977,0.250455748251748,0.200617995337995,0.146714417249417,0.129882011655012,0.0787372540792541
3335.26,0.317722,0.294888,0.275978,0.250834,0.200862,0.146709,0.12991,0.0785132,,,0.317716685714286,0.294884828571429,0.2759606,0.250818142857143,0.200858914285714,0.146698371428571,0.129890371428571,0.0785008742857143,0.317674076923077,0.294863205128205,0.275846906759907,0.25077706993007,0.200840146853147,0.146658335664336,0.129764079254079,0.0784246568764569
3336.22,0.317951,0.295119,0.276153,0.251079,0.201021,0.146586,0.129606,0.0780459,,,0.317956742857143,0.2951148,0.276161228571429,0.251085685714286,0.201027085714286,0.146595428571429,0.129621,0.0780608142857143,0.317948149184149,0.295108857808858,0.27614558974359,0.251104181818182,0.201069536130536,0.146640445221445,0.129676587412587,0.0781343911421911
3337.19,0.318186,0.295317,0.276342,0.251356,0.201222,0.146548,0.129408,0.0776966,,,0.318189,0.295321457142857,0.276355628571428,0.251373142857143,0.201227657142857,0.146559914285714,0.129425742857143,0.07771166,0.318212731934732,0.295336848484848,0.276421319347319,0.251413897435897,0.201285351981352,0.146645125874126,0.129606585081585,0.0778538291375291
3338.15,0.318422,0.295534,0.276618,0.25172,0.201469,0.146631,0.129412,0.0775115,,,0.3184178,0.295539485714286,0.276615342857143,0.251712714285714,0.201469428571429,0.146628942857143,0.129414657142857,0.0775091085714286,0.318448783216783,0.295549268065268,0.276656925407925,0.251695822843823,0.201464855477855,0.146651769230769,0.129527713286713,0.0775688158508158
3339.12,0.318619,0.29577,0.276895,0.252026,0.2017,0.146732,0.129507,0.0773611,,,0.318620457142857,0.295764,0.276887971428571,0.252010142857143,0.201695542857143,0.146724457142857,0.1295028,0.07735426,0.318635202797203,0.29575482051282,0.276867538461538,0.251957405594406,0.201610673659674,0.146669526806527,0.12944827972028,0.0772892235431235
3340.08,0.318786,0.295961,0.277118,0.252214,0.201848,0.146772,0.129551,0.0771438,,,0.318793371428571,0.295955428571428,0.277118171428571,0.252219914285714,0.201838742857143,0.146767542857143,0.129539942857143,0.0771388285714286,0.318752405594406,0.295951853146853,0.277079608391608,0.252213883449883,0.201748414918415,0.146718237762238,0.129396202797203,0.0770315923076923
3341.04,0.318915,0.296113,0.277314,0.252409,0.201898,0.14676,0.129451,0.0768378,,,0.318908742857143,0.296121742857143,0.277316742857143,0.252420828571429,0.201894828571429,0.1467612,0.129440285714286,0.0768330257142857,0.318801051282051,0.296133230769231,0.277300657342657,0.252467202797203,0.20190044988345,0.146781328671329,0.129361902097902,0.0767853102564103
3342.01,0.318912,0.296297,0.277508,0.252667,0.201943,0.146757,0.129243,0.0764793,,,0.318894771428571,0.296301028571428,0.277504828571429,0.252661857142857,0.201952685714286,0.146765914285714,0.129251914285714,0.0764828142857143,0.3188042004662,0.296294006993007,0.27751896037296,0.252694300699301,0.202070755244755,0.146817487179487,0.129303072261072,0.0765268902097902
3342.97,0.318756,0.296482,0.277693,0.252906,0.202113,0.14681,0.129088,0.0761602,,,0.318757542857143,0.296470771428571,0.277693514285714,0.252903428571429,0.202126028571429,0.146814457142857,0.129103,0.0761698171428571,0.318787149184149,0.296430184149184,0.277725585081585,0.252883559440559,0.202253547785548,0.146815797202797,0.129201158508159,0.0762562587412587
3343.94,0.318627,0.29659,0.277899,0.253104,0.202425,0.146862,0.129043,0.0759314,,,0.318647142857143,0.296588285714286,0.277906457142857,0.253107342857143,0.202425514285714,0.146849914285714,0.129040085714286,0.0759321542857143,0.318770198135198,0.296552895104895,0.27792644055944,0.253056811188811,0.202443384615385,0.146795953379953,0.1290677995338,0.0759852561771562
3344.9,0.318687,0.296674,0.27815,0.253269,0.202744,0.146804,0.12899,0.0757316,,,0.318693171428571,0.296680514285714,0.2781482,0.253261028571429,0.202731485714286,0.146796028571429,0.128979285714286,0.0757276142857143,0.31878217016317,0.296691699300699,0.278131818181818,0.253228230769231,0.202633251748252,0.146762242424242,0.128920011655012,0.0757076517482518
3345.87,0.318863,0.296807,0.278383,0.25337,0.202929,0.146668,0.128845,0.0754907,,,0.3188486,0.296804514285714,0.278373742857143,0.2533682,0.202921971428571,0.146680771428571,0.128844914285714,0.0754905885714286,0.318859701631702,0.296866710955711,0.278345771561772,0.253387396270396,0.202809864801865,0.146696324009324,0.128771769230769,0.0754087778554779
3346.83,0.31901,0.296986,0.278556,0.253469,0.202985,0.146579,0.128649,0.0751851,,,0.319005714285714,0.296988571428571,0.278558142857143,0.253481257142857,0.202987485714286,0.1465856,0.128649771428571,0.0751802571428571,0.319014377622378,0.297079554778555,0.27856920979021,0.253536813519814,0.202955461538461,0.146594177156177,0.12863044988345,0.075088689044289
3347.79,0.319151,0.297237,0.278735,0.253649,0.202999,0.146513,0.128444,0.0747925,,,0.319165057142857,0.297246514285714,0.278742885714286,0.253649428571429,0.203002514285714,0.146499885714286,0.128442371428571,0.0747842457142857,0.319202797202797,0.297320627039627,0.278796587412587,0.25369396969697,0.203052358974359,0.146479424242424,0.12849272027972,0.0747588937062937
3348.76,0.319359,0.297556,0.278961,0.25385,0.203029,0.146369,0.128263,0.0743471,,,0.319365171428571,0.297554885714286,0.278961257142857,0.253842114285714,0.203032342857143,0.146362057142857,0.128268485714286,0.0743517885714286,0.319351715617716,0.297553682983683,0.279002727272727,0.253850282051282,0.203093230769231,0.146377752913753,0.128355599067599,0.0744301533799534
3349.72,0.319543,0.297828,0.279183,0.254007,0.203092,0.146199,0.128158,0.0739794,,,0.319529542857143,0.297822857142857,0.279182571428571,0.254011971428571,0.203096457142857,0.1462146,0.128166657142857,0.0739943914285714,0.319417524475524,0.297718839160839,0.279157298368298,0.253980363636364,0.203096902097902,0.146288785547786,0.12821868997669,0.0741115559440559
3350.69,0.31954,0.297951,0.279347,0.254147,0.203166,0.146136,0.128117,0.0737652,,,0.3195262,0.297945428571429,0.279345028571429,0.254150428571429,0.203159742857143,0.1461462,0.128114085714286,0.0737685342857143,0.319399832167832,0.297781634032634,0.279251067599068,0.254076717948718,0.203101421911422,0.146185748251748,0.128075230769231,0.0738115827505827
3351.65,0.319344,0.297883,0.279404,0.254239,0.203177,0.146131,0.128027,0.0736054,,,0.319348114285714,0.297872285714286,0.279394485714286,0.2542246,0.203166028571429,0.146119085714286,0.128016371428571,0.07359346,0.319310160839161,0.2977508997669,0.279293764568765,0.254144501165501,0.203131715617716,0.146048321678322,0.127916666666667,0.0735365172494172
3352.62,0.31911,0.297647,0.279328,0.254212,0.203124,0.146016,0.127809,0.073362,,,0.319121228571429,0.297644428571429,0.279323628571429,0.254206428571429,0.203129485714286,0.1460028,0.1278036,0.0733548342857143,0.319165517482517,0.297655564102564,0.279298321678322,0.254196624708625,0.203184671328671,0.145890755244755,0.127740144522145,0.073283606993007
3353.58,0.318945,0.297391,0.279204,0.254163,0.203134,0.145762,0.127508,0.0730363,,,0.318942771428571,0.297405228571429,0.279211971428571,0.254177914285714,0.203149,0.145763714285714,0.127513142857143,0.0730418285714286,0.319006923076923,0.297538351981352,0.279285808857809,0.254263967365967,0.203243431235431,0.145738277389277,0.127541263403263,0.0730312251748252
3354.54,0.318825,0.297293,0.279168,0.254254,0.20327,0.145494,0.127232,0.0727132,,,0.318819085714286,0.297303028571429,0.279177942857143,0.254261457142857,0.203270771428571,0.145502314285714,0.1272404,0.0727186942857143,0.318888557109557,0.297451118881119,0.279288130536131,0.254374699300699,0.203294545454545,0.145588498834499,0.127312832167832,0.0727470948717949
3355.51,0.318752,0.297365,0.279263,0.254473,0.20342,0.145317,0.127029,0.0724131,,,0.318761342857143,0.297362342857143,0.279261971428571,0.254467085714286,0.203408085714286,0.145324542857143,0.127029857142857,0.0724114285714286,0.318840088578089,0.297430365967366,0.27933134965035,0.254532060606061,0.203337764568765,0.145424902097902,0.127060414918415,0.0724175850815851
3356.47,0.318797,0.297502,0.279416,0.254721,0.203463,0.145239,0.126849,0.0720923,,,0.318806085714286,0.297498057142857,0.279412485714286,0.254722714285714,0.203457771428571,0.145240628571429,0.1268442,0.0720887,0.318849256410256,0.297485237762238,0.279422706293706,0.254721083916084,0.203380526806527,0.145259072261072,0.126810356643357,0.0720619349650349
3357.44,0.318922,0.29763,0.279566,0.254968,0.203417,0.14518,0.126632,0.0717266,,,0.318914542857143,0.2976294,0.279567457142857,0.2549704,0.203419828571429,0.145170914285714,0.126626942857143,0.0717247742857143,0.318876575757576,0.297588515151515,0.279540876456876,0.254912233100233,0.20341279020979,0.145116321678322,0.126588025641026,0.0717058258741259
3358.4,0.318983,0.297721,0.279693,0.255164,0.203361,0.145041,0.126374,0.0713338,,,0.318973485714286,0.297720314285714,0.279692828571429,0.255156885714286,0.203366742857143,0.145034057142857,0.126374,0.0713348028571428,0.318879470862471,0.297676093240093,0.279638470862471,0.255062405594406,0.203407836829837,0.144986850815851,0.126389874125874,0.0713515324009324
3359.36,0.318923,0.297754,0.27976,0.255231,0.203341,0.144829,0.12613,0.070953,,,0.318924628571429,0.297755114285714,0.279756485714286,0.255223885714286,0.203343914285714,0.144837228571429,0.126137885714286,0.0709577914285714,0.318830342657343,0.297689526806527,0.279676750582751,0.255144780885781,0.203362727272727,0.144830372960373,0.126192086247086,0.0709902142191142
3360.33,0.318796,0.297716,0.279732,0.255174,0.203336,0.144632,0.125955,0.0706116,,,0.318797457142857,0.2977118,0.279726514285714,0.255174771428571,0.203330428571429,0.144638,0.125960314285714,0.0706129114285714,0.318734438228438,0.297625878787879,0.279658839160839,0.255168230769231,0.203310125874126,0.144628652680653,0.125985237762238,0.0706259680652681
3361.29,0.318637,0.297581,0.279615,0.255081,0.203291,0.144442,0.125812,0.0702811,,,0.318629457142857,0.297571657142857,0.279611914285714,0.255086571428571,0.203285171428571,0.144431457142857,0.125803428571429,0.0702756742857143,0.318637053613054,0.297529447552447,0.279618060606061,0.25515234965035,0.203277613053613,0.144403097902098,0.125776941724942,0.070266958041958
3362.26,0.318464,0.297372,0.279479,0.255031,0.203216,0.144181,0.125602,0.0699177,,,0.318461771428571,0.297373457142857,0.279485171428571,0.255036742857143,0.203222171428571,0.144173714285714,0.125595657142857,0.0699172628571428,0.318590727272727,0.29744634965035,0.279579,0.255108477855478,0.203259724941725,0.144184417249417,0.125564237762238,0.0699079396270396
3363.22,0.318383,0.297221,0.27943,0.255038,0.203189,0.143894,0.125326,0.0695409,,,0.318402028571429,0.297235571428571,0.279441314285714,0.2550386,0.203197314285714,0.143906857142857,0.125334228571429,0.0695461885714286,0.31860837995338,0.297394006993007,0.279546808857809,0.255054202797203,0.203235351981352,0.143982979020979,0.125327906759907,0.0695377342657343
3364.19,0.318526,0.297243,0.279502,0.255049,0.203216,0.143711,0.125059,0.0691753,,,0.318544771428571,0.297253457142857,0.279503714285714,0.255043171428571,0.203212142857143,0.143721885714286,0.125062428571429,0.0691732771428571,0.318658198135198,0.297363743589744,0.279526881118881,0.255007554778555,0.203195044289044,0.143785934731935,0.125052086247086,0.0691530657342657
3365.15,0.318803,0.297383,0.279597,0.255004,0.203206,0.143612,0.12478,0.0687838,,,0.318789457142857,0.297378114285714,0.2795868,0.2549998,0.203197771428571,0.143603857142857,0.124771257142857,0.0687774485714285,0.318692123543124,0.29734237995338,0.279528748251748,0.254968013986014,0.203149265734266,0.143575004662005,0.124738403263403,0.0687579871794872
3366.11,0.318905,0.297464,0.279597,0.254911,0.203113,0.14345,0.124428,0.0683529,,,0.318880657142857,0.297449771428571,0.279589285714286,0.254915885714286,0.203111714285714,0.143439457142857,0.124424228571429,0.0683550942857143,0.318664769230769,0.297317776223776,0.279541074592075,0.254920990675991,0.203103146853147,0.143342207459207,0.124403123543124,0.0683602235431235
3367.08,0.318681,0.297366,0.279503,0.254827,0.202987,0.143173,0.124044,0.0679432,,,0.3186798,0.2973594,0.279510285714286,0.254829571428571,0.202993685714286,0.143173857142857,0.124050771428571,0.0679492257142857,0.318529067599068,0.297261335664336,0.279521529137529,0.254850011655012,0.203032857808858,0.143094314685315,0.124065638694639,0.067970444055944
3368.04,0.318264,0.297135,0.279406,0.254752,0.202893,0.142852,0.123713,0.0675897,,,0.318274285714286,0.297143742857143,0.279416114285714,0.254749857142857,0.202900628571429,0.142854485714286,0.123716771428571,0.0675879342857143,0.318249648018648,0.297137727272727,0.27943006993007,0.25474972960373,0.202912743589744,0.142848724941725,0.123745864801865,0.0676013121212121
3369.01,0.317801,0.296894,0.279312,0.254656,0.202818,0.142548,0.123441,0.0672571,,,0.317802628571428,0.296899571428571,0.279304371428571,0.254655914285714,0.202811228571429,0.142544314285714,0.123436028571429,0.0672525657142857,0.317839284382284,0.296938165501165,0.279260573426573,0.254636048951049,0.202753477855478,0.142624055944056,0.123469254079254,0.0672667571095571
3369.97,0.317319,0.296664,0.279109,0.254534,0.20266,0.142293,0.12319,0.0669307,,,0.317311885714286,0.296657314285714,0.279096485714286,0.254530571428571,0.202646114285714,0.1422996,0.123187685714286,0.0669335971428571,0.317365491841492,0.296685489510489,0.279031025641026,0.254523463869464,0.202586885780886,0.142429794871795,0.123248333333333,0.0669703400932401
3370.94,0.316826,0.296401,0.278774,0.254382,0.202396,0.142162,0.12298,0.0666487,,,0.316829514285714,0.2964016,0.278779142857143,0.254382,0.202400371428571,0.142177,0.1229908,0.0666551028571428,0.316908932400932,0.296415766899767,0.278760613053613,0.254402447552448,0.202428016317016,0.142256834498835,0.123055925407925,0.0666894335664336
3371.9,0.316413,0.296139,0.27843,0.254236,0.202165,0.142153,0.122858,0.0664155,,,0.316425685714286,0.296145257142857,0.278438828571429,0.254245342857143,0.20218,0.142150514285714,0.122866571428571,0.0664162542857143,0.316511242424242,0.296156708624709,0.278468298368298,0.254262494172494,0.202269223776224,0.142085013986014,0.122846011655012,0.0663914944055944
3372.86,0.31613,0.295905,0.27814,0.254132,0.202055,0.142089,0.122745,0.0661608,,,0.316128628571428,0.2959008,0.2781352,0.254129,0.202055942857143,0.142069285714286,0.122730942857143,0.06615354,0.316162314685315,0.295909878787879,0.27817606993007,0.254116058275058,0.202103965034965,0.14190427039627,0.122598648018648,0.0660684435897436
3373.83,0.315879,0.295653,0.277864,0.253997,0.201979,0.141822,0.122462,0.0658055,,,0.315871542857143,0.295651114285714,0.277860485714286,0.2539856,0.201970514285714,0.141811714285714,0.122442971428571,0.0657962257142857,0.315834606060606,0.295658955710956,0.277904773892774,0.253975846153846,0.201939731934732,0.141717226107226,0.122320652680653,0.0657305778554779
3374.79,0.315578,0.295386,0.277618,0.253793,0.201839,0.141434,0.121994,0.0653552,,,0.315579028571429,0.295391742857143,0.277627771428571,0.253799171428571,0.201834371428571,0.141445314285714,0.122000428571429,0.0653577285714286,0.315515501165501,0.295394247086247,0.277666766899767,0.253830738927739,0.201782909090909,0.141516601398601,0.122013226107226,0.0653768191142191
3375.76,0.315232,0.295129,0.277459,0.253615,0.201636,0.141127,0.121548,0.0649237,,,0.315229085714286,0.2951278,0.277462428571429,0.253627085714286,0.201640114285714,0.1411432,0.121567885714286,0.0649368828571428,0.315199752913753,0.295113678321678,0.277463743589744,0.253657284382284,0.201619878787879,0.141283233100233,0.121670664335664,0.0650033368298368
3376.72,0.314834,0.29484,0.27733,0.253486,0.201425,0.140971,0.121256,0.0645953,,,0.314830914285714,0.294834685714286,0.277319457142857,0.253481285714286,0.201428257142857,0.140972885714286,0.121256942857143,0.0645960885714285,0.314860748251748,0.294810121212121,0.277290116550116,0.253440512820513,0.201427979020979,0.14102141025641,0.121310769230769,0.0646275634032634
3377.68,0.314411,0.294491,0.277134,0.253288,0.201213,0.140847,0.121018,0.0643005,,,0.314420857142857,0.294491428571429,0.277128685714286,0.2532748,0.201208457142857,0.140833714285714,0.121002828571429,0.0642886542857143,0.314463321678322,0.294477165501165,0.277130135198135,0.253186174825175,0.201204494172494,0.140765102564103,0.120979785547786,0.0642755403263403
3378.65,0.314026,0.294116,0.276897,0.252958,0.200969,0.140614,0.120723,0.0639606,,,0.3140326,0.294119514285714,0.276909085714286,0.252955857142857,0.200967114285714,0.140605771428571,0.1207206,0.06396162,0.314006331002331,0.294119184149184,0.276951282051282,0.252916566433566,0.200969456876457,0.140529972027972,0.120712878787879,0.0639575554778555
3379.61,0.313627,0.293744,0.276707,0.252587,0.200715,0.140286,0.120437,0.0636351,,,0.313612171428571,0.293743485714286,0.276715228571429,0.252595914285714,0.200719457142857,0.140293371428571,0.120450114285714,0.0636451885714286,0.313521792540792,0.293748398601399,0.276715454545455,0.252648832167832,0.200742613053613,0.140288048951049,0.120499529137529,0.0636652867132867
3380.58,0.313085,0.293363,0.276511,0.252291,0.200495,0.139973,0.120254,0.0633716,,,0.3130712,0.293358971428571,0.2764984,0.252296571428571,0.200496714285714,0.139981057142857,0.120258371428571,0.0633689257142857,0.313033601398601,0.293377540792541,0.276406342657343,0.252388706293706,0.200525995337995,0.140006897435897,0.120299055944056,0.0633801874125874
3381.54,0.312444,0.292967,0.27616,0.252082,0.200301,0.139699,0.120115,0.0631,,,0.312458228571428,0.292969571428571,0.276146885714286,0.252080628571428,0.200299542857143,0.139693685714286,0.120106514285714,0.0630935371428571,0.312539181818182,0.293009074592075,0.276043256410256,0.25214289044289,0.200309086247086,0.139693617715618,0.120084151515152,0.0630867655011655
3382.51,0.311909,0.292597,0.275652,0.251907,0.200105,0.139394,0.11991,0.0627814,,,0.311928885714286,0.292605057142857,0.275656285714286,0.251907514285714,0.200106114285714,0.139386457142857,0.119906057142857,0.0627850771428571,0.312026160839161,0.29262893006993,0.275652955710956,0.251913776223776,0.200089242424242,0.139382041958042,0.119852205128205,0.0627795328671329
3383.47,0.311519,0.292264,0.275138,0.251729,0.199896,0.13905,0.119628,0.0624523,,,0.311509571428571,0.292262114285714,0.275147771428571,0.251729857142857,0.199893428571429,0.139054885714286,0.119630228571429,0.0624557028571428,0.311494076923077,0.292220780885781,0.275238219114219,0.251684461538462,0.199871722610723,0.139090867132867,0.119597351981352,0.0624492685314685
3384.43,0.311081,0.291885,0.274719,0.251505,0.19965,0.138747,0.119304,0.0621063,,,0.311063085714286,0.291874628571429,0.274725085714286,0.251500028571429,0.199646657142857,0.1387566,0.119304771428571,0.0621024857142857,0.310961685314685,0.291790233100233,0.274798603729604,0.251425585081585,0.199650037296037,0.138807233100233,0.119300792540793,0.0620785335664336
3385.4,0.310512,0.291399,0.274382,0.251182,0.199373,0.138508,0.118947,0.0616973,,,0.310515428571429,0.291394628571429,0.274379342857143,0.251176257142857,0.199377971428571,0.1385062,0.1189464,0.0616941114285714,0.310459212121212,0.291362289044289,0.27436937995338,0.251118682983683,0.199407268065268,0.138509382284382,0.1189532004662,0.0616620825174825
3386.36,0.309938,0.290866,0.274043,0.250765,0.19911,0.138244,0.118557,0.0612237,,,0.309945628571428,0.2908708,0.274031942857143,0.250766114285714,0.199115142857143,0.138236114285714,0.118556228571429,0.0612241457142857,0.310000041958042,0.290948498834499,0.273995827505827,0.250765892773893,0.199131205128205,0.138185291375291,0.118562303030303,0.061209
3387.33,0.309445,0.290397,0.273649,0.250326,0.198848,0.137887,0.118141,0.0607211,,,0.309443971428571,0.290409,0.2736484,0.250331314285714,0.198843114285714,0.137885028571429,0.118142971428571,0.0607228657142857,0.309565501165501,0.290532748251748,0.273677601398601,0.250376195804196,0.198811946386946,0.137826853146853,0.118137205128205,0.0607236393939394
3388.29,0.30903,0.290047,0.273276,0.249924,0.198514,0.137461,0.117715,0.0602199,,,0.309038742857143,0.2900536,0.273291514285714,0.249927085714286,0.198508685714286,0.137464942857143,0.117715942857143,0.0602211685714286,0.309134202797203,0.29009586013986,0.273372839160839,0.249961006993007,0.198447533799534,0.137426356643357,0.11768789044289,0.0602147342657343
3389.26,0.308702,0.289731,0.273007,0.249556,0.198092,0.137013,0.117272,0.0597299,,,0.308708942857143,0.289720628571429,0.273011628571429,0.249554542857143,0.198093028571429,0.137011028571429,0.117266342857143,0.0597273285714286,0.308701724941725,0.289634160839161,0.273042137529138,0.249549825174825,0.198054391608392,0.136993018648019,0.117235857808858,0.0597151529137529
3390.22,0.308368,0.289287,0.272744,0.249183,0.197628,0.136544,0.116794,0.0592461,,,0.308353771428571,0.289274314285714,0.272731485714286,0.249176742857143,0.1976256,0.136538857142857,0.1167904,0.0592418914285714,0.308248181818182,0.289145102564103,0.272663482517482,0.249176540792541,0.197648293706294,0.136560251748252,0.116805983682984,0.0592642615384615
3391.18,0.307854,0.288674,0.272335,0.248783,0.197156,0.136078,0.116329,0.0587935,,,0.307842257142857,0.2886746,0.272327714285714,0.248782828571429,0.197159685714286,0.136081771428571,0.116336885714286,0.0587982228571428,0.307726655011655,0.288616128205128,0.272222289044289,0.248838424242424,0.19723003962704,0.13616627972028,0.116413972027972,0.0588786631701632
3392.15,0.307152,0.287999,0.271774,0.248407,0.196738,0.135699,0.115967,0.0584462,,,0.3071604,0.288006285714286,0.271777685714286,0.248420542857143,0.196747942857143,0.135710142857143,0.115975057142857,0.0584567257142857,0.307103034965035,0.288039538461538,0.271704142191142,0.248488955710956,0.19680272960373,0.135820445221445,0.116058454545455,0.0585466079254079
3393.11,0.306391,0.287362,0.27114,0.248108,0.196393,0.135447,0.115706,0.0582232,,,0.306394857142857,0.287364657142857,0.271140857142857,0.248113314285714,0.196390257142857,0.13545,0.115703685714286,0.0582240314285714,0.306382461538462,0.287432678321678,0.271109445221445,0.248083503496503,0.196377163170163,0.13549493006993,0.115721990675991,0.0582413762237762
3394.08,0.305602,0.286778,0.270469,0.247781,0.196024,0.135232,0.11545,0.0580207,,,0.3055936,0.2867768,0.270464371428571,0.247765228571429,0.196013285714286,0.135227371428571,0.115446742857143,0.0580133028571428,0.305603027972028,0.286834818181818,0.270476503496503,0.247618174825175,0.195953573426573,0.13515248951049,0.115386524475524,0.057937713986014
3395.04,0.304771,0.286231,0.269787,0.247259,0.195566,0.134929,0.11513,0.0577252,,,0.3047704,0.2862316,0.269785885714286,0.247241942857143,0.1955666,0.134919828571429,0.115125285714286,0.0577180857142857,0.304822447552448,0.286273333333333,0.269869365967366,0.247117979020979,0.195518832167832,0.134771088578089,0.115036792540793,0.057612920979021
3396.01,0.303982,0.285719,0.269174,0.246559,0.195079,0.134467,0.114715,0.0573095,,,0.303992542857143,0.285723628571429,0.269184971428571,0.246565342857143,0.195084485714286,0.1344586,0.114710457142857,0.0573080171428571,0.304094111888112,0.285738911421911,0.269331678321678,0.246604177156177,0.195072888111888,0.134344645687646,0.114652216783217,0.0572447032634033
3396.97,0.303326,0.285233,0.268723,0.245897,0.194616,0.133882,0.114229,0.0568294,,,0.303332257142857,0.285233257142857,0.268734485714286,0.245916285714286,0.194613771428571,0.133884228571429,0.1142326,0.0568339771428571,0.303430983682984,0.285204067599068,0.268854186480186,0.246078655011655,0.194632995337995,0.133882354312354,0.114222153846154,0.0568272405594406
3397.93,0.302771,0.28471,0.268399,0.245415,0.194166,0.133308,0.113749,0.056358,,,0.302766971428571,0.284701942857143,0.268395742857143,0.245420914285714,0.194160771428571,0.133315371428571,0.113752,0.0563576571428571,0.302798927738928,0.284648370629371,0.268384475524475,0.24553624009324,0.19421679020979,0.133411321678322,0.113770130536131,0.0563850002331002
3398.9,0.302212,0.284084,0.268033,0.24503,0.193744,0.132853,0.11331,0.055915,,,0.302212514285714,0.284080228571429,0.268024771428571,0.245022628571429,0.193754285714286,0.132858571428571,0.1133064,0.0559126,0.302153853146853,0.284055027972028,0.267870878787879,0.244988263403263,0.193831132867133,0.132972508158508,0.113342610722611,0.0559609317016317
3399.86,0.301591,0.283383,0.267494,0.24459,0.193426,0.132539,0.112912,0.0555241,,,0.301589371428571,0.283390457142857,0.267484828571429,0.244581342857143,0.193435085714286,0.132541657142857,0.112912942857143,0.05553022,0.301468102564103,0.283402442890443,0.267292011655012,0.244457027972028,0.193463944055944,0.132605086247086,0.112975585081585,0.0555925074592075
3400.83,0.300844,0.282679,0.266747,0.244029,0.193168,0.132323,0.112597,0.055237,,,0.300830114285714,0.282683628571429,0.266736028571429,0.244022657142857,0.193157885714286,0.132319742857143,0.112604714285714,0.0552410371428571,0.300723983682984,0.282677822843823,0.266649186480186,0.243943965034965,0.193093393939394,0.132325006993007,0.112680275058275,0.0552948613053613
3401.79,0.299926,0.281957,0.265864,0.243382,0.19282,0.132131,0.112396,0.055034,,,0.299923171428571,0.281949457142857,0.265870171428571,0.243384657142857,0.1928098,0.132127742857143,0.112399257142857,0.0550308285714286,0.299910396270396,0.281895652680653,0.265951,0.243421219114219,0.192712058275058,0.132111461538462,0.112439785547786,0.0550544846153846
3402.75,0.298954,0.281148,0.265045,0.242758,0.19235,0.131927,0.11225,0.0548483,,,0.298969342857143,0.281139685714286,0.265063685714286,0.24277,0.192350342857143,0.131930428571429,0.1122458,0.0548485914285714,0.29903917948718,0.281095135198135,0.265223526806527,0.242864027972028,0.192320706293706,0.131917191142191,0.112215051282051,0.0548370351981352
3403.72,0.298078,0.280271,0.264418,0.242235,0.191845,0.131713,0.112062,0.0546501,,,0.298083142857143,0.280274342857143,0.2644228,0.242239371428571,0.191851,0.131713428571429,0.112058142857143,0.0546513428571428,0.298148104895105,0.280310596736597,0.264513172494172,0.242279174825175,0.1919078997669,0.131689601398601,0.11197082051282,0.054602862004662
3404.68,0.297269,0.279442,0.263893,0.241751,0.191388,0.131451,0.111784,0.0544062,,,0.297258285714286,0.279451942857143,0.263880485714286,0.241742085714286,0.191395971428571,0.1314474,0.111781085714286,0.0544021628571429,0.297276571095571,0.27955034965035,0.263859673659674,0.241693944055944,0.191462424242424,0.131393282051282,0.111695342657343,0.0543235685314685
3405.65,0.296438,0.278738,0.263324,0.241193,0.190992,0.131098,0.111413,0.0540689,,,0.2964368,0.278743485714286,0.263318428571429,0.241184171428571,0.190990028571428,0.131096371428571,0.111407942857143,0.0540631571428571,0.296447601398601,0.278812839160839,0.263269722610723,0.241124258741259,0.19100186013986,0.131029762237762,0.11139068997669,0.0539984386946387
3406.61,0.295621,0.27812,0.262711,0.240552,0.190577,0.130653,0.11098,0.0536376,,,0.2956306,0.278115114285714,0.2627176,0.240555857142857,0.190568171428571,0.130647428571429,0.110982485714286,0.0536345828571429,0.295658904428904,0.278106958041958,0.262713284382284,0.240559447552447,0.190544675990676,0.130622214452214,0.111052902097902,0.0536444573426573
3407.58,0.294868,0.277485,0.262119,0.239922,0.190086,0.130134,0.110575,0.0531787,,,0.294868942857143,0.277477714285714,0.2621238,0.2399316,0.190087457142857,0.130134171428571,0.110588114285714,0.0531858657142857,0.294879456876457,0.277434116550116,0.262141892773893,0.239977237762238,0.190068023310023,0.130178888111888,0.110671326340326,0.0532662034965035
3408.54,0.294117,0.276787,0.261536,0.239352,0.189565,0.129624,0.110259,0.0527938,,,0.294110142857143,0.276788542857143,0.261531457142857,0.239351142857143,0.189574514285714,0.129637371428571,0.110263114285714,0.0528062885714286,0.294076393939394,0.276768412587413,0.261520097902098,0.239368596736597,0.189537123543124,0.129698048951049,0.110245685314685,0.0528607666666667
3409.5,0.293295,0.276065,0.260894,0.238779,0.189043,0.129204,0.10994,0.0525009,,,0.2932938,0.276071514285714,0.260890914285714,0.238771628571429,0.189036828571429,0.1292064,0.109924571428571,0.0524961685714286,0.293243731934732,0.27607134032634,0.260845149184149,0.238747114219114,0.188956748251748,0.129198072261072,0.109799333333333,0.0524482748251748
3410.47,0.292409,0.27534,0.260178,0.23815,0.188438,0.128799,0.109478,0.0521723,,,0.292409,0.275337,0.260179028571428,0.238150085714286,0.188421285714286,0.128783057142857,0.109464542857143,0.0521546942857143,0.292386116550117,0.275322004662005,0.260137156177156,0.238130843822844,0.188371051282051,0.128716193473193,0.109369715617716,0.0520669055944056
3411.43,0.29148,0.274557,0.259409,0.237498,0.18774,0.128306,0.108913,0.0517355,,,0.291479057142857,0.2745516,0.259404971428571,0.237500828571429,0.1877442,0.128300942857143,0.1089196,0.0517344885714286,0.291494032634033,0.274522843822844,0.259406,0.237517093240093,0.18782513986014,0.128284501165501,0.108980116550117,0.051738093006993
3412.4,0.290529,0.273696,0.258596,0.236855,0.187134,0.127808,0.108442,0.0513234,,,0.2905332,0.2736966,0.258596942857143,0.2368568,0.187155514285714,0.127820171428571,0.108459571428571,0.0513399857142857,0.290557424242424,0.273683496503496,0.258643034965035,0.236882634032634,0.187330487179487,0.127910034965035,0.10862937995338,0.0514529305361305
3413.36,0.289588,0.2728,0.257795,0.23622,0.186756,0.127447,0.108185,0.0510807,,,0.289590314285714,0.272804285714286,0.257806314285714,0.236221714285714,0.186763885714286,0.127457628571429,0.108192542857143,0.0510898028571428,0.289586326340326,0.272808769230769,0.257846708624709,0.236213990675991,0.186869053613054,0.127571997668998,0.108314002331002,0.0511911587412587
3414.33,0.28864,0.271905,0.257051,0.235571,0.186491,0.127223,0.108057,0.0509586,,,0.288634428571429,0.271904485714286,0.257049371428571,0.235567657142857,0.186479771428571,0.127222228571429,0.108048428571429,0.0509511171428571,0.288605608391608,0.271905207459207,0.257032067599068,0.235522939393939,0.186420494172494,0.127246037296037,0.108035853146853,0.0509435263403263
3415.29,0.287641,0.270997,0.256277,0.234866,0.186132,0.127012,0.107885,0.0508021,,,0.287636542857143,0.270993142857143,0.256263628571428,0.234859228571429,0.186119571428571,0.127003,0.107876514285714,0.0507929114285714,0.287631435897436,0.270990864801865,0.25621127972028,0.234826939393939,0.185969454545455,0.126922347319347,0.107773538461538,0.0507075393939394
3416.25,0.286612,0.270068,0.255405,0.234102,0.185603,0.126699,0.107596,0.0505435,,,0.286616457142857,0.270068171428571,0.255406371428571,0.234104228571428,0.185601714285714,0.126693,0.107597628571429,0.0505440314285714,0.286657799533799,0.270084738927739,0.255387426573427,0.234128641025641,0.185492578088578,0.12658982983683,0.10748168997669,0.0504655557109557
3417.22,0.285626,0.269155,0.254523,0.233355,0.184973,0.126274,0.107216,0.0502223,,,0.2856356,0.269159885714286,0.254532428571429,0.233363057142857,0.184976342857143,0.126275028571429,0.1072148,0.0502244171428571,0.285671312354312,0.269192195804196,0.254559298368298,0.233419773892774,0.184963149184149,0.126224918414918,0.107133041958042,0.0501897850815851
3418.18,0.284704,0.268293,0.253703,0.232675,0.184326,0.125797,0.106752,0.0498718,,,0.284701685714286,0.268295657142857,0.253702142857143,0.232677742857143,0.1843266,0.125798457142857,0.106741542857143,0.0498688857142857,0.284675191142191,0.268313326340326,0.25372727972028,0.232696261072261,0.184382337995338,0.125813561771562,0.106740986013986,0.0498757055944056
3419.15,0.283755,0.26746,0.252907,0.232018,0.183707,0.125316,0.106225,0.0495006,,,0.283741371428571,0.267454942857143,0.252903057142857,0.232011914285714,0.1837106,0.125317457142857,0.106229971428571,0.0495001885714286,0.28368589044289,0.267450738927739,0.252905920745921,0.231970023310023,0.183789163170163,0.125368517482517,0.106339431235431,0.0495485785547785
3420.11,0.282715,0.266603,0.252107,0.231308,0.183154,0.124862,0.105778,0.0491513,,,0.282715342857143,0.266600685714286,0.2521058,0.231300885714286,0.183157857142857,0.124865257142857,0.105796514285714,0.0491574628571428,0.282707981351981,0.266598608391608,0.252115333333333,0.231258958041958,0.183224060606061,0.124914680652681,0.10594627039627,0.0492295923076923
3421.08,0.281679,0.265728,0.251321,0.23054,0.182663,0.124449,0.105496,0.0488713,,,0.281692114285714,0.265733571428571,0.251325028571428,0.230542142857143,0.182662914285714,0.124450285714286,0.1055002,0.0488772742857143,0.281731522144522,0.265736745920746,0.251354289044289,0.230562986013986,0.182689601398601,0.124470466200466,0.105550897435897,0.0489163536130536
3422.04,0.280738,0.264868,0.250581,0.229792,0.182185,0.124053,0.105248,0.0486361,,,0.280738857142857,0.264870571428571,0.250586228571428,0.2298016,0.182184828571429,0.124051714285714,0.105236171428571,0.0486333657142857,0.280758088578089,0.264847228438228,0.250604307692308,0.229861186480186,0.182157386946387,0.124038666666667,0.105136342657343,0.0485981592074592
3423,0.27983,0.263991,0.249872,0.229117,0.181672,0.123635,0.104854,0.0483515,,,0.279819028571429,0.263982771428571,0.249866857142857,0.229119314285714,0.181670028571429,0.123630971428571,0.104841314285714,0.04834136,0.279809498834499,0.263930948717949,0.249852027972028,0.229135123543124,0.181600324009324,0.123605946386946,0.104689076923077,0.0482672226107226
3423.97,0.278883,0.263035,0.249118,0.228456,0.181078,0.123171,0.104272,0.0479552,,,0.278881628571428,0.263029514285714,0.249112514285714,0.228448628571429,0.181070714285714,0.123172028571429,0.104270542857143,0.0479531428571428,0.278902470862471,0.263003776223776,0.249086107226107,0.228389832167832,0.181003186480186,0.123154675990676,0.104190615384615,0.0479120972027972
3424.93,0.277953,0.262034,0.248303,0.227723,0.18038,0.122684,0.103608,0.0475032,,,0.277965171428571,0.262040257142857,0.248308571428571,0.227716742857143,0.180378885714286,0.122686914285714,0.103617514285714,0.0475111028571428,0.278023813519813,0.262078750582751,0.248289484848485,0.227646727272727,0.180355368298368,0.12267324009324,0.103630389277389,0.0475173501165501
3425.9,0.277112,0.261086,0.247475,0.226918,0.17964,0.122185,0.102985,0.0470755,,,0.277117228571429,0.261093285714286,0.2474768,0.226916971428571,0.179646514285714,0.1221814,0.1029856,0.0470769228571428,0.277139447552448,0.261155601398601,0.247452083916084,0.226916813519814,0.179662909090909,0.122161053613054,0.103037811188811,0.0470832955710956
3426.86,0.27629,0.260216,0.246617,0.226114,0.178933,0.121651,0.102415,0.0466599,,,0.276279285714286,0.260215571428571,0.246609371428571,0.226121628571429,0.1789348,0.121649028571429,0.102410028571429,0.0466542171428571,0.276224125874126,0.26023413986014,0.246582247086247,0.226196459207459,0.178962065268065,0.121637354312354,0.10247596969697,0.046645989044289
3427.82,0.275356,0.259364,0.245691,0.225396,0.178258,0.121101,0.101903,0.0462276,,,0.275348628571429,0.259358685714286,0.245688942857143,0.225403457142857,0.178251571428571,0.121102628571429,0.101908828571429,0.04622454,0.275271855477855,0.25932917016317,0.245697298368298,0.225488097902098,0.178295874125874,0.121129745920746,0.101995484848485,0.0462528083916084
3428.79,0.274304,0.258475,0.244748,0.22476,0.177593,0.120577,0.101512,0.0458161,,,0.274308542857143,0.258471571428571,0.244754771428571,0.224756485714286,0.1775948,0.120577771428571,0.101520485714286,0.0458209085714286,0.274276121212121,0.258450233100233,0.244804710955711,0.224791813519813,0.177670470862471,0.120641573426573,0.1015967002331,0.0459086533799534
3429.75,0.273214,0.257556,0.243863,0.224115,0.176991,0.120102,0.101237,0.0454986,,,0.273216657142857,0.257558657142857,0.243870285714286,0.224111657142857,0.177005485714286,0.120109628571429,0.1012364,0.0455122885714286,0.273223396270396,0.257577685314685,0.24389986013986,0.224082871794872,0.177052365967366,0.120151331002331,0.101235526107226,0.0455767417249417
3430.72,0.272113,0.256654,0.243032,0.223411,0.176484,0.11969,0.100974,0.0452922,,,0.272112142857143,0.256661714285714,0.243027457142857,0.223415971428571,0.1764858,0.119693257142857,0.100969285714286,0.0452929028571429,0.272118365967366,0.256683142191142,0.24299275990676,0.223327382284382,0.176410668997669,0.11964958041958,0.100868197435897,0.0452336289044289
3431.68,0.270997,0.255785,0.242166,0.222637,0.175935,0.119266,0.100626,0.0450543,,,0.270994771428571,0.255782428571429,0.242154685714286,0.222628857142857,0.1759122,0.119250485714286,0.10061682,0.0450319971428571,0.270997769230769,0.255759997668998,0.242112979020979,0.222513016317016,0.175749174825175,0.119146764568765,0.100482937062937,0.0448854235431235
3432.65,0.269872,0.254875,0.241229,0.221724,0.175186,0.118717,0.100151,0.0446341,,,0.269871228571428,0.2548654,0.241229171428571,0.221710542857143,0.175173571428571,0.118708514285714,0.100144117142857,0.0446254514285714,0.269898559440559,0.254820235431235,0.241268827505827,0.221652384615385,0.175091289044289,0.118648505827506,0.100082467132867,0.0445397678321678
3433.61,0.26877,0.25388,0.240317,0.220698,0.174345,0.118111,0.0996141,0.044141,,,0.268774542857143,0.253880771428571,0.240332857142857,0.220704942857143,0.1743618,0.118123514285714,0.0996206742857143,0.0441581171428571,0.268824034965035,0.253871668997669,0.240425682983683,0.220770773892774,0.174453317016317,0.118159389277389,0.0996717515151515,0.0442024941724942
3434.57,0.267732,0.252868,0.239524,0.219742,0.173665,0.117615,0.0991607,0.0437853,,,0.267737742857143,0.2528752,0.239531285714286,0.219758457142857,0.173682571428571,0.117623485714286,0.0991720571428571,0.0437927914285714,0.267761839160839,0.252910799533799,0.239545995337995,0.219894524475524,0.17384534965035,0.117702533799534,0.0992766177156177,0.0438944594405594
3435.54,0.266746,0.251898,0.238759,0.218958,0.173203,0.11725,0.0988595,0.0435776,,,0.2667424,0.251900142857143,0.238744942857143,0.218961085714286,0.173198714285714,0.117242457142857,0.0988590628571428,0.0435696542857143,0.266714986013986,0.251931321678322,0.23863106993007,0.219041524475524,0.173286808857809,0.117310839160839,0.0989405965034965,0.0436520111888112
3436.5,0.265733,0.250945,0.237846,0.218256,0.172811,0.116938,0.0986467,0.0434411,,,0.265723657142857,0.2509408,0.237829114285714,0.218246742857143,0.172801742857143,0.1169368,0.0986412571428571,0.0434425828571429,0.265688566433566,0.250931815850816,0.237710317016317,0.218217538461538,0.172796596736597,0.116999986013986,0.0986865564102564,0.0435066785547786
3437.47,0.264656,0.249959,0.236773,0.21751,0.172391,0.116689,0.0984636,0.0433917,,,0.264657885714286,0.249957371428571,0.236777542857143,0.217505114285714,0.172394085714286,0.116700828571429,0.0984682114285714,0.0434009228571428,0.264667997668998,0.24991934032634,0.236794864801865,0.217421118881119,0.172357370629371,0.116747344988345,0.0984901939393939,0.0434458904428904
3438.43,0.263587,0.248939,0.235725,0.216702,0.171953,0.116527,0.098315,0.043428,,,0.263598485714286,0.2489396,0.235742657142857,0.216704057142857,0.171957628571429,0.116530342857143,0.0983214457142857,0.0434290542857143,0.263629944055944,0.248905013986014,0.235867,0.216644347319347,0.171907153846154,0.116496925407925,0.0982922512820513,0.0434039766899767
3439.4,0.262576,0.247903,0.234834,0.215871,0.171471,0.116338,0.0981519,0.043441,,,0.262574714285714,0.247900428571428,0.2348406,0.215868342857143,0.171464571428571,0.116323942857143,0.0981450171428571,0.0434330285714286,0.262565041958042,0.247901207459207,0.234919652680653,0.215874603729604,0.171385937062937,0.116200869463869,0.0980426083916084,0.0433190114219114
3440.36,0.261539,0.246862,0.234026,0.215032,0.170865,0.115969,0.0978501,0.0433094,,,0.261527,0.246861314285714,0.234014428571428,0.2150314,0.170856257142857,0.115957942857143,0.09783624,0.0432985828571428,0.26147882051282,0.246915526806527,0.233978,0.215101927738928,0.17077896969697,0.115844764568765,0.0977262321678322,0.0431720869463869
3441.32,0.260407,0.245857,0.23315,0.214231,0.17013,0.115431,0.0973657,0.0430049,,,0.260407,0.245864714285714,0.233140314285714,0.214242657142857,0.170131457142857,0.115435371428571,0.09736402,0.0430023028571428,0.260382703962704,0.245941317016317,0.23306748018648,0.214322531468531,0.17011165967366,0.115428571095571,0.0973451815850816,0.0429634496503497
3442.29,0.259251,0.244937,0.23219,0.213521,0.169363,0.114864,0.0968165,0.0426254,,,0.259259828571428,0.244944714285714,0.232195742857143,0.213525628571429,0.169369085714286,0.114874714285714,0.0968305914285714,0.0426356514285714,0.259283592074592,0.244965452214452,0.232179361305361,0.213528995337995,0.169415498834499,0.114946188811189,0.0968967540792541,0.0426950009324009
3443.25,0.258142,0.244061,0.231243,0.212819,0.168644,0.114357,0.0963399,0.0422991,,,0.2581408,0.244053457142857,0.231249428571428,0.212806657142857,0.168645028571429,0.114359142857143,0.0963465771428571,0.0423051085714286,0.258176081585082,0.243980834498834,0.231281965034965,0.212708843822844,0.168712827505828,0.114405116550117,0.0963897186480186,0.0423822296037296
3444.22,0.257048,0.243098,0.230339,0.211988,0.167982,0.113874,0.0959089,0.0420346,,,0.257045685714286,0.243084285714286,0.230337114285714,0.211979685714286,0.167983971428571,0.113868771428571,0.0958984342857143,0.0420307428571429,0.257056382284382,0.242985953379953,0.230358452214452,0.211862895104895,0.168025585081585,0.113842937062937,0.0958639731934732,0.0420549685314685
3445.18,0.255951,0.242005,0.229433,0.211035,0.167374,0.113354,0.0954186,0.0417704,,,0.255954171428571,0.2420068,0.229429914285714,0.211035085714286,0.167375028571429,0.113347828571429,0.0954091114285714,0.0417683257142857,0.255936734265734,0.241983016317016,0.229418990675991,0.211006932400932,0.16737537995338,0.113304216783217,0.0953703993006993,0.041743031002331
3446.15,0.25486,0.240899,0.228502,0.210064,0.166794,0.112797,0.0948862,0.04149,,,0.254857085714286,0.240909457142857,0.228502514285714,0.210068714285714,0.166790057142857,0.112798371428571,0.09489322,0.0414892542857143,0.254829648018648,0.240974137529138,0.228478104895105,0.210153613053613,0.166768298368298,0.112810090909091,0.0949365832167832,0.0414616715617716
3447.11,0.253747,0.239876,0.227559,0.209178,0.166204,0.112275,0.0944396,0.0412011,,,0.2537428,0.239877028571429,0.227559257142857,0.209187771428571,0.166201942857143,0.112280828571429,0.0944500142857143,0.0411995057142857,0.253733463869464,0.239954657342657,0.227539344988345,0.20930882983683,0.166194491841492,0.112353766899767,0.0945516344988345,0.0412046254079254
3448.07,0.252618,0.23891,0.226611,0.208425,0.165612,0.111844,0.0941248,0.0409201,,,0.2526216,0.238910342857143,0.226609542857143,0.208428428571429,0.165615514285714,0.111848542857143,0.0941256571428571,0.0409233228571428,0.252643198135198,0.238924857808858,0.226605037296037,0.208484358974359,0.165637599067599,0.111917282051282,0.0941862326340326,0.0409557095571095
3449.04,0.251528,0.237963,0.225662,0.207739,0.16505,0.111492,0.0938663,0.040682,,,0.251532542857143,0.2379636,0.2256602,0.207734114285714,0.165052314285714,0.1114938,0.0938648428571428,0.0406859428571428,0.251560303030303,0.237904762237762,0.225683710955711,0.207690074592075,0.165079118881119,0.111490911421911,0.0938285002331002,0.0407092993006993
3450,0.25049,0.236993,0.224733,0.207014,0.164509,0.111154,0.0935786,0.0404842,,,0.250489142857143,0.236983057142857,0.224737714285714,0.207006114285714,0.164510114285714,0.111147742857143,0.0935719057142857,0.0404824342857143,0.250489902097902,0.236916662004662,0.224781585081585,0.20691834032634,0.164505981351981,0.111075128205128,0.093481344055944,0.0404725981351981
3450.97,0.249464,0.235951,0.223866,0.206201,0.163953,0.110744,0.0931932,0.0402781,,,0.249459542857143,0.235946114285714,0.223870971428571,0.206198771428571,0.163949142857143,0.110735428571429,0.0931853828571428,0.0402732314285714,0.249442484848485,0.235957867132867,0.223900468531469,0.206152006993007,0.163913687645688,0.11066982983683,0.0931304321678322,0.0402513247086247
3451.93,0.24842,0.234904,0.223048,0.205343,0.163333,0.110249,0.0927197,0.0400357,,,0.248418457142857,0.234916771428571,0.223043971428571,0.205346942857143,0.163328114285714,0.110250885714286,0.0927253142857143,0.0400350657142857,0.248424543123543,0.235007372960373,0.223039508158508,0.205373142191142,0.163297337995338,0.110264939393939,0.0927472389277389,0.0400394671328671
3452.89,0.24738,0.233976,0.222208,0.204509,0.162645,0.109756,0.0922589,0.0397858,,,0.247384885714286,0.233987485714286,0.222202857142857,0.204513542857143,0.1626492,0.109765085714286,0.0922686028571428,0.03979192,0.247421503496503,0.234051375291375,0.222187137529138,0.204569804195804,0.162649972027972,0.109844233100233,0.0923230009324009,0.0398219375291375
3453.86,0.246384,0.233142,0.221322,0.203722,0.161942,0.10933,0.0918461,0.0395646,,,0.2463894,0.2331336,0.2213262,0.203724314285714,0.161944485714286,0.109334542857143,0.0918422085714286,0.0395670257142857,0.246407673659674,0.23309151048951,0.221316226107226,0.203745543123543,0.161960808857809,0.109387393939394,0.0918642517482517,0.0395785927738928
3454.82,0.245415,0.232243,0.220426,0.202952,0.161228,0.10893,0.0914034,0.0393369,,,0.245411228571429,0.232228857142857,0.220430114285714,0.2029484,0.161225342857143,0.108926742857143,0.0913979742857143,0.03933138,0.245372836829837,0.23214006993007,0.220399491841492,0.202914958041958,0.161219731934732,0.108877489510489,0.0913687524475524,0.0392896382284382
3455.79,0.244393,0.231218,0.219507,0.202142,0.160478,0.108462,0.0908983,0.0390392,,,0.244384857142857,0.231219457142857,0.219500571428571,0.2021366,0.160480142857143,0.108455571428571,0.0909029628571428,0.0390374514285714,0.244322727272727,0.23119937995338,0.219433088578089,0.202091417249417,0.160435018648019,0.108322801864802,0.0908382163170163,0.0389561634032634
3456.75,0.243282,0.230171,0.218504,0.201277,0.159698,0.10787,0.0903616,0.0386724,,,0.243280542857143,0.230181457142857,0.218495428571429,0.201276657142857,0.159692771428571,0.107860314285714,0.0903577685714286,0.0386698885714286,0.243259020979021,0.230239671328671,0.218442827505827,0.201274531468531,0.159637284382284,0.107758305361305,0.0902897682983683,0.0386093883449883
3457.72,0.242141,0.229189,0.217431,0.200405,0.158869,0.107173,0.0897697,0.0382578,,,0.242148285714286,0.229194057142857,0.217432714285714,0.200409971428571,0.158861714285714,0.107169228571429,0.0897587028571428,0.0382503942857143,0.242174393939394,0.229227939393939,0.217463046620047,0.200450734265734,0.15885682983683,0.107213321678322,0.0897483135198135,0.0382817032634033
3458.68,0.241046,0.228237,0.216402,0.199578,0.158033,0.106503,0.0891437,0.037846,,,0.241049514285714,0.228232114285714,0.216412885714286,0.199582885714286,0.158041314285714,0.106518257142857,0.0891505914285714,0.0378549057142857,0.241073020979021,0.22817662004662,0.21651386013986,0.19961406993007,0.158116018648019,0.106696962703963,0.0892422755244755,0.0379836976689977
3459.64,0.239988,0.227221,0.215511,0.19879,0.157317,0.106036,0.088633,0.037574,,,0.239982342857143,0.2272084,0.2155164,0.198787342857143,0.1573272,0.106055285714286,0.0886482657142857,0.0375925742857143,0.239979055944056,0.227127058275058,0.215600750582751,0.198775123543124,0.157432186480186,0.106213524475524,0.0887897867132867,0.0377156440559441
3460.61,0.238917,0.226104,0.214725,0.197978,0.156751,0.10577,0.0883066,0.0374749,,,0.238912714285714,0.226102285714286,0.214721142857143,0.197970028571429,0.156748857142857,0.105763228571429,0.0883092571428571,0.0374712057142857,0.238916536130536,0.226102165501165,0.214727186480186,0.197942951048951,0.15680858974359,0.105765694638695,0.0883817785547786,0.0374725869463869
3461.57,0.237849,0.224996,0.213948,0.19711,0.156246,0.105478,0.0880554,0.0373651,,,0.237856028571429,0.225011,0.213943542857143,0.197113171428571,0.156244714285714,0.105460428571429,0.0880489285714286,0.03734866,0.23789103962704,0.225102629370629,0.213895051282051,0.197110347319347,0.156231291375291,0.10533562004662,0.0879934762237762,0.0372383785547785
3462.54,0.23685,0.224027,0.213129,0.196247,0.155738,0.105012,0.0877393,0.0371041,,,0.236855142857143,0.224031457142857,0.213127114285714,0.196254028571429,0.155735942857143,0.1050108,0.08773126,0.0371015371428571,0.23688848018648,0.224125466200466,0.213085657342657,0.196262156177156,0.155675540792541,0.104880603729604,0.0876034867132867,0.0369917622377622
3463.5,0.235904,0.223152,0.212269,0.195413,0.155178,0.104429,0.0872937,0.0367432,,,0.235898942857143,0.223146342857143,0.212269685714286,0.1954088,0.155174228571429,0.104434742857143,0.0872889771428571,0.0367473657142857,0.235893151515152,0.223165198135198,0.21225865034965,0.195392041958042,0.155104610722611,0.104361291375291,0.0871880230769231,0.0367083181818182
3464.47,0.234935,0.222274,0.211391,0.19455,0.154541,0.1038,0.0867478,0.0363636,,,0.234932771428571,0.222274514285714,0.211395542857143,0.1945446,0.154539971428571,0.103795371428571,0.0867491971428571,0.0363644657142857,0.234903972027972,0.222217249417249,0.211388326340326,0.194514398601399,0.154487351981352,0.103774275058275,0.086726241025641,0.0363718251748252
3465.43,0.233926,0.221362,0.21051,0.193649,0.153846,0.103129,0.0861859,0.0359979,,,0.233925057142857,0.221359342857143,0.210507257142857,0.193650114285714,0.153845228571429,0.103123085714286,0.0861897571428571,0.0359980628571429,0.233914375291375,0.22127862004662,0.21048406993007,0.193653272727273,0.153824132867133,0.103159666666667,0.0862291734265734,0.0360105962703963
3466.39,0.232886,0.220379,0.209588,0.192764,0.153124,0.102474,0.085676,0.0356686,,,0.2328878,0.220369742857143,0.209580285714286,0.192766742857143,0.153123228571429,0.1024836,0.08567738,0.0356663542857143,0.232896291375291,0.220329972027972,0.209567358974359,0.192814843822844,0.153138883449883,0.102576172494172,0.0857383454545454,0.0356940909090909
3467.36,0.231835,0.219319,0.208619,0.191936,0.152415,0.101962,0.0852411,0.0353963,,,0.231840742857143,0.2193232,0.208624142857143,0.191941571428571,0.152418428571429,0.101972628571429,0.0852423171428571,0.0353962485714286,0.231826051282051,0.219347825174825,0.208651526806527,0.191987111888112,0.152463825174825,0.102066293706294,0.0852969487179487,0.0354726365967366
3468.32,0.230772,0.218284,0.207687,0.191174,0.151768,0.101608,0.0848881,0.0352278,,,0.230765828571428,0.218296257142857,0.207694542857143,0.191174942857143,0.151771257142857,0.101603714285714,0.0848906371428571,0.0352368942857143,0.230710512820513,0.218339526806527,0.207741543123543,0.19116896037296,0.151832125874126,0.101644689044289,0.0849306864801865,0.0353449657342657
3469.29,0.229629,0.217327,0.206816,0.190422,0.151192,0.101303,0.0846097,0.0352105,,,0.229619485714286,0.217321685714286,0.206812742857143,0.190413514285714,0.1511902,0.101295714285714,0.0846091257142857,0.0352181714285714,0.229573699300699,0.217331016317016,0.206832909090909,0.190370482517483,0.151250967365967,0.101295539160839,0.0846350927738928,0.035278286013986
3470.25,0.22841,0.216358,0.205942,0.189613,0.150658,0.100988,0.084369,0.0352857,,,0.228414885714286,0.216348571428571,0.205939514285714,0.18961,0.150662542857143,0.100993657142857,0.0843688542857143,0.0352807114285714,0.228433095571096,0.216335062937063,0.20591734965035,0.189586885780886,0.15068996969697,0.100975621911422,0.0843761888111888,0.0352316216783217
3471.21,0.22723,0.215349,0.205039,0.188779,0.150158,0.100689,0.0841358,0.0353052,,,0.2272384,0.215356028571429,0.205040371428571,0.188786285714286,0.150162628571429,0.100695008571429,0.08413868,0.0352953171428571,0.227298834498834,0.215355303030303,0.204993414918415,0.188800195804196,0.150113317016317,0.100639423076923,0.0841124358974359,0.0351709125874126
3472.18,0.226147,0.214382,0.20411,0.187987,0.149631,0.100366,0.0838816,0.035179,,,0.226147428571429,0.214388085714286,0.204106057142857,0.187990171428571,0.149620371428571,0.10035364,0.0838783342857143,0.0351737628571429,0.226183321678322,0.21439496037296,0.20406279020979,0.188003722610723,0.149506505827506,0.100266675524476,0.0838160228438228,0.0350756076923077
3473.14,0.225121,0.213457,0.203142,0.187219,0.148962,0.0999089,0.0835443,0.0349324,,,0.2251168,0.213448085714286,0.203139428571429,0.187212742857143,0.148948285714286,0.0998974828571428,0.0835367828571428,0.0349333,0.225106256410256,0.21344975990676,0.203130074592075,0.187205701631702,0.148867342657343,0.0998621165501165,0.0834742370629371,0.0349303466200466
3474.11,0.224107,0.212503,0.202168,0.18642,0.14816,0.0993518,0.0830999,0.0346518,,,0.224103742857143,0.212501371428571,0.202171085714286,0.186416742857143,0.148167114285714,0.0993634571428571,0.0830995742857143,0.0346586228571429,0.224089319347319,0.212513848484848,0.202215291375291,0.186415333333333,0.148196158508158,0.0994270710955711,0.0830810804195804,0.0347228305361305
3475.07,0.223109,0.211553,0.201251,0.185608,0.147394,0.098862,0.0826121,0.0344131,,,0.223112257142857,0.2115626,0.201255285714286,0.185615114285714,0.147409257142857,0.0988771542857143,0.0826184514285714,0.0344188171428571,0.223137962703963,0.211587687645688,0.201338317016317,0.185632004662005,0.147500622377622,0.0989494601398601,0.0826365254079254,0.0344592172494172
3476.04,0.222169,0.210659,0.200418,0.184839,0.14675,0.0984708,0.0821484,0.0342126,,,0.222172257142857,0.210659342857143,0.200421257142857,0.184842,0.1467482,0.0984655628571428,0.0821506885714286,0.0342091542857143,0.222232256410256,0.210663221445221,0.200492144522145,0.18484806993007,0.14679668997669,0.0984357452214452,0.0821578755244755,0.0341732289044289
3477,0.221291,0.209761,0.199646,0.184086,0.146136,0.0980327,0.0817022,0.0339799,,,0.221292885714286,0.209753028571429,0.199649171428571,0.184078971428571,0.146126828571429,0.0980158314285714,0.0816963114285714,0.0339704628571429,0.221336927738928,0.209720533799534,0.199648191142191,0.184061566433566,0.146106011655012,0.097924075990676,0.0816877692307692,0.0339090841491842
3477.96,0.220441,0.208795,0.198874,0.183287,0.145481,0.0974633,0.0812402,0.0336848,,,0.220444,0.208795,0.198869714285714,0.183284085714286,0.145481857142857,0.0974590657142857,0.0812354942857143,0.0336817485714286,0.220418491841492,0.208750158508159,0.198777648018648,0.183277435897436,0.145449118881119,0.0974431748251748,0.0812682724941725,0.0336933494172494
3478.93,0.219563,0.20779,0.198004,0.182462,0.144821,0.096875,0.0807978,0.0334072,,,0.219557942857143,0.207793,0.197993971428571,0.182467914285714,0.144824428571429,0.0968921171428571,0.0808057885714285,0.0334177257142857,0.219457445221445,0.207763116550117,0.197864608391608,0.182491265734266,0.144825911421911,0.0969846041958042,0.0809016587412587,0.0335244228438228
3479.89,0.218566,0.206775,0.196988,0.181665,0.144182,0.0964296,0.0804653,0.0332626,,,0.218554085714286,0.206770628571429,0.196982771428571,0.181668942857143,0.1441796,0.09644004,0.0804788857142857,0.0332739914285714,0.21844696037296,0.206771603729604,0.196912487179487,0.181686386946387,0.144209400932401,0.0965291986013986,0.0805564615384615,0.0333844214452214
3480.86,0.217418,0.205744,0.195895,0.180881,0.14355,0.0960892,0.0802398,0.0332437,,,0.2174168,0.205742371428571,0.195898857142857,0.180877914285714,0.143553428571429,0.0960773285714286,0.0802365857142857,0.0332410857142857,0.217391804195804,0.205783391608392,0.195942794871795,0.180852547785548,0.143576554778555,0.0960753846153846,0.0801995888111888,0.0332503335664336
3481.82,0.216226,0.204742,0.194855,0.180049,0.142939,0.0956941,0.0799599,0.0332103,,,0.216235771428571,0.204752114285714,0.194864257142857,0.180042571428571,0.142942685714286,0.09568774,0.0799433314285714,0.03320124,0.216306794871795,0.204809219114219,0.19498337995338,0.179992741258741,0.142925491841492,0.0956264347319347,0.0798108055944056,0.0330964662004662
3482.79,0.215111,0.203833,0.193953,0.179144,0.142323,0.0952231,0.0795017,0.0330527,,,0.215115714285714,0.203835657142857,0.193957971428571,0.179143742857143,0.142315457142857,0.09522898,0.0794980571428571,0.0330486285714286,0.215206974358974,0.203857662004662,0.194057547785548,0.179112841491841,0.142256997668998,0.0951660717948718,0.0793817006993007,0.0329037491841492
3483.75,0.21408,0.202963,0.193166,0.178216,0.141633,0.0947292,0.0789346,0.0327669,,,0.214081028571429,0.202954771428571,0.193165485714286,0.178220971428571,0.141628028571429,0.0947283085714286,0.0789395114285714,0.0327623485714286,0.214110566433566,0.202927284382284,0.193181384615385,0.178222463869464,0.141571090909091,0.0946753806526806,0.0789161990675991,0.0326747289044289
3484.71,0.213085,0.202047,0.192413,0.177318,0.140888,0.0941968,0.0783705,0.0323964,,,0.213081571428571,0.202043742857143,0.192408028571429,0.177315942857143,0.140891,0.0941893771428571,0.0783713828571428,0.0323928428571429,0.213043041958042,0.202009594405594,0.192356666666667,0.177342265734266,0.140884114219114,0.0941680027972028,0.0784357624708625,0.0324319848484848
3485.68,0.212066,0.201096,0.191619,0.176445,0.140165,0.0936207,0.077864,0.0320378,,,0.212058885714286,0.2011008,0.191614028571429,0.1764426,0.140166542857143,0.09361788,0.0778662114285714,0.0320468171428571,0.212014515151515,0.201093289044289,0.19155937995338,0.176494121212121,0.140223526806527,0.0936795934731935,0.077975475058275,0.0322019876456876
3486.64,0.211003,0.200159,0.190767,0.175616,0.139506,0.0930823,0.0774594,0.0318292,,,0.211004457142857,0.200160885714286,0.190768285714286,0.175623628571429,0.139508228571429,0.0930951571428571,0.0774666,0.0318458371428571,0.211007,0.200165594405594,0.190748883449883,0.175684755244755,0.13960389044289,0.0932246797202797,0.0775646547785548,0.0319992878787879
3487.61,0.209959,0.199229,0.189898,0.174878,0.138935,0.0926959,0.0771752,0.0318035,,,0.209967228571428,0.199225142857143,0.189903571428571,0.174883571428571,0.138941857142857,0.0927108314285714,0.0771802485714286,0.0318050942857143,0.209998351981352,0.199219212121212,0.189901783216783,0.174903335664336,0.139018142191142,0.0927855489510489,0.0772069118881119,0.0318188965034965
3488.57,0.20898,0.198277,0.189038,0.174189,0.13845,0.0924258,0.0769459,0.0317995,,,0.2089794,0.198276228571429,0.189035,0.174182228571429,0.138453085714286,0.0924153171428571,0.07693954,0.0317842,0.208987454545455,0.198262216783217,0.189028424242424,0.174131529137529,0.138442736596737,0.0923434153846154,0.0768786254079254,0.0316468645687646
3489.54,0.208016,0.197319,0.188148,0.173442,0.137969,0.0920621,0.0766471,0.0316374,,,0.208009914285714,0.197321571428571,0.188141485714286,0.173434114285714,0.137961971428571,0.0920438685714285,0.0766367714285714,0.03162594,0.207990090909091,0.197313839160839,0.188145741258741,0.17335627972028,0.137853561771562,0.0918975258741259,0.0765457226107226,0.0314745454545455
3490.5,0.207024,0.19638,0.187224,0.172609,0.137374,0.0915172,0.0762286,0.0313159,,,0.207022457142857,0.1963782,0.187229657142857,0.172609257142857,0.137361828571429,0.0915169857142857,0.0762300228571428,0.0313168942857143,0.207018972027972,0.19639158974359,0.18725634965035,0.172575433566434,0.137242568764569,0.0914515741258741,0.0761805489510489,0.0312918400932401
3491.46,0.206032,0.195455,0.186338,0.171754,0.136629,0.0909162,0.0757607,0.0309674,,,0.2060368,0.195453028571428,0.186346571428571,0.171758542857143,0.136625657142857,0.0909252342857143,0.07576652,0.0309767171428571,0.206067013986014,0.195500442890443,0.186360515151515,0.171791027972028,0.136608421911422,0.0909945780885781,0.0757705018648018,0.0310787776223776
3492.43,0.205086,0.19456,0.185496,0.170938,0.13584,0.0903867,0.0752971,0.0307127,,,0.205090971428571,0.1945672,0.185488371428571,0.170939885714286,0.135852514285714,0.0903940457142857,0.0752944514285714,0.0307226257142857,0.205117219114219,0.194629289044289,0.185463734265734,0.17100455011655,0.135943988344988,0.0905049685314685,0.0753185797202797,0.0308267055944056
3493.39,0.204176,0.193734,0.184604,0.170169,0.135152,0.0899509,0.0748236,0.0305639,,,0.204172742857143,0.193740171428571,0.184594828571429,0.170170714285714,0.135163228571429,0.0899545257142857,0.0748231028571428,0.0305639171428571,0.204161489510489,0.193755815850816,0.184568396270396,0.170218578088578,0.135250734265734,0.0899823463869464,0.0748420442890443,0.0305605053613054
3494.36,0.203234,0.192932,0.183657,0.169433,0.134564,0.0895453,0.0743569,0.0304173,,,0.2032274,0.192925485714286,0.183665485714286,0.169435485714286,0.134557228571429,0.0895385285714285,0.07436116,0.0304047,0.203197165501166,0.192859634032634,0.183675459207459,0.169433703962704,0.134551328671329,0.0894581125874126,0.0743686538461538,0.0303167286713287
3495.32,0.20223,0.192037,0.182757,0.168696,0.133944,0.0890641,0.0739195,0.030169,,,0.202233342857143,0.192026714285714,0.182763771428571,0.168692742857143,0.133933114285714,0.0890523057142857,0.0739173828571428,0.03016168,0.202215955710956,0.191932515151515,0.182788592074592,0.168640277389277,0.13387541025641,0.088962175058275,0.0739206713286713,0.0301096792540793
3496.28,0.201211,0.191008,0.181907,0.167895,0.133239,0.0884805,0.0734842,0.0298621,,,0.201214685714286,0.191006714285714,0.181898857142857,0.167888228571429,0.133240628571429,0.0884799428571428,0.0734805142857143,0.0298707657142857,0.201209559440559,0.190972351981352,0.181911268065268,0.167825186480186,0.133227668997669,0.0884941034965035,0.0734985060606061,0.0299237706293706
3497.25,0.200185,0.189924,0.181031,0.167005,0.132523,0.0879053,0.0730485,0.0296251,,,0.200180028571429,0.189931542857143,0.181028342857143,0.167004914285714,0.132530114285714,0.0879177028571428,0.0730532142857143,0.0296348885714286,0.20017872027972,0.189974048951049,0.18104334032634,0.166980888111888,0.13257134032634,0.0880257871794872,0.0730832317016317,0.0297254976689977
3498.21,0.199117,0.188879,0.180148,0.16608,0.131851,0.0874558,0.0726529,0.0294854,,,0.199115457142857,0.188884314285714,0.180157171428571,0.166083257142857,0.131856057142857,0.0874673714285714,0.0726591057142857,0.0294869942857143,0.199124275058275,0.188934911421911,0.180171955710956,0.166104974358974,0.131862440559441,0.0875325799533799,0.0726536016317016,0.0294939230769231
3499.18,0.19803,0.187879,0.179308,0.165175,0.131195,0.0871046,0.0722829,0.0293562,,,0.198035571428571,0.187876,0.1793104,0.165178857142857,0.131190542857143,0.0870980942857143,0.07227798,0.0293485714285714,0.198040631701632,0.187869198135198,0.179274997668998,0.165205708624709,0.131108722610723,0.0870284638694639,0.0722043841491841,0.0292468559440559
3500.14,0.196965,0.186868,0.178454,0.164307,0.130468,0.0866893,0.0718516,0.0291321,,,0.196968257142857,0.186863457142857,0.178444142857143,0.164305885714286,0.1304536,0.0866694571428571,0.0718391885714286,0.0291188228571428,0.196933986013986,0.186810016317016,0.178353060606061,0.164305538461538,0.130359916083916,0.0865482088578089,0.0717536188811189,0.0290154764568765
3501.11,0.195898,0.185825,0.177501,0.163448,0.129635,0.0861234,0.0713295,0.0287967,,,0.195887885714286,0.185822085714286,0.177490114285714,0.163442171428571,0.129630714285714,0.0861205028571428,0.0713279314285714,0.0287961685714286,0.195831319347319,0.18579151048951,0.177439023310023,0.163428841491841,0.129650006993007,0.0861019296037296,0.0713304855477856,0.0288076678321678
3502.07,0.194767,0.184782,0.176479,0.162583,0.128829,0.0855519,0.0708319,0.0284885,,,0.194757828571429,0.184782,0.176483885714286,0.1625854,0.128848971428571,0.0855729514285714,0.0708444742857143,0.0285058828571429,0.194763344988345,0.184828163170163,0.17655941025641,0.162594207459207,0.128985135198135,0.0856765065268065,0.0709547575757576,0.0286210668997669
3503.03,0.193628,0.183805,0.175545,0.161765,0.128233,0.0851536,0.0704924,0.0283522,,,0.193641971428571,0.183812885714286,0.175563257142857,0.161769628571429,0.128243628571429,0.0851600885714286,0.07050038,0.0283575828571429,0.19374717016317,0.18391672960373,0.175711587412587,0.161813778554779,0.128369067599068,0.0852646965034965,0.0706296741258741,0.0284643836829837
3504,0.192644,0.18296,0.174799,0.161019,0.127797,0.0848617,0.0702979,0.0283297,,,0.192658314285714,0.182968657142857,0.174804142857143,0.161016685714286,0.127786628571429,0.0848498457142857,0.0702967342857143,0.02832148,0.19277696037296,0.183047454545455,0.174882025641026,0.161081902097902,0.127806016317016,0.0848705384615385,0.0703491990675991,0.0283466177156177
3504.96,0.191815,0.182221,0.174128,0.160316,0.127347,0.0845337,0.0701422,0.0283001,,,0.191807885714286,0.182217057142857,0.174115828571429,0.160320114285714,0.127340914285714,0.08453328,0.0701391828571429,0.0283001171428571,0.191823701631702,0.182202979020979,0.174058610722611,0.16036113986014,0.127283652680653,0.0844923228438228,0.0700955237762238,0.028260696037296
3505.93,0.190974,0.181461,0.173359,0.159654,0.12683,0.0841654,0.0699327,0.0282384,,,0.190967657142857,0.181453714285714,0.173352228571429,0.1596612,0.126833942857143,0.0841702342857143,0.0699284485714286,0.02823936,0.190862144522145,0.181362839160839,0.173227111888112,0.159614407925408,0.126767107226107,0.0841115027972028,0.0698336545454546,0.0281811055944056
3506.89,0.190037,0.180599,0.172461,0.158983,0.126264,0.0837575,0.069612,0.0281194,,,0.190034685714286,0.180595314285714,0.172461428571429,0.158973828571429,0.1262634,0.0837519285714285,0.0696086228571429,0.0281143342857143,0.189894988344988,0.180508468531469,0.172370815850816,0.158836368298368,0.126208013986014,0.0836946736596737,0.0695212554778555,0.0280678375291375
3507.86,0.188994,0.179639,0.171482,0.158169,0.125621,0.0832543,0.0691723,0.0279067,,,0.188982428571429,0.179636342857143,0.171479,0.158147742857143,0.1256138,0.0832466371428571,0.0691691885714286,0.0279041628571428,0.188925135198135,0.179616734265734,0.171471466200466,0.158037662004662,0.125568909090909,0.0832126741258741,0.0691266391608392,0.0278831249417249
3508.82,0.187862,0.178628,0.170465,0.157185,0.12488,0.0826651,0.0686452,0.027623,,,0.187864657142857,0.1786346,0.170467742857143,0.157190657142857,0.124880857142857,0.0826716485714285,0.0686472914285714,0.0276284342857143,0.187943060606061,0.178670855477855,0.170527041958042,0.157228426573427,0.124858944055944,0.0826699594405594,0.0686479494172494,0.0276176153846154
3509.78,0.186793,0.177644,0.169488,0.156252,0.124104,0.0820886,0.0680986,0.0273206,,,0.186814428571429,0.177649657142857,0.169497514285714,0.156275314285714,0.124108542857143,0.0820948828571428,0.0681039314285714,0.0273221514285714,0.18695541025641,0.177680018648019,0.169565538461538,0.156420596736597,0.124118501165501,0.0821026699300699,0.0681195892773893,0.0272937118881119
3510.75,0.185908,0.176688,0.168597,0.155525,0.123346,0.0815471,0.067576,0.0269884,,,0.185909285714286,0.176681057142857,0.168595542857143,0.155526971428571,0.123342057142857,0.0815376628571428,0.0675716028571428,0.0269791514285714,0.185980750582751,0.176672421911422,0.168618888111888,0.15562996037296,0.123379526806527,0.0815486622377622,0.067592875058275,0.0269494104895105
3511.71,0.185078,0.175695,0.167727,0.154887,0.122606,0.0809896,0.0670587,0.0265972,,,0.185065914285714,0.175692,0.167721,0.154874657142857,0.122609085714286,0.0809867114285714,0.06705528,0.0265939685714286,0.185019053613054,0.175671247086247,0.167697979020979,0.154870361305361,0.122660020979021,0.0810295088578089,0.0671020682983683,0.0266204855477855
3512.68,0.184159,0.174681,0.16683,0.154198,0.12193,0.0804752,0.0665793,0.0262257,,,0.184156085714286,0.174684857142857,0.166830771428571,0.154196714285714,0.121936257142857,0.0804899857142857,0.0665895257142857,0.0262380085714286,0.184057995337995,0.174687955710956,0.166799072261072,0.154138643356643,0.121974657342657,0.0805548787878788,0.0666519303030303,0.0263258594405594
3513.64,0.183148,0.173697,0.165928,0.153462,0.121328,0.0800967,0.0662103,0.0259903,,,0.183148428571429,0.173698114285714,0.165928428571429,0.153467657142857,0.1213256,0.08010048,0.0662166171428571,0.0259984514285714,0.183081461538462,0.173724081585082,0.165915762237762,0.153406377622378,0.121326473193473,0.0801267780885781,0.066236289044289,0.0260689165501165
3514.61,0.182076,0.172749,0.165034,0.152698,0.120737,0.0797744,0.0659049,0.0258638,,,0.182073085714286,0.172748828571429,0.165033828571429,0.152693371428571,0.120732285714286,0.0797601714285714,0.0658946657142857,0.0258565228571429,0.182063128205128,0.172773081585082,0.165042016317016,0.152633104895105,0.120701876456876,0.0797319494172494,0.0658503468531468,0.0258487881118881
3515.57,0.180969,0.17183,0.164156,0.151859,0.120122,0.0793845,0.0655426,0.0257239,,,0.180972342857143,0.171831542857143,0.164156085714286,0.151850771428571,0.120123285714286,0.0793832914285714,0.0655344314285714,0.0257167257142857,0.180993757575758,0.171834785547786,0.164178741258741,0.151811216783217,0.120091498834499,0.0793520149184149,0.0654884272727273,0.0256661363636364
3516.53,0.179887,0.170935,0.163304,0.150952,0.119503,0.0789692,0.0651223,0.0255332,,,0.179891285714286,0.170934485714286,0.163305885714286,0.150955857142857,0.119502657142857,0.0789799657142857,0.0651292085714286,0.0255354628571428,0.17990948018648,0.170918351981352,0.163334081585082,0.15098134965035,0.119499116550117,0.0789771673659674,0.0651422333333333,0.0255149911421911
3517.5,0.178851,0.170041,0.162487,0.15008,0.118885,0.0785848,0.0647382,0.025338,,,0.178846628571429,0.170037228571429,0.162489057142857,0.150085914285714,0.118882942857143,0.0785806771428571,0.0647454942857143,0.02534148,0.178862568764569,0.170027172494172,0.162505496503496,0.150182538461538,0.118919662004662,0.078590606993007,0.0647944230769231,0.0253686470862471
3518.46,0.177832,0.169131,0.161692,0.149301,0.118277,0.078162,0.0644039,0.0251582,,,0.177828571428571,0.169130828571429,0.161690885714286,0.149304085714286,0.118281885714286,0.0781551771428571,0.0644005228571429,0.0251589971428571,0.177879123543123,0.169150664335664,0.161679566433566,0.149406452214452,0.118332307692308,0.0781599216783217,0.064418548018648,0.0251846324009324
3519.43,0.176852,0.168232,0.160882,0.148604,0.117712,0.0776796,0.0640479,0.0249731,,,0.176860485714286,0.168238,0.160880285714286,0.148610857142857,0.117719457142857,0.0776892342857143,0.0640459028571428,0.0249751828571428,0.176943827505827,0.168268181818182,0.160848545454545,0.148625265734266,0.117720207459207,0.0776681445221445,0.0640011839160839,0.0249400118881119
3520.39,0.175973,0.167373,0.160033,0.147942,0.117166,0.077196,0.0636381,0.0247527,,,0.175983457142857,0.167376428571429,0.160030171428571,0.147939257142857,0.11716,0.0771979885714286,0.0636384085714286,0.0247493571428571,0.176020776223776,0.167367076923077,0.16000896037296,0.14783706993007,0.117086603729604,0.0771304986013986,0.06355602004662,0.0246519771561772
3521.35,0.175158,0.166513,0.159141,0.147188,0.116528,0.0766572,0.0631657,0.0244427,,,0.175152171428571,0.166505114285714,0.159141,0.147167428571429,0.116512742857143,0.0766385571428571,0.0631566828571428,0.0244291314285714,0.175077645687646,0.166449582750583,0.159150841491842,0.147045167832168,0.116439261072261,0.0765662734265734,0.0631017111888112,0.0243509804195804
3522.32,0.174248,0.165571,0.158235,0.146247,0.115757,0.075986,0.0626183,0.0240278,,,0.174230342857143,0.165562685714286,0.158240228571429,0.146243828571429,0.115759571428571,0.0759834714285714,0.06261536,0.0240270971428571,0.17409782983683,0.165522184149184,0.158260477855478,0.146231573426573,0.115774048951049,0.0759946186480186,0.062649186946387,0.0240598191142191
3523.28,0.173152,0.164558,0.157344,0.145264,0.11499,0.0753227,0.0620887,0.023651,,,0.173151742857143,0.164565542857143,0.157345542857143,0.145287228571429,0.115007828571429,0.0753437857142857,0.0621036228571428,0.0236693685714286,0.173077151515151,0.164584426573427,0.15733375990676,0.145375337995338,0.115078603729604,0.0754442832167832,0.0622100186480187,0.0237975482517483
3524.25,0.171985,0.163582,0.156436,0.144421,0.114334,0.0748371,0.061704,0.0234635,,,0.171993828571429,0.163588942857143,0.156429142857143,0.1444252,0.114333485714286,0.0748394228571428,0.0617104457142857,0.0234689,0.172015426573427,0.16363248951049,0.156380484848485,0.14447541958042,0.11435096037296,0.0749337881118881,0.0617930769230769,0.0235796053613054
3525.21,0.170865,0.162663,0.155461,0.143629,0.113688,0.074453,0.0614172,0.0234022,,,0.170866971428571,0.162659828571429,0.155457142857143,0.143614171428571,0.113674885714286,0.0744440428571428,0.0614109257142857,0.0233952914285714,0.170927076923077,0.162670484848485,0.155416125874126,0.143558585081585,0.113615547785548,0.0744625783216783,0.0613979300699301,0.0234105312354312
3526.18,0.169807,0.16174,0.154449,0.14275,0.112957,0.0740671,0.0611061,0.023341,,,0.169805971428571,0.161735028571429,0.154452,0.1427428,0.112953228571429,0.0740689,0.0611001942857143,0.0233378457142857,0.169853703962704,0.161714072261072,0.154459303030303,0.142671699300699,0.112910037296037,0.0740297734265734,0.0610231794871795,0.0232829592074592
3527.14,0.168803,0.160789,0.153475,0.141819,0.112199,0.0736806,0.0607217,0.0232344,,,0.168802228571429,0.160790028571429,0.153478771428571,0.1418238,0.112204914285714,0.07368156,0.0607186742857143,0.0232341428571428,0.168840337995338,0.160775657342657,0.153528254079254,0.141845678321678,0.112248575757576,0.0736278932400932,0.0606628284382284,0.0231727344988345
3528.1,0.167857,0.159844,0.152579,0.140955,0.111516,0.0732737,0.0602839,0.0230737,,,0.167860171428571,0.1598464,0.152579257142857,0.140963057142857,0.111523971428571,0.0732670657142857,0.0602854428571429,0.0230714114285714,0.167894925407925,0.159851701631702,0.152637703962704,0.141066207459207,0.11161165034965,0.0732299906759907,0.0602930666666666,0.0230361766899767
3529.07,0.166982,0.158927,0.151757,0.140221,0.110941,0.0728154,0.0598479,0.0228532,,,0.166986628571429,0.158927771428571,0.151759314285714,0.140226828571429,0.110943571428571,0.0728153057142857,0.0598538142857143,0.0228533457142857,0.166991421911422,0.15893351981352,0.151797470862471,0.140307554778555,0.110982703962704,0.072818044988345,0.05989181002331,0.0228399123543124
3530.03,0.166154,0.158032,0.151002,0.139586,0.110414,0.0723521,0.0594509,0.0225939,,,0.166150142857143,0.158029428571429,0.151003371428571,0.1395848,0.110408771428571,0.0723572171428571,0.0594519628571428,0.0225959571428571,0.166114655011655,0.158030724941725,0.151009027972028,0.139573687645688,0.110367242424242,0.0723990062937063,0.0594650400932401,0.0225892638694639
3531,0.165295,0.157144,0.15028,0.138951,0.109845,0.0719313,0.0590611,0.0223151,,,0.165286171428571,0.157143657142857,0.150277342857143,0.138942085714286,0.109838314285714,0.0719338885714286,0.0590559314285714,0.0223131371428571,0.165260911421911,0.157159615384615,0.150257582750583,0.138872508158508,0.109767191142191,0.0719731016317016,0.0590319107226107,0.0223085515151515
3531.96,0.164372,0.156278,0.149541,0.138231,0.109205,0.0715408,0.0586343,0.0220121,,,0.164374485714286,0.156280142857143,0.149537742857143,0.138226371428571,0.109205428571429,0.0715412028571428,0.0586322685714285,0.0220102485714286,0.164400874125874,0.156315284382284,0.149512540792541,0.138179475524476,0.109170400932401,0.0715306058275058,0.0586064405594406,0.0220169414918415
3532.93,0.163455,0.155453,0.148766,0.137445,0.108543,0.0711382,0.0581866,0.0217031,,,0.163468285714286,0.1554578,0.148768657142857,0.1374516,0.108545742857143,0.0711343942857143,0.0581887342857143,0.02170628,0.163492020979021,0.155476536130536,0.148746060606061,0.137451848484849,0.108566167832168,0.0710764808857809,0.0581956289044289,0.021726855011655
3533.89,0.162585,0.154663,0.147974,0.136666,0.107903,0.0706764,0.0577578,0.0214279,,,0.162584914285714,0.154662657142857,0.147975285714286,0.136671828571429,0.107904457142857,0.07066974,0.0577590685714286,0.02143042,0.162521988344988,0.154632937062937,0.147949594405594,0.136671027972028,0.107952736596737,0.0706234582750583,0.057795365967366,0.0214480179487179
3534.85,0.161648,0.153846,0.147153,0.13589,0.107297,0.0701527,0.0573628,0.0211892,,,0.1616264,0.153836657142857,0.147146485714286,0.135881685714286,0.107299314285714,0.0701533257142857,0.0573650114285714,0.0211871685714286,0.161511289044289,0.153782258741259,0.147125937062937,0.135850494172494,0.107333662004662,0.0701736561771562,0.0573956125874126,0.021189217016317
3535.82,0.160531,0.152944,0.146276,0.135045,0.10672,0.0696421,0.0570017,0.0209603,,,0.160526028571429,0.1529416,0.146275571428571,0.135037885714286,0.106721285714286,0.0696512542857143,0.0570040571428571,0.0209582771428571,0.16049072027972,0.152917724941725,0.146282142191142,0.135016771561772,0.106713573426573,0.069721234032634,0.0569968855477855,0.0209597484848485
3536.78,0.159373,0.152008,0.145392,0.134156,0.10614,0.0692123,0.0566488,0.0207382,,,0.159392371428571,0.1520176,0.1453998,0.134165085714286,0.106136142857143,0.0692157542857143,0.0566437514285714,0.0207393571428571,0.159483596736597,0.152034328671329,0.145428974358974,0.134191787878788,0.106093769230769,0.0692604137529138,0.0566071687645688,0.020760713986014
3537.75,0.158371,0.151117,0.144555,0.133331,0.10551,0.0688242,0.0562509,0.0205435,,,0.158376742857143,0.151117,0.1445544,0.133335371428571,0.105505114285714,0.0688204285714286,0.0562455257142857,0.0205469628571429,0.158500116550117,0.151139547785548,0.144576986013986,0.133384806526807,0.105469048951049,0.0687931811188811,0.0562238440559441,0.0205760750582751
3538.71,0.157496,0.150238,0.143728,0.132572,0.104828,0.0683984,0.0558137,0.0203833,,,0.157490857142857,0.150231314285714,0.143723628571429,0.1325684,0.1048298,0.06839252,0.0558189028571428,0.0203855542857143,0.157548468531469,0.150247076923077,0.143732615384615,0.132600603729604,0.104836405594406,0.0683295568764569,0.0558366121212121,0.0203834666666667
3539.67,0.156652,0.149338,0.142881,0.13183,0.104149,0.0678995,0.0554056,0.0202243,,,0.156652171428571,0.149341342857143,0.142882885714286,0.131829571428571,0.104154142857143,0.0678962,0.0554114628571428,0.0202203657142857,0.156637212121212,0.149366797202797,0.142894230769231,0.131844648018648,0.104198237762238,0.0678704195804196,0.0554397505827506,0.0201711086247086
3540.64,0.155803,0.148462,0.142035,0.131098,0.103507,0.0673607,0.0550343,0.0200069,,,0.1558024,0.148468171428571,0.142038257142857,0.131100142857143,0.103507,0.0673656371428571,0.0550299028571428,0.0200009771428571,0.155751939393939,0.148494324009324,0.142043906759907,0.131106004662005,0.103549779020979,0.0673978731934732,0.0550312862470863,0.0199407293706294
3541.6,0.154911,0.147616,0.141189,0.130374,0.102876,0.0668537,0.0546391,0.0197174,,,0.154908171428571,0.147614028571429,0.141189428571429,0.130376057142857,0.102876514285714,0.0668606428571428,0.0546361257142857,0.0197170228571429,0.154849179487179,0.147607571095571,0.141156324009324,0.130355568764569,0.102874923076923,0.0668975137529138,0.0546142724941725,0.0196991083916084
3542.57,0.153945,0.146734,0.140304,0.129631,0.10223,0.0663926,0.0542106,0.0194112,,,0.153942428571429,0.146729457142857,0.140298857142857,0.129628685714286,0.102231542857143,0.0663901742857143,0.0542128714285714,0.0194147485714286,0.15389375990676,0.146681976689977,0.14022741025641,0.129571130536131,0.10216662983683,0.0663792405594405,0.0541952944055944,0.0194515904428904
3543.53,0.152907,0.145773,0.139336,0.128818,0.101537,0.0659105,0.0537741,0.0191481,,,0.152905114285714,0.145771457142857,0.139328542857143,0.1288084,0.101529045714286,0.0659022542857143,0.0537729257142857,0.0191521628571429,0.152884675990676,0.145709617715618,0.139278815850816,0.1287511002331,0.101437369463869,0.0658630962703963,0.0537717386946387,0.0192062405594406
3544.5,0.151829,0.144743,0.138301,0.127911,0.100747,0.0653688,0.0533284,0.0189465,,,0.151832342857143,0.144742742857143,0.138302971428571,0.127912714285714,0.100737142857143,0.0653689457142857,0.0533285971428571,0.01894758,0.151842125874126,0.144699072261072,0.138332827505827,0.127906820512821,0.100706693240093,0.0653594533799534,0.0533374682983683,0.0189757643356643
3545.46,0.150765,0.143672,0.137302,0.126998,0.0999028,0.0648251,0.052886,0.0187774,,,0.150766371428571,0.143669257142857,0.137311942857143,0.127006228571429,0.09991126,0.0648317685714285,0.0528882285714286,0.0187741342857143,0.150793834498834,0.143670249417249,0.137402400932401,0.127055769230769,0.0999906191142191,0.0648645818181818,0.0528972251748252,0.018766196037296
3546.42,0.14973,0.142591,0.136419,0.126147,0.0991622,0.0643353,0.0524571,0.0185992,,,0.149727428571429,0.1425916,0.136422857142857,0.126145285714286,0.0991765142857143,0.0643368171428571,0.05245524,0.01859872,0.149766132867133,0.142648445221445,0.136495454545455,0.126209172494173,0.0992984249417249,0.0643678601398601,0.0524565149184149,0.018568762004662
3547.39,0.148723,0.141563,0.135616,0.12533,0.0985843,0.0638775,0.0520259,0.0184084,,,0.148726771428571,0.141570971428571,0.135612485714286,0.125331114285714,0.0985846342857143,0.0638751257142857,0.0520262857142857,0.0184094114285714,0.148764358974359,0.141647356643357,0.135608540792541,0.125359906759907,0.0986324843822844,0.0638659039627039,0.0520098764568765,0.0183727603729604
3548.35,0.147773,0.140644,0.134812,0.124539,0.0980612,0.0634121,0.0515983,0.0182071,,,0.147777285714286,0.140649314285714,0.134809171428571,0.124544142857143,0.0980527914285714,0.0634104285714286,0.0515995514285714,0.0182033371428571,0.14777889044289,0.14067251048951,0.134736613053613,0.124501428904429,0.0979968405594406,0.0633716114219114,0.0515657214452214,0.0181817871794872
3549.32,0.146865,0.139797,0.133967,0.123753,0.0974811,0.0629272,0.0511757,0.0179856,,,0.146862685714286,0.139791171428571,0.133964514285714,0.123746057142857,0.0974752114285714,0.0629248,0.0511704028571428,0.0179831742857143,0.146814440559441,0.139741606060606,0.133885044289044,0.123649275058275,0.0973925237762238,0.0629005909090909,0.051154168997669,0.0180067016317016
3550.28,0.145934,0.138923,0.133074,0.122891,0.0968303,0.0624304,0.0507449,0.0177781,,,0.145922771428571,0.138910314285714,0.133066028571429,0.122876428571429,0.0968302228571428,0.0624289942857143,0.0507404514285714,0.0177841428571429,0.145881701631702,0.138867995337995,0.133054498834499,0.122822503496503,0.0968020107226107,0.0624530037296037,0.0507925764568764,0.0178527682983683
3551.25,0.144942,0.137991,0.132155,0.121953,0.0961638,0.0619573,0.0503545,0.0176471,,,0.144941228571429,0.137994685714286,0.1321604,0.1219578,0.0961693371428571,0.0619638657142857,0.0503674685714286,0.0176548914285714,0.144976475524476,0.138036762237762,0.132240517482517,0.122031463869464,0.0961997613053613,0.062021103030303,0.0504735468531468,0.0177126792540793
3552.21,0.143982,0.137118,0.131325,0.121109,0.0955375,0.0615599,0.050105,0.0175846,,,0.144000428571429,0.137136771428571,0.131340942857143,0.121130171428571,0.0955396685714285,0.0615650857142857,0.0501163057142857,0.0175818314285714,0.144077505827506,0.137211657342657,0.131440757575758,0.121273913752914,0.0955778365967366,0.0615986456876457,0.0501758149184149,0.0175666191142191
3553.17,0.143156,0.136378,0.130636,0.120473,0.0949427,0.0612136,0.0499456,0.0174917,,,0.143157714285714,0.136375857142857,0.130633,0.120475742857143,0.0949404285714285,0.0612085171428571,0.0499347314285714,0.0174850914285714,0.143166815850816,0.136369291375291,0.130651603729604,0.12053841025641,0.0949480965034965,0.0611815249417249,0.0498758111888112,0.0173990407925408
3554.14,0.142351,0.135626,0.129954,0.119912,0.0943454,0.0608333,0.0496936,0.0173018,,,0.142336428571429,0.135610571428571,0.129945,0.119900085714286,0.0943456571428571,0.0608285857142857,0.0496825428571428,0.0172976342857143,0.142253256410256,0.135517363636364,0.129868871794872,0.119825713286713,0.0943259412587412,0.0607703494172494,0.049560131002331,0.0172106461538462
3555.1,0.141434,0.134742,0.12918,0.119261,0.0937381,0.0603932,0.0492931,0.0170254,,,0.1414262,0.134736171428571,0.1291752,0.119250628571429,0.0937359228571428,0.0603911342857143,0.0492916342857143,0.0170228285714286,0.141359508158508,0.134669883449883,0.129086946386946,0.119141391608392,0.0937151431235431,0.0603631104895105,0.0492215883449883,0.0170078048951049
3556.07,0.140442,0.133786,0.12832,0.118494,0.0931103,0.0599225,0.0488172,0.0167216,,,0.140448085714286,0.133794742857143,0.128319742857143,0.118494942857143,0.0931087142857143,0.05992496,0.0488215285714286,0.0167259457142857,0.140490941724942,0.133824531468531,0.128295976689977,0.118468808857809,0.093110513986014,0.0599487331002331,0.0488479151515152,0.016793131002331
3557.03,0.139503,0.132886,0.127436,0.117706,0.0924769,0.0594745,0.0483561,0.0164795,,,0.139515171428571,0.132895171428571,0.127441742857143,0.117716885714286,0.0924811514285714,0.05948098,0.0483623571428571,0.0164886371428571,0.139624762237762,0.132971610722611,0.127487869463869,0.117776811188811,0.0925105118881119,0.0595216839160839,0.048432803962704,0.0165748051282051
3558,0.138674,0.132068,0.126593,0.116981,0.0918713,0.0590738,0.0479495,0.0163375,,,0.138676828571429,0.132063542857143,0.126595057142857,0.1169828,0.0918718742857143,0.0590722657142857,0.0479504514285714,0.0163389142857143,0.138729335664336,0.132108825174825,0.126664706293706,0.117048016317016,0.0919105533799534,0.0590917342657343,0.047993403030303,0.0163682088578089
3558.96,0.13787,0.131251,0.125789,0.116276,0.0912773,0.0586694,0.0475641,0.0162274,,,0.137863228571429,0.131247571428571,0.125788914285714,0.116271371428571,0.0912774971428571,0.0586640685714286,0.04756068,0.0162198485714286,0.137792011655012,0.131237974358974,0.125832808857809,0.116282585081585,0.0912920396270396,0.0586635470862471,0.0475524727272727,0.0161758706293706
3559.92,0.136973,0.130406,0.124998,0.115527,0.090672,0.0582282,0.0471555,0.0160645,,,0.136967085714286,0.130412171428571,0.125002885714286,0.115529742857143,0.0906759,0.0582323485714286,0.0471552428571429,0.0160614571428571,0.136824037296037,0.130356606060606,0.124991776223776,0.115484079254079,0.0906412757575757,0.0582244724941725,0.0471169044289044,0.0159900195804196
3560.89,0.135944,0.129544,0.124195,0.114724,0.0900302,0.0577793,0.0467192,0.0158522,,,0.135935428571429,0.1295386,0.124189685714286,0.114721085714286,0.0900230514285714,0.0577823771428571,0.046718,0.0158537942857143,0.1358488997669,0.12946606993007,0.124131004662005,0.114654648018648,0.0899580909090909,0.0577590123543123,0.0466875300699301,0.0158138251748252
3561.85,0.134813,0.128604,0.123298,0.113825,0.0892812,0.0573034,0.0462537,0.0156294,,,0.134810171428571,0.128591142857143,0.123288314285714,0.113815057142857,0.0892717971428571,0.0572958057142857,0.0462497057142857,0.0156256028571429,0.134880277389277,0.12856941958042,0.123221076923077,0.113781104895105,0.0892284641025641,0.057255941958042,0.0462615864801865,0.015659472960373
3562.82,0.13371,0.127588,0.122287,0.112822,0.0884377,0.0567453,0.0457715,0.0154164,,,0.133728257142857,0.127595971428571,0.122293257142857,0.112827142857143,0.0884475314285714,0.0567424114285714,0.0457759142857143,0.0154189971428571,0.133908011655012,0.127664205128205,0.122247389277389,0.112836163170163,0.0884409608391609,0.0567135254079254,0.0458213037296037,0.0155209750582751
3563.78,0.132798,0.126648,0.121255,0.111823,0.0876221,0.0561384,0.0453317,0.0152778,,,0.132814628571429,0.126665571428571,0.1212586,0.1118356,0.0876295142857143,0.0561439285714286,0.0453405714285714,0.0152919171428571,0.132915794871795,0.126750804195804,0.121233948717949,0.111827230769231,0.0876250736596736,0.0561427748251748,0.0453523934731935,0.0153761144522145
3564.74,0.132027,0.125843,0.120222,0.110876,0.0868421,0.0555498,0.0449419,0.0152479,,,0.132017228571429,0.125839571428571,0.120207942857143,0.110867257142857,0.0868253,0.0555501171428571,0.0449387885714286,0.0152526485714286,0.131910853146853,0.125834680652681,0.120215918414918,0.110809386946387,0.086820413986014,0.0555597643356643,0.0448704146853147,0.0152114365967366
3565.71,0.131153,0.125027,0.119166,0.109882,0.0860189,0.0549821,0.0445062,0.0151963,,,0.131127371428571,0.125009857142857,0.119173714285714,0.109861771428571,0.0860184628571428,0.0549797257142857,0.0444883542857143,0.0151743314285714,0.130921393939394,0.124928074592075,0.119236282051282,0.1098447995338,0.0860612265734266,0.0549864135198135,0.0444085160839161,0.0150222370629371
3566.67,0.130046,0.124094,0.118229,0.108844,0.0852697,0.0544342,0.043965,0.0149372,,,0.130037771428571,0.124093657142857,0.118242371428571,0.108857628571429,0.0852916942857142,0.0544338485714286,0.0439642285714286,0.01492454,0.129967337995338,0.124045778554779,0.118335284382284,0.10897172027972,0.085376872027972,0.0544525277389277,0.0439928811188811,0.014810734965035
3567.64,0.128875,0.123138,0.117463,0.108001,0.0847168,0.0539327,0.0434669,0.0145411,,,0.128896085714286,0.123147085714286,0.1174552,0.108025342857143,0.0847101057142857,0.0539346971428571,0.0434872914285714,0.0145556714285714,0.129037205128205,0.123184421911422,0.117521256410256,0.108194766899767,0.0847731382284382,0.0539800265734266,0.043625741958042,0.0145851797202797
3568.6,0.127905,0.122257,0.116764,0.107433,0.0842259,0.0535083,0.0431695,0.0142262,,,0.127922828571429,0.122260685714286,0.116768114285714,0.107429657142857,0.0842208771428571,0.0535130314285714,0.0431766228571428,0.0142347028571429,0.128108834498834,0.122324265734266,0.116773736596737,0.107495104895105,0.0842301652680653,0.0535670613053613,0.0432886484848485,0.0143565713286713
3569.57,0.127155,0.121443,0.116119,0.106936,0.0837408,0.0531684,0.0429925,0.0140407,,,0.127151142857143,0.121441542857143,0.116118914285714,0.106921428571429,0.08374494,0.0531693514285714,0.0429855142857143,0.01404064,0.127189484848485,0.121462095571096,0.11607158041958,0.106848020979021,0.0837223368298368,0.0531942983682984,0.0429605946386946,0.0141410547785548
3570.53,0.126436,0.120645,0.115467,0.106345,0.0832639,0.0528652,0.0427725,0.0139336,,,0.126421857142857,0.120642428571429,0.115459371428571,0.106341828571429,0.0832639514285714,0.0528631342857143,0.0427635,0.0139329828571429,0.126310853146853,0.120619326340326,0.115396638694639,0.106226988344988,0.083220220979021,0.052838648951049,0.042631234965035,0.0139556715617716
3571.49,0.125604,0.119829,0.114748,0.105665,0.0827493,0.0525398,0.0424276,0.0138546,,,0.125597057142857,0.119827028571429,0.114746028571429,0.1056692,0.0827450057142857,0.0525377257142857,0.0424233485714286,0.0138557228571429,0.125484326340326,0.119803990675991,0.114721906759907,0.105596016317016,0.0826863144522144,0.0524800948717949,0.0423008473193473,0.0138056792540793
3572.46,0.12468,0.118991,0.113991,0.104938,0.0821505,0.0521574,0.0419809,0.0137606,,,0.124683,0.118991085714286,0.113994085714286,0.104933971428571,0.0821452457142857,0.0521535857142857,0.0419778657142857,0.01375622,0.124676074592075,0.118990503496503,0.114023221445221,0.104914722610723,0.0820992608391608,0.0521024382284382,0.0419633776223776,0.013673131002331
3573.42,0.123766,0.11815,0.113248,0.104157,0.0814711,0.0517074,0.0415051,0.0135954,,,0.123774228571429,0.118154714285714,0.113254514285714,0.104154342857143,0.0814723685714286,0.0517056685714286,0.0415087342857143,0.0135862457142857,0.123840503496504,0.11815362004662,0.1132861002331,0.104175939393939,0.081465503030303,0.0516912543123543,0.0416069393939394,0.0135331671328671
3574.39,0.122929,0.117324,0.112535,0.103362,0.080776,0.0512237,0.0411083,0.0133539,,,0.122933457142857,0.117322971428571,0.112536542857143,0.103370571428571,0.0807827971428571,0.0512288257142857,0.0411233428571429,0.01335684,0.12297165967366,0.117293867132867,0.112506221445221,0.103409035897436,0.080797165034965,0.0512416083916084,0.0412347715617716,0.0133765841491841
3575.35,0.12214,0.116476,0.111792,0.102624,0.0801153,0.0507604,0.0408562,0.0131378,,,0.122134085714286,0.1164682,0.111779485714286,0.102625628571429,0.0801128657142857,0.0507622257142857,0.0408598771428571,0.0131491142857143,0.122102622377622,0.116430951048951,0.111702990675991,0.102643400932401,0.0801206079254079,0.0507689132867133,0.0408694484848485,0.0132088736596737
3576.32,0.121318,0.115581,0.110941,0.101914,0.0794598,0.0503118,0.040639,0.0130145,,,0.121310457142857,0.115580828571429,0.1109362,0.101907742857143,0.0794536971428571,0.0503066228571428,0.0406219085714286,0.0130140114285714,0.121268538461538,0.115591212121212,0.110904226107226,0.101896908624709,0.0794717242424242,0.050302182983683,0.0405355004662005,0.0130438946386946
3577.28,0.120451,0.114705,0.11005,0.101184,0.0788087,0.0498509,0.040304,0.0129194,,,0.120452885714286,0.114711514285714,0.110059171428571,0.101182748571429,0.0788135771428571,0.0498494342857143,0.0402951628571428,0.0129114628571429,0.120475207459207,0.114788701631702,0.110123850815851,0.101183369230769,0.0788717347319347,0.0498672228438228,0.0402360993006993,0.0128960701631702
3578.24,0.119615,0.113916,0.109243,0.100459,0.0782324,0.0494111,0.0398979,0.0127936,,,0.119623142857143,0.113920542857143,0.109249342857143,0.100462085714286,0.0782406628571428,0.0494164742857143,0.0399105857142857,0.0127946028571429,0.119698813519814,0.114006174825175,0.109354613053613,0.100502413286713,0.0783128337995338,0.049473596037296,0.0399528393939394,0.0127778836829837
3579.21,0.118864,0.113206,0.108537,0.0997786,0.0777444,0.0490429,0.0395705,0.0126708,,,0.11887,0.113210371428571,0.108540685714286,0.0997840685714285,0.0777451028571428,0.049048,0.0395800828571429,0.0126741514285714,0.118911636363636,0.113213573426573,0.108584489510489,0.0998300972027972,0.0777616944055944,0.0491066673659674,0.0396573881118881,0.0126861622377622
3580.17,0.118157,0.112514,0.107875,0.0991464,0.0772618,0.0487341,0.0393236,0.012573,,,0.118152114285714,0.112509714285714,0.107871914285714,0.09914862,0.0772569228571428,0.0487338171428571,0.0393182514285714,0.0125721171428571,0.11810958974359,0.112409130536131,0.107820592074592,0.0991467006993007,0.0771888051282051,0.0487391354312354,0.0393328657342657,0.0125942277389277
3581.14,0.117383,0.111728,0.107157,0.0985022,0.0766935,0.048413,0.0390472,0.0124831,,,0.117372714285714,0.111711371428571,0.107145257142857,0.0984942542857143,0.0766875,0.0484097428571428,0.0390423228571428,0.0124858171428571,0.117306300699301,0.111611414918415,0.107073107226107,0.0984549086247086,0.0765892053613053,0.0483529652680653,0.0389910906759907,0.0124806095571096
3582.1,0.116488,0.110786,0.106319,0.0977599,0.0760053,0.0480112,0.0386937,0.0123943,,,0.1164862,0.110783085714286,0.1063172,0.0977534971428571,0.0759994285714286,0.04800508,0.03869142,0.01239328,0.11648510955711,0.110810939393939,0.106311981351981,0.0977376107226107,0.0759583629370629,0.0479308058275058,0.0386452433566434,0.0123517188811189
3583.07,0.115538,0.10982,0.105434,0.0969261,0.075233,0.0474983,0.0382724,0.0122681,,,0.115549485714286,0.109841428571429,0.105447885714286,0.0969356228571428,0.0752379542857143,0.0474963971428571,0.03827228,0.0122600257142857,0.115580498834499,0.109955736596737,0.105478895104895,0.0969320358974359,0.0752711878787879,0.0474422547785548,0.0382682407925408,0.0122225207459207
3584.03,0.11462,0.108996,0.104596,0.0960821,0.0744809,0.0469153,0.0378192,0.0120779,,,0.114629942857143,0.109009457142857,0.104601657142857,0.096092,0.07449266,0.0469212485714286,0.0378252085714286,0.0120778057142857,0.114564652680653,0.109021293706294,0.104558575757576,0.0960076836829837,0.0745233018648019,0.0468827254079254,0.0378231937062937,0.0120902976689977
3584.99,0.113687,0.10823,0.103737,0.0951981,0.0737955,0.0463254,0.0373714,0.0118913,,,0.113669,0.108210542857143,0.103719085714286,0.0951806228571428,0.0737919685714286,0.04632252,0.0373730971428571,0.0119006942857143,0.113497356643357,0.108049668997669,0.103592576223776,0.0950144251748252,0.0737585132867133,0.0462980009324009,0.0373263505827506,0.011948765967366
3585.96,0.112576,0.107281,0.102723,0.0941288,0.0730861,0.0457224,0.0368962,0.011777,,,0.1125442,0.107248085714286,0.102704657142857,0.0940989371428571,0.0730669428571428,0.0457101342857143,0.0368815085714286,0.0117809257142857,0.112470104895105,0.107110144522145,0.102647517715618,0.0940393198135198,0.0730326202797203,0.0457500585081585,0.0368301244755245,0.0118005881118881
3586.92,0.111334,0.106135,0.101629,0.0929328,0.0723032,0.0451337,0.036341,0.0116941,,,0.111358085714286,0.106152571428571,0.101648885714286,0.0929567228571428,0.0723095342857143,0.0451462142857143,0.0363370742857143,0.0116838914285714,0.111545165501165,0.106247009324009,0.101776894871795,0.0931505631701632,0.0723746764568765,0.0452787121212121,0.0363733396270396,0.0116535638694639
3587.89,0.110379,0.105162,0.100744,0.0920171,0.0716208,0.0447298,0.0358246,0.0115559,,,0.1104162,0.105193885714286,0.100761888571429,0.0920526457142857,0.07164186,0.0447480742857143,0.03584542,0.0115539114285714,0.110731174825175,0.105449244755245,0.100987268764569,0.092360162004662,0.0717738682983683,0.0448857347319347,0.035967368997669,0.0115199909090909
3588.85,0.109848,0.104527,0.100125,0.0915096,0.071139,0.0445352,0.0355116,0.0113948,,,0.109844314285714,0.104527685714286,0.100126551428571,0.0915074914285714,0.07113942,0.04453076,0.0355180714285714,0.0113991285714286,0.109996081585082,0.104677575757576,0.100249181118881,0.0916383925407925,0.0711964643356643,0.0445459058275058,0.035608234965035,0.0114042706293706
3589.81,0.109444,0.104023,0.0996203,0.0911235,0.0707122,0.0443612,0.0353237,0.0112664,,,0.109431485714286,0.104014428571429,0.0996179342857143,0.0911094342857143,0.0707025742857143,0.0443502542857143,0.0353144085714286,0.0112677371428571,0.109312174825175,0.103928179487179,0.09954447995338,0.090969403962704,0.070626331002331,0.0442388337995338,0.0352954454545455,0.0112979668997669
3590.78,0.108913,0.103435,0.0990601,0.0905966,0.0701899,0.0440709,0.0351071,0.0111758,,,0.1089004,0.103420428571429,0.0990461114285714,0.0905794142857143,0.0701799571428571,0.0440618657142857,0.0350987085714286,0.0111769914285714,0.108660414918415,0.103222980885781,0.0988599878787879,0.0903440351981352,0.0700654452214452,0.0439501081585082,0.0350305125874126,0.0112021703962704
3591.74,0.108147,0.102648,0.0983022,0.0898308,0.0695339,0.0436551,0.0348164,0.0111125,,,0.1081344,0.1026348,0.0982879457142857,0.0898224342857143,0.06953186,0.0436557342857143,0.0348171114285714,0.0111108371428571,0.107980377622378,0.102534467832168,0.0981524470862471,0.0897072706293706,0.0694937018648018,0.0436448617715618,0.03479092004662,0.0111269344988345
3592.71,0.107185,0.101717,0.0973676,0.0889285,0.068822,0.04321,0.0345041,0.0110521,,,0.107194514285714,0.101732171428571,0.0973786742857143,0.0889457457142857,0.06883364,0.0432234485714286,0.0345127228571429,0.0110510114285714,0.10719255011655,0.101789543822844,0.0973774491841492,0.0889863680652681,0.0688704452214452,0.0432814407925408,0.0345253692307692,0.0110646303030303
3593.67,0.106213,0.100851,0.0964436,0.0880897,0.0681558,0.0428244,0.0342144,0.0109896,,,0.106226028571429,0.100868254285714,0.0964528314285714,0.0880976714285714,0.06815946,0.04282578,0.0342152228571428,0.0109961657142857,0.106291923076923,0.100955827039627,0.0965341296037296,0.0881748025641025,0.0681857034965035,0.0428527543123543,0.0341969515151515,0.0109857118881119
3594.64,0.105306,0.100082,0.0955883,0.0873132,0.0675011,0.0424302,0.0338909,0.0109327,,,0.105296314285714,0.100069288571429,0.0955831485714285,0.0873009857142857,0.0674906085714286,0.0424189371428571,0.0338807514285714,0.0109304628571429,0.105346202797203,0.100059812820513,0.0956501102564103,0.0873273874125874,0.0674726818181818,0.0423830808857809,0.0338203706293706,0.0108693897435897
3595.6,0.104387,0.0992407,0.0947521,0.0865048,0.066781,0.0419432,0.0334676,0.0108125,,,0.104385714285714,0.0992318971428571,0.0947569342857143,0.0865068571428571,0.0667796542857143,0.04194374,0.0334639914285714,0.0108013914285714,0.10442034032634,0.0991514990675991,0.0947646955710956,0.0865014438228438,0.066763682051282,0.0418965358974359,0.0334315902097902,0.0107227307692308
3596.56,0.103492,0.0983061,0.0939455,0.0857128,0.066041,0.0414106,0.0329969,0.0105862,,,0.103499285714286,0.0983065971428571,0.0939424914285714,0.0857161857142857,0.0660461085714286,0.0414124342857143,0.0330014,0.01058458,0.103537172494172,0.0982695603729604,0.0939097051282051,0.0857232526806527,0.0660603368298368,0.0413977906759907,0.0330428342657343,0.0105679547785548
3597.53,0.102672,0.0973599,0.0931226,0.0849615,0.0653423,0.0408733,0.0325733,0.0103406,,,0.102674914285714,0.0973618885714286,0.0931154342857143,0.0849596142857143,0.0653467057142857,0.0408727428571428,0.0325815371428571,0.0103470114285714,0.102683358508158,0.0974143564102564,0.0930861072261072,0.0849801228438229,0.0653561272727273,0.040882137995338,0.0326470256410256,0.0104191423776224
3598.49,0.101893,0.096478,0.0922726,0.0842357,0.0646865,0.0403508,0.0322388,0.0101814,,,0.101890171428571,0.0964886971428571,0.0922784114285714,0.0842388714285714,0.0646831828571428,0.04035416,0.0322419457142857,0.0101909314285714,0.10183944988345,0.0965669552447553,0.0922796067599068,0.0842490937062937,0.0646635011655012,0.0403661498834499,0.0322524839160839,0.0102789549417249
3599.46,0.101087,0.0957131,0.0914683,0.0835422,0.0640238,0.0398691,0.0319393,0.0101395,,,0.101076457142857,0.09571376,0.09147034,0.0835412742857143,0.06401324,0.0398647885714286,0.0319275314285714,0.0101408028571429,0.101009682284382,0.0957341081585081,0.0914941937062937,0.0835325083916084,0.0640052382284382,0.0398856046620047,0.0318852041958042,0.0101555458508159
3600.42,0.100219,0.0949931,0.0907147,0.0828508,0.0633431,0.039415,0.031584,0.0101346,,,0.100218811428571,0.0949836371428571,0.0907116314285714,0.08284696,0.0633513114285714,0.0394149914285714,0.03157956,0.010123734,0.100218821911422,0.0949451769230769,0.0907447643356643,0.0828410386946387,0.0633944020979021,0.0394613696969697,0.0315607501165501,0.0100677399067599
3601.39,0.099377,0.0942382,0.089993,0.0821421,0.0627565,0.0390256,0.0312194,0.0100712,,,0.0993865571428571,0.0942364857142857,0.0899958285714286,0.0821433771428571,0.0627677457142857,0.0390358257142857,0.0312305857142857,0.0100668431428571,0.0994818974358974,0.0942135144522144,0.0900383487179487,0.0821646277389277,0.0628312578088578,0.0390908097902098,0.0312730027972028,0.0100237360606061
3602.35,0.0986512,0.093479,0.0893202,0.0814415,0.0622803,0.0387381,0.0309438,0.00998057,,,0.0986543885714286,0.0934822742857143,0.0893227714285714,0.0814455971428571,0.0622724057142857,0.0387369085714286,0.0309471342857143,0.00998732171428571,0.0987851974358974,0.0935261787878788,0.0893682293706294,0.0814783079254079,0.0623048582750583,0.0387599268065268,0.0310057913752914,0.0100105432167832
3603.31,0.0980203,0.0927661,0.0886803,0.0807595,0.0617996,0.0384704,0.030725,0.00994481,,,0.0980255371428571,0.0927721685714285,0.0886816885714286,0.0807624914285714,0.0617964885714286,0.03846428,0.0307207314285714,0.00994900314285714,0.0980888062937063,0.0928518855477855,0.0886993820512821,0.0807618083916084,0.0617925107226107,0.0384423627039627,0.0307417501165501,0.0100086293240093
3604.28,0.0974258,0.0921119,0.0880273,0.0800588,0.0612916,0.0381543,0.0304919,0.00996725,,,0.0974301285714286,0.0921172228571428,0.0880285685714285,0.0800552342857143,0.0612998114285714,0.03815664,0.03049262,0.00996722171428571,0.0973584881118881,0.0921543785547785,0.08798151002331,0.0800093801864802,0.0612755736596737,0.0381119911421911,0.0304693927738928,0.0100062931235431
3605.24,0.0967481,0.091458,0.087299,0.0792672,0.0607698,0.037793,0.0302232,0.0100023,,,0.09673082,0.0914521714285714,0.0872924685714286,0.0792564771428571,0.0607650171428571,0.0377916714285714,0.03022278,0.0100015337142857,0.0965555799533799,0.0913907375291375,0.087176727039627,0.0792037132867133,0.0607191636363636,0.0377469358974359,0.0301723431235431,0.00999380713286713
3606.21,0.0958171,0.0906839,0.0864184,0.0783541,0.0601519,0.0373624,0.0298892,0.0100047,,,0.0958017485714286,0.0906775057142857,0.0864101285714285,0.0783595942857143,0.06014302,0.0373569228571428,0.0298844942857143,0.010002828,0.0956478857808858,0.0905366428904429,0.0862867724941725,0.0783336144522144,0.0600832885780886,0.0373280610722611,0.0298270666666667,0.009952677995338
3607.17,0.0946643,0.0897371,0.0853847,0.077414,0.0594114,0.0368539,0.0294651,0.00993813,,,0.0946789742857143,0.0897351114285714,0.0853829085714286,0.0774245428571428,0.0594202714285714,0.0368583742857143,0.0294648342857143,0.00993771685714285,0.0946437365967366,0.0895990062937063,0.0853444853146853,0.0774119951048951,0.0593699375291375,0.0368510027972028,0.0294230261072261,0.00985836512820513
3608.14,0.0935003,0.0886397,0.0842936,0.0764773,0.0586254,0.0363228,0.028981,0.00978811,,,0.0934963314285714,0.0886230885714286,0.0842919628571428,0.0764572771428571,0.0586163228571429,0.03632172,0.0289782142857143,0.00978148342857143,0.0935734121212121,0.0885924505827506,0.0843807869463869,0.0764512627039627,0.0585993715617716,0.0363220396270396,0.0289678573426573,0.00970347729603729
3609.1,0.0923645,0.087437,0.0832617,0.0754514,0.0577675,0.0357722,0.0284701,0.00954498,,,0.0923695142857143,0.0874520342857143,0.0832804371428571,0.0754585828571428,0.0577669428571428,0.0357726285714286,0.0284743085714286,0.00954179914285714,0.0924740986013986,0.0875410037296037,0.0834180547785548,0.0754703843822844,0.0577835228438228,0.0357573358974359,0.0284869804195804,0.00951988675990676
3610.06,0.0913426,0.0863681,0.0824247,0.0744773,0.0569172,0.0352178,0.0279981,0.00927639,,,0.0913565971428571,0.0863874028571428,0.0824328085714286,0.0744923428571428,0.0569314542857143,0.0352190257142857,0.0280013057142857,0.00928026428571429,0.0914025037296037,0.0864951079254079,0.0824844841491841,0.0745080482517482,0.0569561107226107,0.0351919118881119,0.0280212261072261,0.00934946734265734
3611.03,0.0904618,0.0854967,0.0816997,0.0736122,0.0561605,0.0346703,0.0275816,0.0090871,,,0.0904481457142857,0.0854820428571429,0.0816816057142857,0.07359558,0.0561509514285714,0.0346602114285714,0.0275733457142857,0.00909273228571428,0.0904207037296037,0.0855166883449883,0.0816149475524476,0.0735985317016317,0.0561719561771562,0.0346668750582751,0.0276086156177156,0.00921476734265734
3611.99,0.089586,0.0846613,0.0809092,0.0727378,0.0554171,0.0341261,0.0271998,0.00903667,,,0.0895778485714286,0.0846546314285714,0.0809010314285714,0.0727364028571428,0.0554105771428571,0.0341317314285714,0.0272054228571429,0.00904876342857143,0.089571531002331,0.0846625818181818,0.0808432247086247,0.0727704403263403,0.0554694881118881,0.0342114158508159,0.0272735275058275,0.00912771941724942
3612.96,0.0887384,0.0838714,0.0800868,0.0719297,0.0547181,0.0336993,0.0269282,0.00911895,,,0.0887478714285714,0.0838810514285714,0.0800947114285714,0.0719434142857143,0.0547336314285714,0.03371334,0.0269386314285714,0.00911300571428571,0.0888528645687646,0.0839573603729604,0.080167324009324,0.0720448797202797,0.0548413484848485,0.033827203962704,0.0270156149184149,0.00909499142191142
3613.92,0.0880373,0.0832143,0.0793614,0.0712798,0.0541707,0.0334383,0.0267767,0.0091867,,,0.0880455285714285,0.08321724,0.0793705114285714,0.0712791057142857,0.0541773085714286,0.0334361828571429,0.0267717885714286,0.00917352142857143,0.0881950627039627,0.0833431990675991,0.079513848018648,0.0713936006993007,0.0542347275058275,0.033490341025641,0.026800524009324,0.00910730745920746
3614.88,0.0874905,0.0826647,0.0787696,0.07072,0.0537009,0.0332277,0.0266335,0.00916203,,,0.0875070685714286,0.0826778142857143,0.0787854571428571,0.0707298914285714,0.0536999571428571,0.0332268,0.0266339285714286,0.00916619657142857,0.0875019603729604,0.0826908314685315,0.0787949552447552,0.0707312202797203,0.0535924226107226,0.0331709811188811,0.0265768076923077,0.00913128447552448
3615.85,0.0870098,0.082163,0.0782417,0.0701903,0.0531576,0.0329768,0.0264441,0.0091208,,,0.0869999,0.0821630685714286,0.0782322885714285,0.0701877371428571,0.0531418114285714,0.0329699428571428,0.0264424371428571,0.00912771885714285,0.0867623391608391,0.0819479585081585,0.0780210146853147,0.0700121307692308,0.0529184564102564,0.0328491787878788,0.0263194291375291,0.00912922748251748
3616.81,0.0863137,0.0814966,0.077523,0.0695153,0.0524007,0.0326054,0.026149,0.00909026,,,0.0862656571428571,0.08145916,0.0774804257142857,0.0694868342857143,0.0523751742857143,0.0325936828571428,0.0261347971428571,0.009087002,0.0860099850815851,0.0811586981351981,0.0772482489510489,0.0692508755244755,0.0522533526806527,0.032504382983683,0.0260266333333333,0.00907714587412587
3617.78,0.0852362,0.0804521,0.0764686,0.0685495,0.0514743,0.0321133,0.0257081,0.00901694,,,0.0852365085714285,0.0804260171428571,0.0764654028571428,0.0685372257142857,0.0514889828571428,0.0321204485714286,0.0257052628571428,0.00901207828571428,0.0852463867132867,0.0803576368298368,0.0764908195804196,0.0684660009324009,0.0516169344988345,0.0321159184149184,0.0257006470862471,0.00897735979020979
3618.74,0.0841718,0.0792529,0.0754303,0.0674795,0.0507203,0.031637,0.025247,0.00888538,,,0.0842282257142857,0.0792988514285714,0.0754832457142857,0.0675043057142857,0.0507553742857143,0.0316452028571428,0.0252632,0.00888652342857143,0.0844638825174825,0.0795501482517482,0.075736186013986,0.0676733149184149,0.0510116972027972,0.0316909242424242,0.025359220979021,0.00886054515151515
3619.71,0.0835114,0.0784267,0.0747972,0.0666351,0.0503093,0.0312296,0.0249244,0.00873684,,,0.0835076114285714,0.0784598542857143,0.0748028142857143,0.0666554142857143,0.0503057771428571,0.0312241914285714,0.0249288571428571,0.00873555342857143,0.0836797948717949,0.0787455876456876,0.074984806060606,0.0668910414918415,0.0504449594405594,0.0312671009324009,0.0250315825174825,0.00874948172494172
3620.67,0.0829876,0.0779651,0.0743407,0.0660567,0.0500027,0.0308485,0.02471,0.00859924,,,0.0829642685714285,0.0779436542857143,0.0743153028571428,0.0660546857142857,0.04999046,0.0308489542857143,0.0247062885714286,0.008601964,0.0829312976689977,0.0779715529137529,0.0742584934731935,0.0661343144522144,0.0499190794871795,0.0308819801864802,0.0247376337995338,0.00864665596736597
3621.63,0.0823772,0.0774729,0.0737667,0.0655477,0.049603,0.0305142,0.0245215,0.00851551,,,0.08237672,0.0774508457142857,0.07375842,0.0655347142857143,0.0495961514285714,0.0305171142857143,0.0245191171428571,0.00852081828571429,0.0822636706293706,0.0772743995337995,0.0735929988344988,0.0654283004662005,0.0494229944055944,0.0305556997668998,0.0244869447552448,0.00855772783216783
3622.6,0.0817292,0.0768051,0.0730774,0.064935,0.0490555,0.0302419,0.0243199,0.0084968,,,0.0817330057142857,0.0768036085714286,0.0730803314285714,0.0649251,0.0490502885714286,0.0302446942857143,0.0243183571428571,0.00849497514285714,0.0816939375291375,0.0766803104895105,0.0730093230769231,0.0647907144522144,0.0489302020979021,0.0302808641025641,0.0242749265734266,0.0084924637995338
3623.56,0.0810982,0.076074,0.0723716,0.064197,0.0483854,0.0300128,0.024094,0.00849233,,,0.0810972314285714,0.0760829657142857,0.0723736314285714,0.0641971971428571,0.0483848857142857,0.0300131514285714,0.0240936571428571,0.00848776742857143,0.0811973305361305,0.0761599757575758,0.0724965181818182,0.0642056841491842,0.0484117892773893,0.0300296892773893,0.0240836121212121,0.00845768333333333
3624.53,0.0804944,0.0754093,0.0717139,0.0634276,0.0476787,0.0297755,0.0238506,0.00847261,,,0.0804968514285714,0.0754169028571428,0.0717181428571428,0.06343546,0.0476838771428571,0.0297722171428571,0.0238500257142857,0.00847276085714285,0.0806756599067599,0.0756018083916084,0.0719374862470862,0.0635694090909091,0.0478129424242424,0.0297496990675991,0.023875275990676,0.0084687375990676
3625.49,0.0799393,0.0748361,0.0711452,0.0627184,0.0470274,0.0294745,0.0236005,0.00846138,,,0.0799559371428571,0.0748451428571428,0.0711666285714286,0.0627341285714285,0.0470424257142857,0.0294750314285714,0.0236038771428571,0.00846117257142857,0.0799956967365967,0.0748958312354312,0.0711965682983683,0.0627722074592075,0.04709318997669,0.029390351981352,0.0236116067599068,0.00850797296037296
3626.46,0.0794258,0.0742908,0.0706569,0.0620693,0.0464631,0.0290926,0.0233612,0.00848062,,,0.0794514885714286,0.07430544,0.07068306,0.0620836571428571,0.0464773971428571,0.0290965171428571,0.0233707057142857,0.00848519285714285,0.0791652018648019,0.0740801048951049,0.0703354041958042,0.0618659223776224,0.0463197291375291,0.0289587198135198,0.0233109920745921,0.00853873902097902
3627.42,0.0787527,0.0736043,0.0699904,0.0612967,0.0458421,0.0286064,0.0231108,0.00855473,,,0.0786796371428571,0.0735523057142857,0.0698901228571428,0.0612298942857143,0.0457837628571428,0.0285802057142857,0.0230910685714286,0.008570648,0.0782456365967366,0.0732200743589744,0.069448648018648,0.0609448657342657,0.0455717764568764,0.0284897484848485,0.0230073986013986,0.00854927874125874
3628.38,0.0774191,0.0724367,0.0685819,0.0600495,0.0448539,0.0279468,0.0227165,0.00865476,,,0.0773537257142857,0.0723908514285714,0.0685342257142857,0.0600231342857143,0.0448348457142857,0.0279443485714286,0.0226990828571428,0.00862707171428571,0.0772933986013986,0.0723487764568765,0.0685843741258741,0.0600651841491841,0.0448902491841492,0.0280242627039627,0.022720331002331,0.00854043181818182
3629.35,0.0757765,0.0710547,0.0670375,0.058756,0.0438686,0.0273503,0.0222757,0.00856605,,,0.0759113885714286,0.0711514457142857,0.0672034514285714,0.0588611885714286,0.0439586771428571,0.0273924114285714,0.0223177685714286,0.00856214485714286,0.0763268153846154,0.0714683445221445,0.0677346776223776,0.059228055011655,0.0442663834498834,0.0275933694638695,0.022447524009324,0.00850323006993007
3630.31,0.0749391,0.0702599,0.0665195,0.0581521,0.0434786,0.027082,0.022089,0.00839697,,,0.0749405314285714,0.0702619142857143,0.0664989628571428,0.0581392771428571,0.0434640542857143,0.0270749542857143,0.0220860857142857,0.00841622571428571,0.0753407571095571,0.0705704398601398,0.066876713986014,0.0584133044289044,0.043670631002331,0.0272082254079254,0.0221750578088578,0.00842936941724942
3631.28,0.0744474,0.0697252,0.0662541,0.0577465,0.0432254,0.0269157,0.0219662,0.00830145,,,0.0744189428571428,0.0697061542857143,0.0662131628571428,0.0577244714285714,0.0432053428571428,0.02690844,0.0219545514285714,0.00829819971428571,0.0743710363636364,0.0696767780885781,0.0660393501165501,0.0576340820512821,0.0431012713286713,0.0268692258741259,0.0218989167832168,0.0083274365034965
3632.24,0.0738252,0.0691,0.0657071,0.0571975,0.0428202,0.0267074,0.0217511,0.00820877,,,0.0737970942857143,0.06908056,0.0656783857142857,0.0571783085714286,0.0428041971428571,0.0267007228571428,0.0217430085714286,0.00819987714285714,0.0734968009324009,0.0688408324009324,0.0652973095571095,0.0569292041958042,0.0425830505827506,0.0265746648018648,0.0216314125874126,0.00821508615384615
3633.2,0.0729283,0.0682559,0.0648219,0.0564204,0.0422082,0.0263978,0.0214234,0.00808613,,,0.0729190685714285,0.0682440457142857,0.0648208028571428,0.05641518,0.0422051057142857,0.02639144,0.0214212571428571,0.00809020914285714,0.0727694876456876,0.0680994407925408,0.0646859515151515,0.0563009242424242,0.0421147855477855,0.0263073508158508,0.021380296969697,0.00811348032634033
3634.17,0.0719404,0.0672913,0.0638769,0.0555544,0.0415213,0.0260055,0.0210572,0.00800448,,,0.07196836,0.0673085628571428,0.0639078857142857,0.05557564,0.04153948,0.0260107885714286,0.0210663457142857,0.00801221914285714,0.0720933876456876,0.0673832331002331,0.0640780512820513,0.0556485083916084,0.0416081655011655,0.0260113076923077,0.0211113622377622,0.00803975181818182
3635.13,0.0711529,0.0664429,0.0631633,0.0547996,0.0409275,0.0256233,0.0207516,0.00798718,,,0.0711660657142857,0.0664573771428571,0.0631736114285714,0.0548059771428571,0.0409327714285714,0.02562954,0.0207577114285714,0.00798496342857143,0.0713302997668998,0.0665892657342657,0.063351665034965,0.0548926445221445,0.0410001564102564,0.0256572603729604,0.020793937995338,0.00797543801864802
3636.1,0.070531,0.065746,0.0626108,0.0541083,0.0403827,0.0252823,0.020499,0.0079673,,,0.0705245542857143,0.0657450142857143,0.0626013885714286,0.0540976714285714,0.0403734342857143,0.0252796,0.0204933685714286,0.00796183057142857,0.0705247212121212,0.0657536902097902,0.0626015596736597,0.0540971375291375,0.0403579095571096,0.0252910202797203,0.0204707505827506,0.0079129351981352
3637.06,0.0698863,0.065067,0.0620288,0.0533584,0.0397813,0.0249408,0.0202205,0.00790377,,,0.0698709742857143,0.0650515285714285,0.0620151285714286,0.0533522285714286,0.0397734828571428,0.0249335314285714,0.0202102571428571,0.007899654,0.0697418687645688,0.06494598997669,0.0619039286713287,0.0533110037296037,0.0397366983682984,0.0249520827505828,0.0201866599067599,0.0078750768997669
3638.03,0.0691056,0.0642838,0.0613365,0.0525518,0.0391258,0.0245886,0.0199029,0.00781933,,,0.0690988628571428,0.0642737885714286,0.0613349228571429,0.0525580142857143,0.0391312257142857,0.0245942057142857,0.0199079914285714,0.00782241914285714,0.0690007808857809,0.0642089277389277,0.0612629610722611,0.052539696969697,0.0391463941724942,0.0246418358974359,0.0199509254079254,0.00786928121212121
3638.99,0.0682545,0.0634548,0.0606126,0.0517624,0.0385099,0.0243003,0.0196525,0.00778474,,,0.0682634657142857,0.0634655914285714,0.06062076,0.0517653314285714,0.0385180428571429,0.0243115885714286,0.0196647571428571,0.00779227085714286,0.0682769083916084,0.063534420979021,0.0606382284382284,0.0517633331002331,0.0385615016317016,0.0243378470862471,0.0197399177156177,0.0078694741025641
3639.95,0.0674772,0.0627552,0.0599542,0.0509916,0.037964,0.0240851,0.0195162,0.00783472,,,0.0674851542857143,0.0627705685714286,0.0599580742857143,0.0509873742857143,0.0379634257142857,0.0240807371428571,0.0195173485714286,0.007840276,0.0675617755244755,0.062899972027972,0.0600145617715618,0.050981082983683,0.0379670065268065,0.0240318412587413,0.0195306498834499,0.00785294414918415
3640.92,0.0668133,0.0622343,0.0593632,0.0502066,0.0374235,0.0238205,0.0193979,0.00791613,,,0.0668089285714286,0.0622328771428571,0.0593582714285714,0.0502023057142857,0.0374156057142857,0.0238039057142857,0.0193875371428571,0.00790944685714286,0.0669047298368298,0.0623169431235431,0.059430713986014,0.0502362361305361,0.0373913041958042,0.023743782983683,0.0193274048951049,0.00782368939393939
3641.88,0.0662096,0.0617621,0.0587963,0.0494239,0.0368305,0.0234349,0.0191881,0.00791101,,,0.0662074485714286,0.0617506914285714,0.0587965057142857,0.0494279114285714,0.0368265742857143,0.0234350457142857,0.0191806771428571,0.00789574771428571,0.0663491268065268,0.0617948941724942,0.0589065825174825,0.0495601445221445,0.0368677382284382,0.0234877468531469,0.019146106993007,0.00779881221445221
3642.85,0.0656639,0.0612252,0.0582677,0.0487101,0.0362192,0.0230503,0.0188982,0.00777937,,,0.0656781457142857,0.0612316457142857,0.0582816028571428,0.0487229742857143,0.0362286714285714,0.0230695257142857,0.0189049285714286,0.00778173828571428,0.0658233895104895,0.0612546736596737,0.0583641909090909,0.0488798216783217,0.0363509876456876,0.0232094097902098,0.0189606403263403,0.00779299909090909
3643.81,0.0651991,0.0606433,0.0577892,0.048085,0.0356696,0.022787,0.0186262,0.00765928,,,0.0652138,0.0606575028571429,0.0577979771428571,0.0480973771428571,0.03568466,0.0227988714285714,0.0186375314285714,0.00767161342857143,0.065164934032634,0.0605586251748252,0.057696189044289,0.0480639214452214,0.0357230648018648,0.0228201685314685,0.0186932328671329,0.00779546655011655
3644.78,0.0646719,0.0599609,0.0572104,0.0474182,0.0351512,0.022541,0.0183916,0.00766118,,,0.0646667057142857,0.0599556542857143,0.0571954428571428,0.0474142314285714,0.0351564885714286,0.0225335085714286,0.0183973,0.00766874342857143,0.0642924666666667,0.0596506706293706,0.0568828242424242,0.0470809997668998,0.0349399193473193,0.0223082846153846,0.018306303030303,0.00777622121212121
3645.74,0.0637675,0.0589568,0.0562785,0.0464349,0.0344578,0.0220698,0.0180817,0.00775162,,,0.0637083742857143,0.0589058771428571,0.0562292057142857,0.04637832,0.0344148657142857,0.0220279285714286,0.0180594571428571,0.00775413657142857,0.063224431002331,0.0585575200466201,0.0559365487179487,0.0459655272727273,0.0340501459207459,0.0217249221445221,0.0178325144522145,0.00771779883449883
3646.7,0.0622317,0.057471,0.0549152,0.0449066,0.0333215,0.0212183,0.0175173,0.00780891,,,0.0622033542857143,0.0574584514285714,0.05492354,0.0448848628571428,0.0332838714285714,0.02120702,0.0174895285714286,0.00779334857142857,0.0620504160839161,0.0573871249417249,0.0549076918414918,0.0447794965034965,0.0331329811188811,0.0211395981351981,0.0173469993006993,0.00763048557109557
3647.67,0.0605001,0.0559376,0.0536173,0.0432649,0.0319753,0.0203199,0.0167787,0.007682,,,0.0605686457142857,0.0559967171428571,0.05367418,0.04333594,0.0320292485714286,0.0203657057142857,0.0168018171428571,0.00766785628571428,0.0608925414918415,0.0562856289044289,0.0539046156177156,0.0436234990675991,0.0322665123543123,0.0206056407925408,0.0169176006993007,0.00753055529137529
3648.63,0.059339,0.0549371,0.0527843,0.042195,0.0310912,0.0198396,0.0162702,0.00740139,,,0.05935106,0.05493086,0.0527535457142857,0.0421949057142857,0.0311172485714286,0.0198456085714286,0.0162893057142857,0.00740655771428571,0.0598599575757576,0.0553590515151515,0.0530362843822844,0.0426053412587413,0.031519844055944,0.0201681780885781,0.0165850752913753,0.00742332177156177
3649.6,0.058715,0.0543603,0.0521521,0.0415533,0.0307118,0.019708,0.0161264,0.00716259,,,0.05871926,0.0543739628571428,0.05215888,0.0415463314285714,0.0307034171428571,0.0197113342857143,0.0161382971428571,0.00717712114285714,0.0590404074592075,0.0546696296037296,0.0523842431235431,0.0418140354312354,0.0309508988344988,0.0198788125874126,0.0163748090909091,0.00731949955710956
3650.56,0.058454,0.0541708,0.0518154,0.0411973,0.0305758,0.0197856,0.016259,0.00710082,,,0.0584594,0.0541851657142857,0.0518492914285714,0.0412159257142857,0.03057352,0.0197806028571429,0.0162541485714286,0.00710673685714286,0.0584770277389277,0.0542302976689977,0.0519687438228438,0.0412892738927739,0.0305893090909091,0.0197631734265734,0.0162924079254079,0.00723956076923077
3651.53,0.0583322,0.0541728,0.0517898,0.0410658,0.0305197,0.019894,0.0164409,0.00718177,,,0.0583142514285714,0.0541485685714286,0.0517718771428571,0.0410558571428571,0.0305171457142857,0.0198860714285714,0.0164304428571429,0.00717954314285714,0.0581120081585082,0.0539619517482518,0.0517017083916084,0.0409587314685315,0.0303906195804196,0.019767455011655,0.0162954974358974,0.00720725193473193
3652.49,0.0580628,0.0540029,0.0516955,0.0408803,0.0304066,0.0199131,0.0165016,0.0073021,,,0.0580524285714286,0.0539912685714286,0.05168128,0.0408696371428571,0.0304005057142857,0.0199132885714286,0.0164975285714286,0.00729770714285714,0.0577880545454545,0.0537122517482518,0.0514358146853147,0.0406359538461538,0.0302156284382284,0.0197651881118881,0.0162945773892774,0.00723885624708625
3653.45,0.0575684,0.0535804,0.0513618,0.0404783,0.0301294,0.0198153,0.0163926,0.00738445,,,0.05756576,0.05357764,0.05135442,0.0404738857142857,0.0301238714285714,0.0198125228571429,0.0163879114285714,0.00737842428571429,0.0573860983682984,0.0533823526806527,0.0511084484848485,0.0401964692307692,0.0299376228438228,0.0196731165501166,0.0162163233100233,0.00731205347319347
3654.42,0.0568926,0.0529603,0.0507839,0.0398217,0.0296521,0.0195708,0.0161129,0.00740271,,,0.0568801714285714,0.0529481628571428,0.0507656,0.0397995171428571,0.0296388228571428,0.0195556371428571,0.0160994771428571,0.00740363657142857,0.056888303962704,0.05295602004662,0.0507183258741259,0.0396507787878788,0.0295399370629371,0.019495493006993,0.0160520244755245,0.00738113911421911
3655.38,0.0561098,0.0522298,0.0500431,0.0389239,0.0290032,0.0191822,0.0157162,0.00740107,,,0.0561223142857143,0.0522452285714286,0.0500614771428571,0.0389203257142857,0.0290029,0.0191846342857143,0.0157227142857143,0.00740744285714286,0.0562813906759907,0.0524082540792541,0.0502144780885781,0.0390225741258741,0.0290558053613054,0.0192539006993007,0.0158349023310023,0.00741678286713287
3656.35,0.0554394,0.0516177,0.0494342,0.0380571,0.0283661,0.018829,0.0154128,0.00741291,,,0.0554737371428571,0.0516484371428571,0.0494716828571428,0.0381039685714286,0.0283929885714286,0.0188555371428571,0.0154385914285714,0.00740889942857143,0.0555740522144522,0.0517515568764569,0.0495908794871795,0.0383422573426573,0.02852927995338,0.0189778685314685,0.0156134438228438,0.0074172713053613
3657.31,0.0549548,0.0511728,0.0490376,0.0375352,0.0279277,0.0186623,0.015337,0.00739726,,,0.0549346057142857,0.05115228,0.0490114828571428,0.0375341542857143,0.0279250342857143,0.0186579114285714,0.0153331771428571,0.00739635742857143,0.0548322916083916,0.0510609871794872,0.0489401757575758,0.0376707925407925,0.0280136736596737,0.0187037582750583,0.0154209361305361,0.00739391564102564
3658.27,0.0543288,0.0505853,0.0484964,0.0371253,0.0275612,0.0185236,0.0153222,0.00735994,,,0.0542958342857143,0.0505568428571428,0.0484655514285714,0.0371034514285714,0.0275490971428571,0.01850902,0.0153135685714286,0.007362196,0.0541339988344988,0.0504120121212121,0.0483537608391608,0.0370523571095571,0.027548634965035,0.0184635920745921,0.0152664396270396,0.0073562834032634
3659.24,0.0534698,0.0497848,0.0477584,0.0366067,0.0271709,0.0183056,0.0152464,0.0073173,,,0.0534727228571428,0.0497873971428571,0.0477694657142857,0.0366022,0.0271737885714286,0.0183033714285714,0.0152419771428571,0.00731619,0.0535137799533799,0.0498283382284382,0.0478497153846154,0.0364957193473193,0.0271461020979021,0.0182706344988345,0.0151404083916084,0.00730688585081585
3660.2,0.0526708,0.0490329,0.0471313,0.0360136,0.0268023,0.0180711,0.0150883,0.00725937,,,0.0527055057142857,0.0490649485714286,0.0471673857142857,0.0360211428571428,0.0268071942857143,0.0180817714285714,0.0150870314285714,0.00725859085714286,0.052939951981352,0.049268472027972,0.0473679703962704,0.0359773622377622,0.0267944568764569,0.0181102993006993,0.0150197020979021,0.00724772911421911
3661.17,0.0521907,0.0485609,0.0467937,0.0354327,0.0264672,0.0179089,0.0148782,0.00718913,,,0.0522071828571428,0.0485767571428571,0.04680072,0.0354345171428571,0.02646318,0.0179130314285714,0.0148792114285714,0.00718851028571428,0.0523572976689977,0.0486849990675991,0.0468447592074592,0.0354479923076923,0.026463103030303,0.0179488205128205,0.014877210955711,0.00718963694638695
3662.13,0.0518835,0.0482262,0.0465032,0.0348627,0.0261203,0.0177833,0.0146612,0.00711865,,,0.0518632114285714,0.0482017114285714,0.0464715285714286,0.0348589714285714,0.0261183285714286,0.0177762457142857,0.0146619885714286,0.007118116,0.0517683212121212,0.0480994149184149,0.0463008058275058,0.0348828568764569,0.026131189044289,0.0177708547785548,0.0147101377622378,0.00714435470862471
3663.1,0.0514109,0.0477012,0.0459355,0.0342811,0.0257632,0.0176104,0.0144706,0.00706723,,,0.0513836257142857,0.0476746114285714,0.0459112257142857,0.0342812457142857,0.0257670914285714,0.0176070314285714,0.0144738657142857,0.00707157057142857,0.051220786946387,0.0475631951048951,0.045796448018648,0.0343184254079254,0.0258082235431235,0.0175922848484848,0.0145416869463869,0.00710947813519814
3664.06,0.0506713,0.046944,0.0451358,0.0337089,0.0254205,0.0173886,0.0143305,0.0070604,,,0.0506773428571429,0.0469608,0.0451589257142857,0.0337135971428571,0.0254232514285714,0.0173926285714286,0.0143353771428571,0.007063388,0.0506887013986014,0.0470378048951049,0.045295189044289,0.0337714538461538,0.0254800331002331,0.0174059673659674,0.0143775648018648,0.00707753344988345
3665.02,0.0498813,0.0462229,0.0444325,0.0331654,0.0250714,0.0171556,0.0142269,0.00707305,,,0.0499088314285714,0.0462529771428571,0.0444655685714286,0.0331691971428571,0.0250730457142857,0.0171595,0.0142260771428571,0.00706890314285714,0.0500378144522144,0.0463750221445221,0.0446473452214452,0.033198137995338,0.0250762629370629,0.0171619326340326,0.0141984023310023,0.00704291822843823
3665.99,0.049187,0.0456102,0.0438842,0.0326151,0.024663,0.0169021,0.0140889,0.00704521,,,0.0491955371428571,0.0456090857142857,0.0438818171428571,0.0326155371428571,0.0246653142857143,0.0169023657142857,0.01408308,0.00704151057142857,0.0491392892773893,0.0454618596736597,0.0437391398601399,0.0325306235431235,0.0245253657342657,0.0168203951048951,0.013980496037296,0.00699707967365967
3666.95,0.0484133,0.0448273,0.0431637,0.0319782,0.0241232,0.0165733,0.0138552,0.00696529,,,0.0483920342857143,0.0447964685714286,0.0431314714285714,0.03197172,0.0241142514285714,0.0165651485714286,0.0138499714285714,0.006965824,0.0480495011655012,0.0443888230769231,0.0426696186480186,0.0317726482517483,0.0238572613053613,0.0164197051282051,0.0137371806526807,0.00693570603729604
3667.92,0.0472855,0.0436086,0.0419716,0.0311698,0.0233529,0.0161113,0.0135324,0.00686486,,,0.0472398485714286,0.0435601371428571,0.0419196228571428,0.03115018,0.0233218028571429,0.0160929142857143,0.0135259971428571,0.00686621857142857,0.0469330459207459,0.043320234965035,0.0416131564102564,0.0309901284382284,0.0231579708624709,0.0160280522144522,0.0135033118881119,0.00686206261072261
3668.88,0.045777,0.0420482,0.0403845,0.0301806,0.0223574,0.0155533,0.0131881,0.00676926,,,0.04576404,0.0420597885714286,0.0403877485714286,0.03016632,0.0223512714285714,0.0155572771428571,0.0131891371428571,0.00676712142857143,0.0459116342657343,0.0423485358974359,0.0406692932400932,0.0302498734265734,0.0225079776223776,0.0156939762237762,0.0133066503496503,0.00677971643356643
3669.85,0.0443938,0.0408056,0.0390854,0.0292302,0.0215048,0.015151,0.0129646,0.00668798,,,0.0444776114285714,0.0409000057142857,0.0391888828571428,0.0292733571428571,0.0215667885714286,0.0151886542857143,0.0129893542857143,0.00669084028571428,0.0450483344988345,0.0414979060606061,0.0398777219114219,0.0296067454545454,0.0219734554778555,0.0154525396270396,0.0131683083916084,0.00669862594405594
3670.81,0.0437931,0.0404051,0.0387194,0.0287048,0.0212347,0.0151097,0.0129921,0.00665546,,,0.0438136714285714,0.0403985857142857,0.0387223485714286,0.0287252942857143,0.0212426457142857,0.01510766,0.0129932828571429,0.00665784714285714,0.044322165967366,0.0407419675990676,0.0391856016317016,0.0290347958041958,0.021548644988345,0.015288134032634,0.0130957552447552,0.00667319967365967
3671.77,0.0436543,0.0402696,0.0387243,0.0284871,0.0212635,0.0151954,0.013112,0.00667277,,,0.0436276857142857,0.0402362657142857,0.0386920371428571,0.0284745171428571,0.0212440257142857,0.0151846428571429,0.0131002571428571,0.00666625314285714,0.0436025477855478,0.040037372960373,0.0384901543123543,0.0284342990675991,0.021169224009324,0.0151148090909091,0.0130559762237762,0.0067332006993007
3672.74,0.0434168,0.039898,0.0385035,0.0282207,0.0212149,0.0151979,0.0131519,0.00671313,,,0.0434221057142857,0.0398936285714286,0.0385060371428571,0.02822268,0.0212151228571429,0.01520558,0.0131512485714286,0.00671029114285714,0.0428608536130536,0.0393757706293706,0.0378127846153846,0.0278206834498834,0.0208418571095571,0.0149183895104895,0.0130101731934732,0.006820852004662
3673.7,0.0428305,0.0391781,0.0378368,0.027696,0.0209398,0.0150325,0.0130764,0.00682579,,,0.0427803914285714,0.0391382514285714,0.0377578057142857,0.0276418371428571,0.0208980742857143,0.0150020457142857,0.0130733828571429,0.00686412742857143,0.0420711682983683,0.038685327972028,0.0371153979020979,0.0272248265734266,0.0205581076923077,0.0147022421911422,0.0129260794871795,0.00688967123543123
3674.67,0.0415834,0.0380487,0.0364744,0.0266803,0.0202865,0.0145249,0.0128577,0.00709312,,,0.0415004714285714,0.0380364771428571,0.0364425228571428,0.0266416857142857,0.02026508,0.01448278,0.0128393742857143,0.00707570028571428,0.0412098286713287,0.0379065235431235,0.0363453543123543,0.0266405088578089,0.0202705601398601,0.0144533053613054,0.0127767426573427,0.00691993396270396
3675.63,0.0399481,0.0369135,0.0350881,0.0255728,0.0195901,0.0138561,0.0125032,0.00715022,,,0.04007026,0.0369718885714286,0.0352257828571428,0.0256869628571429,0.01967122,0.0139369457142857,0.0125197342857143,0.00709662885714285,0.0404223293706294,0.0372068622377622,0.0356773645687646,0.0260653426573427,0.019963948951049,0.0141870184149184,0.0125621568764569,0.00690428344988345
3676.6,0.0391647,0.0363188,0.0347216,0.0252232,0.0194356,0.0136985,0.0122341,0.00683542,,,0.0391498457142857,0.0362832542857143,0.0346594657142857,0.0252046857142857,0.0194177114285714,0.0136939314285714,0.0122412742857143,0.00687125714285714,0.0399587990675991,0.0368697902097902,0.0354177265734266,0.0255628517482517,0.019700558974359,0.0139719452214452,0.0123329850815851,0.00684577592074592
3677.56,0.0390481,0.0361297,0.0348123,0.0251493,0.0194616,0.0137813,0.0120787,0.00661228,,,0.03905542,0.0361540171428571,0.0348206828571428,0.0251295342857143,0.0194537142857143,0.0137657771428571,0.01207414,0.00662309028571428,0.0398659263403263,0.0369211324009324,0.0355971554778555,0.0251979219114219,0.0195242491841492,0.0138559806526806,0.0121433484848485,0.00675225477855478
3678.52,0.0395865,0.036626,0.0355225,0.0250849,0.0195154,0.013887,0.0119816,0.00652626,,,0.0396801428571429,0.0367353628571429,0.0356454057142857,0.0250866742857143,0.01952128,0.0138882771428571,0.0119807942857143,0.00652346914285714,0.0399649300699301,0.0371345671328671,0.0359694044289044,0.0249727046620047,0.0194236568764569,0.0138340191142191,0.0120183370629371,0.00662819545454545
3679.49,0.0406827,0.0378038,0.0369167,0.0249944,0.0195363,0.0139792,0.0119406,0.0064967,,,0.0406555371428571,0.0377790457142857,0.0368938057142857,0.0249974428571429,0.0195286457142857,0.0139829114285714,0.0119465057142857,0.00649421171428571,0.0400466965034965,0.0372598149184149,0.0362602407925408,0.0248382738927739,0.0193568801864802,0.0138632207459207,0.0119609186480186,0.00649609144522144
3680.45,0.041147,0.0383833,0.0376255,0.0248215,0.019395,0.0140066,0.0119629,0.0064755,,,0.0410179571428571,0.0382435942857143,0.0374662771428571,0.02481184,0.0193826485714286,0.01399952,0.0119623428571429,0.00647355514285714,0.0399160482517483,0.037113951981352,0.0362289993006993,0.0246786624708625,0.0192382118881119,0.0138597179487179,0.01195057995338,0.00642081372960373
3681.42,0.0401066,0.0373735,0.0365466,0.0244744,0.0190515,0.0138746,0.0119868,0.00644359,,,0.0400634685714286,0.0373255942857143,0.0364939457142857,0.0244623828571429,0.0190480542857143,0.0138615285714286,0.0119811257142857,0.00643932485714286,0.0393925757575758,0.0365887097902098,0.035721465967366,0.0243939818181818,0.0190027906759907,0.0137505305361305,0.011945437995338,0.00642175778554779
3682.38,0.0381942,0.0354133,0.0344353,0.023974,0.0186099,0.0135712,0.0119571,0.00640459,,,0.03825954,0.0354823942857143,0.0345202342857143,0.02398102,0.0186192085714286,0.0135699742857143,0.0119565,0.00640703114285714,0.0384985461538462,0.0356882065268065,0.0347913289044289,0.0240386587412587,0.0186971083916084,0.013583158974359,0.0119289151515151,0.00645416787878788
3683.34,0.0365457,0.0337005,0.0326612,0.0234814,0.0182145,0.0132369,0.0118848,0.00641188,,,0.03661164,0.0337696285714286,0.0327373914285714,0.0234953971428571,0.0182237057142857,0.0132507171428571,0.0118862057142857,0.00641984885714286,0.0373159666666667,0.0344580461538462,0.0335147121212121,0.0236382079254079,0.0183470536130536,0.0133922706293706,0.0118867813519813,0.00649237372960373
3684.31,0.0355347,0.0326268,0.031603,0.0230758,0.017901,0.0130265,0.0117879,0.00649036,,,0.0355230514285714,0.0326109514285714,0.0315783228571429,0.0230770342857143,0.0179000657142857,0.0130371542857143,0.0117887228571429,0.006492052,0.0359503006993007,0.0330210883449883,0.0320238312354312,0.0231376228438228,0.0179380324009324,0.0131578918414918,0.0117870142191142,0.00649474857808858
3685.27,0.0347655,0.0317774,0.0307505,0.0226731,0.0175977,0.0129336,0.011668,0.00657196,,,0.0347549485714286,0.0317622885714286,0.0307352857142857,0.0226772228571429,0.0175999028571429,0.0129360085714286,0.0116719257142857,0.00657112342857143,0.0346227149184149,0.0316504902097902,0.0306011062937063,0.0225289,0.0174942941724942,0.0128925207459207,0.0116320293706294,0.00646341575757576
3686.24,0.0339783,0.0309224,0.0298814,0.0221748,0.0172438,0.0128275,0.0115171,0.00656887,,,0.0339726342857143,0.0309187742857143,0.02988344,0.02216034,0.0172326228571429,0.0128121657142857,0.0115094714285714,0.00655479571428571,0.0335271811188811,0.0305692186480186,0.0294716876456876,0.0218805174825175,0.0170649925407925,0.0126392615384615,0.0114476088578089,0.00642910079254079
3687.2,0.0330364,0.0300082,0.0289509,0.0214343,0.0167528,0.0125494,0.0112814,0.00640304,,,0.0329740342857143,0.0299626942857143,0.0288968914285714,0.0213832314285714,0.0167223371428571,0.0125186371428571,0.01126676,0.00638184371428571,0.0326939018648019,0.0297909470862471,0.028647051981352,0.0212555004662005,0.01667457995338,0.0124118834498834,0.0112492233100233,0.00638767377622378
3688.17,0.0318692,0.0290235,0.0278904,0.0204737,0.0161686,0.0121194,0.0109961,0.00616062,,,0.03189212,0.0290492657142857,0.02790846,0.0205171828571429,0.0162040257142857,0.0121528542857143,0.0110205371428571,0.00620216485714285,0.0320903685314685,0.029250051981352,0.0280817857808858,0.0207047058275058,0.0163444207459207,0.0122161925407925,0.0110639403263403,0.00632757601398601
3689.13,0.0311337,0.0284879,0.0272614,0.0199109,0.0158905,0.0119165,0.0108672,0.00617505,,,0.0311924314285714,0.0285310742857143,0.0273081142857143,0.0199484,0.0159086457142857,0.0119295285714286,0.0108650057142857,0.006184062,0.0317248608391608,0.0289365440559441,0.0278000179487179,0.0202827745920746,0.0161060013986014,0.0120720034965035,0.0109264440559441,0.00626233174825175
3690.09,0.0312195,0.0286204,0.0274147,0.0198565,0.0159045,0.0119294,0.0108156,0.00629508,,,0.0312334028571429,0.0286235628571429,0.0274321514285714,0.0198369657142857,0.0158864142857143,0.0119084514285714,0.0108012514285714,0.00626005714285714,0.0316385741258741,0.0288881466200466,0.0278577195804196,0.0200383927738928,0.015984117016317,0.012010986013986,0.0108581869463869,0.00621867247086247
3691.06,0.031831,0.0291363,0.0281561,0.0199836,0.0159849,0.0119948,0.0107878,0.00626432,,,0.03181972,0.0291271371428571,0.0281573,0.01998342,0.0159889628571429,0.0120074771428571,0.0108051742857143,0.006270272,0.031824962004662,0.0291007666666667,0.0282361160839161,0.0199843715617716,0.0159757804195804,0.0120574636363636,0.0108597307692308,0.00621711622377622
3692.02,0.0325104,0.029714,0.0290878,0.0201932,0.016117,0.0121938,0.0108977,0.00623498,,,0.0324815657142857,0.0296941657142857,0.0290581685714286,0.0201923771428571,0.0161183714285714,0.0121991914285714,0.0109005885714286,0.00624826742857143,0.032217510955711,0.0295167815850816,0.02884667995338,0.0200889342657343,0.0160517291375291,0.0122081447552448,0.0109159335664336,0.00626188421911422
3692.99,0.0329315,0.0301388,0.029798,0.0203884,0.0162387,0.0124596,0.0110565,0.00628983,,,0.0329263485714286,0.0301371885714286,0.0297886142857143,0.0203839257142857,0.01623318,0.0124521257142857,0.0110475514285714,0.00628552371428571,0.0326772055944056,0.0300127599067599,0.0295317272727273,0.0202659641025641,0.0161549393939394,0.0124126694638695,0.0109960522144522,0.00632588072261072
3693.95,0.0331045,0.0304274,0.0302206,0.0204819,0.0162719,0.0126625,0.0111417,0.00635662,,,0.0331112542857143,0.0304371371428571,0.0302261885714286,0.0204756171428571,0.0162663628571429,0.0126576485714286,0.0111358457142857,0.00635461342857143,0.0329925885780886,0.0303960396270396,0.030058751981352,0.0203862955710956,0.0162102167832168,0.0125873365967366,0.0110629107226107,0.00636835433566433
3694.92,0.0330997,0.0306153,0.030399,0.0204386,0.0162029,0.01276,0.0111352,0.00641334,,,0.0331005057142857,0.0306182228571429,0.0304001571428571,0.0204364142857143,0.0162033371428571,0.0127602485714286,0.0111353542857143,0.00641576742857143,0.0330432431235431,0.0305473685314685,0.030278948018648,0.020398186013986,0.0161937988344988,0.0126986997668998,0.0111053494172494,0.00640234925407925
3695.88,0.0329086,0.0306244,0.0303114,0.0202967,0.0160826,0.0127662,0.0110872,0.00646139,,,0.0329010571428571,0.0306116628571429,0.0303005057142857,0.0203031628571429,0.0160896885714286,0.0127664742857143,0.01109284,0.00646012657142857,0.0328509717948718,0.0304671305361305,0.0301909044289044,0.0203143389277389,0.0161058832167832,0.0127407592074592,0.0111084307692308,0.00644360219114219
3696.84,0.0325133,0.0303425,0.0299225,0.0201199,0.0159568,0.0126923,0.0110461,0.00647385,,,0.0325082514285714,0.03032744,0.0299121885714286,0.0201202685714286,0.0159567571428571,0.0126896857142857,0.0110472742857143,0.00647086628571428,0.0324825090909091,0.030202220979021,0.0298609426573427,0.0201332095571096,0.0159386386946387,0.0126885494172494,0.011052889044289,0.00645899508158508
3697.81,0.0319839,0.029806,0.0293241,0.0198965,0.0157886,0.0125463,0.0109945,0.00643854,,,0.0319908342857143,0.02981104,0.0293338628571429,0.0198934142857143,0.0157820514285714,0.0125490685714286,0.0109902914285714,0.00644083714285714,0.0319961843822844,0.0298017219114219,0.0293629540792541,0.0198600594405594,0.0157189624708625,0.0125344428904429,0.0109591939393939,0.00641972009324009
3698.77,0.0314494,0.029227,0.0287283,0.0196105,0.0155416,0.0123667,0.0109013,0.00637809,,,0.0314580228571429,0.0292431742857143,0.0287447485714286,0.01961314,0.0155373485714286,0.0123714657142857,0.01089902,0.006380976,0.0314610916083916,0.0293220158508158,0.0287869013986014,0.0195460745920746,0.015498096969697,0.0123191603729604,0.0108707305361305,0.00633798398601399
3699.74,0.0309579,0.0287588,0.0282333,0.0192819,0.0152558,0.0121597,0.0107845,0.00628833,,,0.0309430628571429,0.0287550885714286,0.0282178885714286,0.0192698657142857,0.0152533485714286,0.0121462085714286,0.0107815685714286,0.00627910714285714,0.0309569641025641,0.0288376787878788,0.0282394778554779,0.0192503314685315,0.0153077946386946,0.0120997212121212,0.0108126018648019,0.00623980575757576
3700.7,0.0304569,0.028366,0.0277454,0.0188999,0.0150208,0.0118759,0.0106887,0.00613142,,,0.0304506085714286,0.0283578228571429,0.0277304342857143,0.0188953571428571,0.0150352771428571,0.0118667628571429,0.0106959342857143,0.00612528628571429,0.0305526314685315,0.0284367337995338,0.027820341958042,0.018997513986014,0.0151591778554779,0.0119197622377622,0.0107826540792541,0.00614848748251748
3701.67,0.030067,0.0280565,0.0273507,0.0185941,0.0149548,0.0116233,0.0106927,0.00597712,,,0.03009826,0.02807012,0.0273842657142857,0.0186268514285714,0.0149646142857143,0.0116509685714286,0.01070422,0.00599461085714286,0.0302760794871795,0.0281789181818182,0.027583606993007,0.0187847286713287,0.0150529321678322,0.0118002778554779,0.0107651855477855,0.00608100498834499
3702.63,0.0299822,0.0279336,0.0273099,0.0185471,0.0150071,0.0116165,0.0107909,0.00596675,,,0.0299836057142857,0.0279367457142857,0.0273173228571429,0.01854674,0.0149946885714286,0.0116219942857143,0.0107838285714286,0.005969858,0.0300967503496503,0.0280427342657343,0.0274994230769231,0.0186063920745921,0.0149797680652681,0.0117367678321678,0.0107510188811189,0.00604071407925408
3703.59,0.0300318,0.0279417,0.0274921,0.0185594,0.0150125,0.0117473,0.0108433,0.00603757,,,0.0300245914285714,0.0279468428571428,0.0274882171428571,0.0185410914285714,0.0150107857142857,0.0117383085714286,0.0108343771428571,0.00603151857142857,0.0299698013986014,0.0279585675990676,0.0274936958041958,0.018456189044289,0.0149224447552448,0.0117155615384615,0.0107405149184149,0.00602089976689977
3704.56,0.0300287,0.0279885,0.0276798,0.0184357,0.0149506,0.0118434,0.0107924,0.00609058,,,0.03002,0.0279854742857143,0.0276733028571429,0.0184294342857143,0.0149496828571429,0.0118361485714286,0.0107887057142857,0.006087562,0.0298774058275058,0.0278805692307692,0.0275161025641026,0.0183175447552448,0.0148649473193473,0.0117342034965035,0.0107338317016317,0.0060185265967366
3705.52,0.0298699,0.0279217,0.0277008,0.0181943,0.014821,0.0118374,0.0106848,0.00609738,,,0.02985586,0.02789932,0.0276800314285714,0.0181989457142857,0.0148144171428571,0.0118311685714286,0.0106891457142857,0.00609425914285714,0.0297827312354312,0.0277752561771562,0.0275190088578089,0.0181639011655012,0.0147948016317016,0.0117790013986014,0.0107235081585082,0.00603811463869464
3706.49,0.0295539,0.0276243,0.0274587,0.0179266,0.014634,0.0117465,0.0106102,0.00606478,,,0.0295661142857143,0.0276266228571429,0.0274616314285714,0.0179328142857143,0.01463742,0.0117526542857143,0.01061764,0.00606401542857143,0.0295962067599068,0.0275799578088578,0.027404120979021,0.0179625174825175,0.0146971351981352,0.0117837230769231,0.0106997013986014,0.00607433561771562
3707.45,0.029243,0.0272404,0.0270994,0.0176698,0.0144767,0.0116606,0.0106076,0.006036,,,0.0292644371428571,0.0272624542857143,0.0271210171428571,0.0176676828571429,0.0144874571428571,0.0116736628571429,0.0106099828571429,0.00603973971428571,0.0292589137529138,0.027248868997669,0.0270900074592075,0.0176827034965035,0.0145614848484848,0.0116730578088578,0.0106590020979021,0.0061069255011655
3708.41,0.028957,0.026887,0.0267346,0.0173886,0.0143963,0.0115978,0.0106292,0.00606318,,,0.0289360171428571,0.0268770914285714,0.0267248285714286,0.0173852228571429,0.0143989742857143,0.0115925628571429,0.0106247257142857,0.00607100142857143,0.0288202741258741,0.0268230382284382,0.0266326358974359,0.0173451909090909,0.0143913948717949,0.0114751307692308,0.0105959006060606,0.00612357454545454
3709.38,0.0284656,0.0264238,0.0262238,0.0170724,0.0143145,0.0114238,0.0105994,0.00615483,,,0.0284391742857143,0.02639956,0.0261949914285714,0.0170774314285714,0.0143050714285714,0.0113986942857143,0.0105984742857143,0.00615599228571428,0.0283548494172494,0.0263742034965035,0.0261410375291375,0.0170078305361305,0.0142031606060606,0.0112719326340326,0.0105081181585082,0.00612957242424242
3710.34,0.0277833,0.0258261,0.0255405,0.01675,0.0141218,0.0110654,0.0104948,0.00622821,,,0.0277989428571429,0.0258357428571429,0.0255453342857143,0.0167337314285714,0.01410692,0.0110560571428571,0.0104896228571429,0.00621613714285714,0.0278968011655012,0.0259462727272727,0.0256856151515152,0.0167133205128205,0.0140181286713287,0.01111448997669,0.0104001333100233,0.0061353986013986
3711.31,0.0272329,0.025352,0.0249943,0.0163915,0.0138187,0.0107423,0.0103028,0.00618702,,,0.02726602,0.0253871428571429,0.0250422314285714,0.0163936685714286,0.0138243142857143,0.0107848657142857,0.0102924722857143,0.00617819742857143,0.0274415785547786,0.0255426214452214,0.0252852536130536,0.0164852135198135,0.0138540913752914,0.0110134034965035,0.0102816741025641,0.00614103442890443
3712.27,0.0269547,0.0251471,0.0248384,0.0161568,0.0135793,0.0107832,0.0100712,0.00607581,,,0.0269489142857143,0.0251409285714286,0.0248366171428571,0.0161834314285714,0.0135965285714286,0.0107952085714286,0.010085282,0.00609047314285714,0.0269827132867133,0.0251458778554779,0.0249232648018648,0.0163343233100233,0.0137157242424242,0.0109584435897436,0.01016841,0.00613120137529138
3713.24,0.0267026,0.024947,0.0247668,0.0161805,0.0135122,0.0110202,0.00996829,0.00604206,,,0.02667812,0.0249200685714286,0.0247363028571429,0.0161759314285714,0.0135097142857143,0.0109960028571429,0.00997607628571428,0.00604789542857143,0.0265485846153846,0.0247611095571096,0.0245878932400932,0.0162553265734266,0.0136004058275058,0.0109452512820513,0.0100792041724942,0.00609326974358974
3714.2,0.026298,0.0245593,0.0244943,0.0162865,0.013525,0.0111453,0.00999807,0.00606218,,,0.0262921628571429,0.0245529742857143,0.0244873228571429,0.0162800714285714,0.0135248457142857,0.0111363857142857,0.00999642771428571,0.006055352,0.0261826002331002,0.0244229601398601,0.0242866291375291,0.0162251282051282,0.0135131307692308,0.0109764503496504,0.0100308540559441,0.00603558177156177
3715.16,0.0258479,0.0241058,0.0240915,0.016352,0.0135543,0.0111328,0.0100737,0.0060445,,,0.0258608428571429,0.0241184857142857,0.0240984942857143,0.0163472685714286,0.0135508714285714,0.0111340771428571,0.0100686591428571,0.00603721342857143,0.0258949939393939,0.0241593937062937,0.0240316044289044,0.0162245671328671,0.013470855011655,0.0110375727272727,0.010032854988345,0.00598625825174825
3716.13,0.0255274,0.0237821,0.0237104,0.0163292,0.0135385,0.011061,0.0101275,0.00597701,,,0.0255339057142857,0.0237884428571429,0.0237111371428571,0.0163232342857143,0.0135290628571429,0.0110640857142857,0.0101235768571429,0.00597845257142857,0.0256719564102564,0.0239707268065268,0.0238231501165501,0.0162470794871795,0.0134769648018648,0.0110837454545455,0.0100832358741259,0.00597041293706294
3717.09,0.0253606,0.0236358,0.0234214,0.0162255,0.013456,0.0109933,0.0101506,0.00593271,,,0.0253590657142857,0.0236392028571429,0.0234226857142857,0.0162242314285714,0.0134566942857143,0.0109952628571429,0.0101525285714286,0.00593827628571428,0.0255114130536131,0.0238466244755245,0.0236528107226107,0.0162606468531469,0.0134989501165501,0.0110720888111888,0.0101586976456876,0.00599509326340326
3718.06,0.0252957,0.0236405,0.0232863,0.0161179,0.0133953,0.0109571,0.0101799,0.00596777,,,0.0253035257142857,0.0236538457142857,0.02331018,0.0161299942857143,0.0134108228571429,0.0109628771428571,0.0101848628571429,0.00597067314285714,0.0253872142191142,0.0237451582750583,0.023492396037296,0.0162196407925408,0.0134891494172494,0.0110102808857809,0.01021385004662,0.0060497086946387
3719.02,0.0252988,0.0237301,0.0233519,0.0160982,0.0134368,0.0109569,0.0102298,0.00607342,,,0.0253051685714286,0.0237304085714286,0.0233618942857143,0.0161081085714286,0.0134409914285714,0.0109578942857143,0.0102305114285714,0.00607351685714286,0.0252277941724942,0.0235897104895105,0.0232925962703963,0.0161223738927739,0.0134328104895105,0.0109274156177156,0.0102211072727273,0.00611369179487179
3719.99,0.0252447,0.0236828,0.0233864,0.0161171,0.0134798,0.0109298,0.0102568,0.00620702,,,0.0252371057142857,0.0236662142857143,0.0233608228571429,0.0161059142857143,0.0134662057142857,0.0109207485714286,0.0102542371428571,0.00621120114285714,0.0249799363636364,0.0233299515151515,0.0230284004662005,0.0160018913752914,0.0133508060606061,0.0108353526806527,0.0101845013519814,0.00617032165501166
3720.95,0.0249339,0.0232732,0.0230414,0.0160097,0.0133747,0.0108013,0.0102091,0.0063248,,,0.0248972228571428,0.0232342342857143,0.0229949514285714,0.0159861285714286,0.0133563485714286,0.0107919314285714,0.0101995325714286,0.006319598,0.0246403431235431,0.0229614156177156,0.0227047473193473,0.0158913023310023,0.013271075990676,0.010735451981352,0.0101260531002331,0.00621659503496503
3721.91,0.0242555,0.0224694,0.0222669,0.0157416,0.0131305,0.0106025,0.0100648,0.00633421,,,0.0242498514285714,0.02247492,0.0222812657142857,0.0157523742857143,0.0131422514285714,0.0106119028571429,0.0100622148571429,0.00631640028571428,0.024244958041958,0.0225173317016317,0.0223309755244755,0.0157972545454545,0.0131970871794872,0.0106386657342657,0.0100682936596737,0.0062504765034965
3722.88,0.0235265,0.0216941,0.0215548,0.0155534,0.0129703,0.0104738,0.00991362,0.00620339,,,0.0235663828571429,0.0217375828571429,0.0216014885714286,0.0155771257142857,0.0129910857142857,0.0104803742857143,0.00992521542857143,0.00621123028571428,0.023819348018648,0.0220341568764569,0.0218964703962704,0.015706986013986,0.0131118116550117,0.0105640037296037,0.0100183151048951,0.0062531913053613
3723.84,0.0231298,0.0213056,0.0212294,0.01556,0.0129801,0.0104459,0.00987544,0.00610826,,,0.0231439257142857,0.0213123542857143,0.0212330342857143,0.0155561257142857,0.01297566,0.01044194,0.00988185828571428,0.00612670142857143,0.023381779020979,0.0215562351981352,0.021419203030303,0.0156189832167832,0.0130143734265734,0.0105193466200466,0.00997374023310023,0.00621064046620047
3724.81,0.022983,0.0211549,0.0210703,0.0155995,0.0130034,0.0104728,0.00993486,0.00613327,,,0.0229768457142857,0.0211462514285714,0.02105254,0.0155864885714286,0.0129902428571429,0.0104787142857143,0.00993513257142857,0.00613275571428571,0.022978993006993,0.0211520853146853,0.0209809125874126,0.0155515130536131,0.0129324205128205,0.010505872960373,0.00993848657342657,0.00613259713286713
3725.77,0.0228389,0.0210142,0.0208147,0.0155552,0.0129355,0.0105547,0.0100016,0.00614772,,,0.0228137771428571,0.0209961914285714,0.0207907428571429,0.0155530485714286,0.0129326371428571,0.0105562,0.00999213714285714,0.00612708257142857,0.0226668538461538,0.0208727554778555,0.0206578983682984,0.015515265034965,0.0128889699300699,0.0105194228438228,0.00991898498834499,0.00604572601398601
3726.73,0.0225221,0.0207566,0.020407,0.0154622,0.0128252,0.0106228,0.0099822,0.00602691,,,0.0225181485714286,0.0207552371428571,0.02041942,0.0154717828571429,0.0128333771428571,0.01061152,0.00997640742857143,0.00602666228571429,0.0224520662004662,0.0206970599067599,0.0204343407925408,0.0154764233100233,0.0128640554778555,0.0105438051282051,0.0099110172027972,0.00598331806526806
3727.7,0.0221503,0.0204653,0.0200711,0.0153807,0.0127547,0.0105908,0.0098936,0.00588691,,,0.0221684628571429,0.02047898,0.0200917742857143,0.01538202,0.0127593457142857,0.0105887085714286,0.00989889371428571,0.00589814028571428,0.0222485594405594,0.02051751002331,0.0202037536130536,0.0153689072261072,0.0128025825174825,0.0105552990675991,0.00989912699300699,0.0059615017016317
3728.66,0.0218873,0.0202394,0.019886,0.0152591,0.0127108,0.010504,0.00982032,0.00584668,,,0.0218978771428571,0.0202452714285714,0.0198857342857143,0.0152538371428571,0.0127110657142857,0.0105097771428571,0.00982455257142857,0.00585002371428571,0.0219733944055944,0.020261255011655,0.0199152913752914,0.0151803610722611,0.0126917713286713,0.0105424838228438,0.00987495032634033,0.00595858041958042
3729.63,0.021685,0.0200184,0.0196895,0.0150304,0.0126261,0.0104321,0.00978512,0.00589416,,,0.0216791457142857,0.0200094857142857,0.0196740971428571,0.0150213142857143,0.0126172542857143,0.0104367628571429,0.00978347428571428,0.005896398,0.0216282843822844,0.0199489748251748,0.0196026454545454,0.0149510983682984,0.0125560494172494,0.010498352051282,0.00983617053613054,0.00594581062937063
3730.59,0.0213719,0.0196733,0.0193225,0.014689,0.0124301,0.0103774,0.00976138,0.00597828,,,0.0213488085714286,0.0196548714285714,0.0193077228571429,0.0146843885714286,0.0124207228571429,0.01037728,0.00976393,0.00597980057142857,0.0212204118881119,0.0195932559440559,0.0192430331002331,0.0147028566433566,0.0123834060606061,0.0103885318414918,0.00977099053613054,0.00590788137529137
3731.56,0.0208448,0.0191791,0.0188056,0.0143353,0.0121555,0.0102878,0.00974168,0.00602186,,,0.0208504228571429,0.0191937914285714,0.0188301571428571,0.0143550657142857,0.0121732514285714,0.0102865751428571,0.00974546514285714,0.00601151,0.0207555515151515,0.0191833258741259,0.0187713895104895,0.0144364370629371,0.0121640025641026,0.0101935088811189,0.00968038356643357,0.0058673958041958
3732.52,0.0202699,0.0187258,0.0183318,0.0141235,0.0119444,0.0101126,0.00968885,0.00592998,,,0.0202866657142857,0.0187428571428571,0.0183427714285714,0.0141278114285714,0.0119461485714286,0.0101101211428571,0.009677588,0.00591791657142857,0.0202601937062937,0.0187349023310023,0.0182083235431235,0.0141645487179487,0.0119280918414918,0.00995693979020979,0.00957731979020979,0.00584229468531468
3733.48,0.0197478,0.018332,0.0178076,0.0139772,0.0117318,0.00981539,0.00952156,0.00572847,,,0.0197211171428571,0.0183027285714286,0.0177524428571429,0.0139598514285714,0.0117029228571429,0.00979102657142857,0.00950853228571428,0.00572486314285714,0.0197653305361305,0.0182782153846154,0.0176345503496503,0.0139223442890443,0.0117059337995338,0.00972265482517483,0.00947038191142191,0.00581842575757576
3734.45,0.0191835,0.0178173,0.0170115,0.0137697,0.0114323,0.00938868,0.00928987,0.0055839,,,0.0191928428571429,0.0178124914285714,0.0170083971428571,0.0137683457142857,0.0114516714285714,0.00939378085714285,0.00930533285714285,0.00562060285714286,0.0193211804195804,0.0178524088578089,0.0171399557109557,0.0137477205128205,0.0115278104895105,0.00951927554778555,0.00937869797202797,0.00578310634032634
3735.41,0.0187933,0.0173428,0.0163655,0.0135767,0.0112974,0.00910922,0.00919583,0.00570492,,,0.0188252971428571,0.0173791342857143,0.0164424971428571,0.0135851771428571,0.0113199428571429,0.00915241314285714,0.00920833485714286,0.00570734485714286,0.0189697587412587,0.0174866531468531,0.0167727097902098,0.0136429939393939,0.0114128599067599,0.00936775839160839,0.00932411018648019,0.00574030433566433
3736.38,0.0186845,0.0171257,0.0163278,0.0134897,0.0113526,0.00919425,0.00926109,0.00587198,,,0.0186667142857143,0.01711562,0.0163136657142857,0.0134949028571429,0.0113290114285714,0.00918242657142857,0.00925182857142857,0.00583899542857143,0.0187053207459207,0.0171754645687646,0.0165139699300699,0.0135660813519814,0.011344517016317,0.0092797265967366,0.00931240685314685,0.00571173221445221
3737.34,0.0185911,0.0169593,0.0164583,0.0135013,0.0113604,0.00935709,0.00936141,0.00583724,,,0.0185886828571429,0.0169507971428571,0.0164401285714286,0.0135068885714286,0.0113642057142857,0.00934433828571428,0.00936401914285714,0.00583667171428571,0.0184930298368298,0.0168971195804196,0.0163278706293706,0.0134856032634033,0.0112990268065268,0.00926347587412587,0.00933983046620047,0.00572446508158508
3738.31,0.0184546,0.0167545,0.0164818,0.0135434,0.0113585,0.009449,0.0094806,0.00573768,,,0.0184506742857143,0.0167532571428571,0.0164723714285714,0.0135303114285714,0.01136042,0.00944509914285714,0.00947999485714286,0.00574669028571428,0.0183346671328671,0.0166736319347319,0.0162329983682984,0.0134302888111888,0.0112926456876457,0.00932781825174825,0.00940833986013986,0.00578534757575758
3739.27,0.0182447,0.0165214,0.0163351,0.0134827,0.0113402,0.00947001,0.00957203,0.00571691,,,0.0182324771428571,0.0165155285714286,0.0163210342857143,0.0134671857142857,0.0113283114285714,0.00946686,0.00956325028571428,0.00572372257142857,0.0182486214452214,0.0165483132867133,0.0162459923076923,0.0134466174825175,0.0113422927738928,0.00946402778554779,0.00952557172494172,0.00587935198135198
3740.23,0.0179769,0.0162846,0.016065,0.0133386,0.0112764,0.00946566,0.00959613,0.00581342,,,0.0179879485714286,0.01629066,0.0160764857142857,0.0133518771428571,0.01128222,0.00947344971428571,0.00959349257142857,0.00581942942857143,0.0181264365967366,0.0164306034965035,0.0162193102564103,0.0134873202797203,0.0113822755244755,0.00957109864801865,0.00965807419580419,0.00594023995337995
3741.2,0.0178093,0.0161372,0.0158824,0.0133115,0.0112767,0.00951824,0.00961576,0.00598622,,,0.0178359142857143,0.0161584314285714,0.0159127685714286,0.0133353628571429,0.0112958571428571,0.00953179228571428,0.00962853228571428,0.00598871428571428,0.0178786477855478,0.0162025678321678,0.0160123724941725,0.0134517727272727,0.0113552219114219,0.00955872314685315,0.00972356333333333,0.00593732517482517
3742.16,0.0177711,0.0161016,0.0158642,0.0134469,0.0113828,0.00961916,0.00972455,0.00612421,,,0.0177774685714286,0.0161167628571429,0.0158760028571429,0.0134588485714286,0.0113893571428571,0.00962531171428571,0.00974779142857143,0.00612621828571428,0.017566272960373,0.0159033757575758,0.0157004692307692,0.0133366307692308,0.0112859694638695,0.00947013734265734,0.00971077053613053,0.00590178592074592
3743.13,0.017581,0.0159525,0.015733,0.0135119,0.0114129,0.00960172,0.00986712,0.00608719,,,0.0174969057142857,0.01587366,0.0156502514285714,0.0134555685714286,0.0113666742857143,0.00954951571428571,0.00984004885714286,0.006039322,0.0172476923076923,0.0155863174825175,0.0153701482517483,0.0131796370629371,0.0111886606060606,0.00935570662004662,0.00963989876456876,0.00583730603729604
3744.09,0.0168834,0.0152877,0.0150737,0.0131342,0.0111087,0.00922745,0.00971694,0.00571153,,,0.0168992571428571,0.0152812542857143,0.0150730314285714,0.0131085885714286,0.0111037714285714,0.00922691257142857,0.00966525342857143,0.0057175,0.0169655153846154,0.0152887459207459,0.0150746128205128,0.0130229536130536,0.0110764391608392,0.0092448596969697,0.00953755545454545,0.00575091247086247
3745.06,0.0163038,0.0146248,0.0144366,0.0125987,0.0107512,0.00886693,0.00926331,0.00539206,,,0.0163848685714286,0.0147155542857143,0.0145240371428571,0.0126725857142857,0.0108012485714286,0.00892550542857143,0.00932438914285714,0.00544456342857143,0.0167194342657343,0.0150289913752914,0.0148276289044289,0.0128826974358974,0.0109479706293706,0.00914350596736597,0.00941597037296037,0.00566972
3746.02,0.0162827,0.0145566,0.0143798,0.0124891,0.0106789,0.00889701,0.00909854,0.00545396,,,0.0162538657142857,0.0145319142857143,0.0143542657142857,0.0124785828571429,0.0106662057142857,0.00888208542857143,0.00910289514285714,0.00543633885714286,0.0164545696969697,0.0147892370629371,0.0145980538461538,0.0127348151515151,0.01078468997669,0.009046282004662,0.00927907184149184,0.00562190174825175
3746.98,0.0163148,0.0146171,0.0144413,0.0125271,0.0106464,0.00901116,0.00910235,0.00560987,,,0.0163102571428571,0.0146089142857143,0.01443404,0.0125216057142857,0.01064028,0.00900448285714286,0.00909111457142857,0.00560625114285714,0.0161556682983683,0.014559168997669,0.0143759617715618,0.0125525363636364,0.0105932361305361,0.00896722778554779,0.00914342717948718,0.00562779613053613
3747.95,0.0162312,0.0146283,0.014457,0.0125571,0.0105564,0.00907697,0.00910365,0.00577801,,,0.0162157114285714,0.0146239028571429,0.0144508457142857,0.0125579142857143,0.0105489514285714,0.00906795457142857,0.00909491571428571,0.00578181228571428,0.0158994573426573,0.0143853076923077,0.0142172806526807,0.0123591258741259,0.0104194850815851,0.00892811298368298,0.00904001342657343,0.00569480701631702
3748.91,0.015916,0.0145077,0.0143475,0.0124876,0.010383,0.00903993,0.00906243,0.00591882,,,0.0158874314285714,0.0144866228571429,0.01432824,0.0124684428571429,0.0103777885714286,0.00903638485714285,0.00906623057142857,0.00590981742857143,0.0157517547785548,0.0143155864801865,0.0141772034965035,0.0122293095571096,0.0103113508158508,0.00894139405594406,0.00901029855477855,0.00580350184149184
3749.88,0.015434,0.0142241,0.0141052,0.0122176,0.0101872,0.00895071,0.00904058,0.00594838,,,0.0154520428571429,0.0142238257142857,0.0141075742857143,0.0121981857142857,0.0101918028571429,0.00895761857142857,0.00904514171428571,0.00594377371428571,0.0156432146853147,0.0142773202797203,0.0141871841491841,0.0121596946386946,0.0102520627039627,0.00896462261072261,0.00904459356643356,0.00587861587412587
3750.84,0.0151833,0.0139922,0.0139472,0.0118696,0.0100908,0.00890134,0.00905565,0.0058878,,,0.0152270228571429,0.0140214714285714,0.01397384,0.0118887657142857,0.0100990371428571,0.00889669942857143,0.00904736742857143,0.00589116685714286,0.0155275044289044,0.0142072680652681,0.0141822181818182,0.0121124391608392,0.01022577995338,0.00897331734265734,0.00908498193473193,0.00587860484848485
3751.8,0.0153515,0.0140299,0.0140629,0.0117926,0.0101619,0.00890325,0.00907197,0.00581193,,,0.0153513028571429,0.0140410257142857,0.0140771885714286,0.0118375657142857,0.0101713371428571,0.00891426857142857,0.00907936714285714,0.00581523771428571,0.0154445151515152,0.0141496724941725,0.0141876934731935,0.0121113223776224,0.0102645722610723,0.00900647566433566,0.00913142587412587,0.00583899006993007
3752.77,0.0156161,0.0142136,0.0143309,0.012112,0.0103725,0.00902201,0.0091505,0.00575634,,,0.0155823371428571,0.0141901142857143,0.0143086057142857,0.0120942314285714,0.0103646571428571,0.00902516942857143,0.00915692428571428,0.00575513228571428,0.0154181743589744,0.0141376958041958,0.0142220622377622,0.012159796969697,0.0103736046620047,0.0090782479020979,0.00917820424242424,0.00579063976689977
3753.73,0.0156569,0.0142899,0.0144631,0.0124286,0.0105845,0.00919464,0.0092659,0.00571801,,,0.01565132,0.0142836428571429,0.0144506371428571,0.0124106,0.0105814828571429,0.00918881657142857,0.00926181571428571,0.00571719742857143,0.0154665011655012,0.0141909517482517,0.0143049864801865,0.0122503664335664,0.0105325400932401,0.00917382783216783,0.00921214736596736,0.00575617981351981
3754.7,0.0155476,0.0142794,0.0144315,0.0125505,0.0107513,0.0093213,0.00931788,0.00570801,,,0.0155490828571429,0.0142833257142857,0.0144294514285714,0.0125437628571429,0.0107514457142857,0.009319896,0.009308364,0.00571280571428571,0.0155434004662005,0.014281396969697,0.0144070613053613,0.0123460347319347,0.0106922997668998,0.00924795636363636,0.00921914023310023,0.00574639545454545
3755.66,0.015427,0.0142757,0.0143535,0.0124958,0.0108615,0.00937009,0.0092538,0.00574689,,,0.0154432771428571,0.0142872542857143,0.0143719628571429,0.01249772,0.0108605314285714,0.00936909657142857,0.00924981,0.00574943057142857,0.0155452396270396,0.0143306624708625,0.014445368997669,0.0123871715617716,0.0108005116550117,0.00926588937062937,0.00919945244755245,0.00575036235431235
3756.63,0.0154166,0.0143266,0.0143704,0.0123612,0.010902,0.00932549,0.00913204,0.00579925,,,0.01542884,0.01433026,0.0143820571428571,0.01236726,0.0109010657142857,0.00931990314285714,0.00914036714285714,0.00579372314285714,0.0154484666666667,0.014303303962704,0.0143887114219114,0.0123511468531469,0.0108469121212121,0.00923659442890442,0.00916693151515151,0.00575204219114219
3757.59,0.015448,0.0143451,0.0144081,0.012221,0.010871,0.00918357,0.00905753,0.00580005,,,0.01542556,0.0143271771428571,0.01438398,0.0122082114285714,0.0108636542857143,0.009174774,0.00905852771428571,0.00579647742857143,0.015320086013986,0.0142298771561772,0.0142792508158508,0.0122732752913753,0.0108515146853147,0.00918007048951049,0.00912764051282051,0.0057445803962704
3758.55,0.01531,0.0142015,0.0142565,0.0120788,0.0107776,0.00900558,0.00903805,0.00574873,,,0.0152888028571429,0.0141892342857143,0.0142376342857143,0.0120858028571429,0.0107785,0.00901580742857143,0.00903960571428571,0.00574844542857143,0.0152168694638695,0.0141464079254079,0.0141724275058275,0.0122306013986014,0.0108375624708625,0.00912758699300699,0.00909323967365967,0.0057302375990676
3759.52,0.0150532,0.0139752,0.0139869,0.0120874,0.0107166,0.00895539,0.00906974,0.00568641,,,0.0150822914285714,0.0139993285714286,0.0140158285714286,0.01211386,0.0107340857142857,0.00897321342857143,0.00907353371428571,0.00568921971428571,0.0151517083916084,0.0140638524475524,0.0140915428904429,0.0122597878787879,0.0108131524475524,0.00910486627039627,0.00907968445221445,0.00571554368298368
3760.48,0.0149755,0.0138887,0.0138907,0.0123179,0.0107723,0.00907755,0.00913059,0.00565753,,,0.01498288,0.01389188,0.0138974371428571,0.0123067742857143,0.0107691371428571,0.009070242,0.00912491828571428,0.00565941914285714,0.0151248074592075,0.0139917853146853,0.0140336347319347,0.0123429228438228,0.0107851585081585,0.00911584776223776,0.00909283165501165,0.00570904808857809
3761.45,0.0150354,0.013883,0.0139218,0.0125327,0.010825,0.00920867,0.00915433,0.00567375,,,0.01502538,0.0138724314285714,0.0139128428571429,0.0125236057142857,0.0108140885714286,0.00920305057142857,0.00915083028571428,0.00567493885714286,0.0151104149184149,0.0139218188811189,0.0139721692307692,0.0124250645687646,0.0107597699300699,0.00914358944055944,0.00911741011655012,0.00571349086247086
3762.41,0.0151053,0.013862,0.0139555,0.012624,0.0107919,0.00927062,0.00914086,0.00572469,,,0.0151117542857143,0.01386836,0.0139597257142857,0.0126251742857143,0.01079052,0.00926962571428571,0.00914351457142857,0.00572638542857143,0.0150871265734266,0.0138447414918415,0.0139065174825175,0.0124711820512821,0.0107394624708625,0.00916697857808858,0.00913265552447553,0.00572293254079254
3763.38,0.0151745,0.0138529,0.0139716,0.0125901,0.0107175,0.00925083,0.00913091,0.0057861,,,0.0151774742857143,0.0138587885714286,0.0139692342857143,0.0125817,0.0107224714285714,0.00924735514285714,0.00913392542857143,0.00578570057142857,0.0150609743589744,0.0137760179487179,0.0138641953379953,0.0124784752913753,0.0107259815850816,0.00917108559440559,0.00913889983682984,0.00573488104895105
3764.34,0.015157,0.0138087,0.0139006,0.0124156,0.0106624,0.00914833,0.00913424,0.00581395,,,0.0151341314285714,0.0137868771428571,0.0138818285714286,0.0124055885714286,0.0106626828571429,0.00914249028571428,0.00913033314285714,0.00580519428571428,0.0150151025641026,0.0137200599067599,0.0138341368298368,0.0124350617715618,0.0107106440559441,0.00914329167832168,0.00914657778554779,0.00575534298368298
3765.3,0.0149321,0.0136137,0.0137006,0.0121831,0.0106292,0.00900269,0.00912543,0.00576887,,,0.0149283028571429,0.0136102371428571,0.0137096428571429,0.01220332,0.0106299114285714,0.00900967485714286,0.00912455314285714,0.00576574314285714,0.0149028666666667,0.0136438855477855,0.0137571009324009,0.012320396969697,0.0106702722610723,0.00907812372960373,0.00915449365967366,0.00578225948717949
3766.27,0.0146459,0.0134068,0.0135487,0.012092,0.0106172,0.00892161,0.00912464,0.00571364,,,0.0146702342857143,0.013435,0.0135703685714286,0.0121059542857143,0.0106226428571429,0.00893265942857143,0.00913237657142857,0.00572588685714285,0.0147231186480186,0.0135171037296037,0.0136145025641026,0.0121537657342657,0.0106012678321678,0.00898862937062937,0.00914917864801865,0.00579284701631702
3767.23,0.0144888,0.0133673,0.0135165,0.0121058,0.0106174,0.0089313,0.00916226,0.00574752,,,0.0144893914285714,0.0133722457142857,0.0135092828571429,0.0120931742857143,0.0106151285714286,0.00892921885714285,0.00916454342857143,0.00575524885714286,0.0145220321678322,0.0133541755244755,0.0134501547785548,0.0119960804195804,0.010529779020979,0.00890444219114219,0.00912788745920746,0.00577876256410256
3768.2,0.0143673,0.0133455,0.0134228,0.0120252,0.0105573,0.00892906,0.00917842,0.00582689,,,0.0143468228571429,0.0133167771428571,0.01339298,0.0119962028571429,0.0105383657142857,0.00891272028571428,0.009165172,0.00581767228571429,0.0143465878787879,0.0131949778554779,0.0133120906759907,0.0119044445221445,0.0104782289044289,0.0088525627972028,0.00909654382284382,0.00575577305361305
3769.16,0.014181,0.013134,0.0131706,0.0117982,0.0103909,0.00883647,0.00908661,0.00581796,,,0.0141841371428571,0.0131172085714286,0.0131764628571429,0.0118076714285714,0.0103935228571429,0.00883526571428571,0.00907931142857143,0.00579989742857143,0.0142302878787879,0.0130819254079254,0.0132286470862471,0.0118975361305361,0.0104536792540793,0.00884172668997669,0.00906114473193473,0.00574076128205128
3770.13,0.0140684,0.0128605,0.0130108,0.0117111,0.0102931,0.00876574,0.00895488,0.00569448,,,0.0140913628571429,0.0128960457142857,0.0130464914285714,0.0117497228571429,0.01032004,0.00878587257142857,0.00897278228571428,0.00570839228571428,0.0141746965034965,0.013029544988345,0.0131982932400932,0.0119447738927739,0.0104538237762238,0.00886076797202797,0.00902688655011655,0.00573266072261072
3771.09,0.0141314,0.0128486,0.0131259,0.0119397,0.0104082,0.00884313,0.00893643,0.00564093,,,0.0141266685714286,0.0128585771428571,0.0131181171428571,0.0119336142857143,0.0104050457142857,0.00884137371428571,0.00893821714285714,0.00565227085714286,0.0141437990675991,0.0130095668997669,0.0131949892773893,0.0120055172494173,0.0104713272727273,0.00889101181818182,0.00899707897435897,0.00571569214452214
3772.05,0.014204,0.0130072,0.013282,0.0122092,0.0105662,0.00896002,0.0089756,0.00567948,,,0.0141926514285714,0.0129963571428571,0.0132675057142857,0.01219072,0.0105549114285714,0.00895210942857143,0.008968442,0.00567352457142857,0.0141126911421911,0.0130010515151515,0.013208165967366,0.0120782156177156,0.0104988454545455,0.00892784375291375,0.00897556261072261,0.00568446391608392
3773.02,0.0141754,0.0131288,0.013336,0.0123158,0.0106339,0.00902828,0.00899588,0.00569999,,,0.0141695542857143,0.0131177514285714,0.01333414,0.0123057628571429,0.0106297,0.009026084,0.00899508028571428,0.00569165514285714,0.0140910321678322,0.01301741002331,0.0132436207459207,0.0121696923076923,0.0105324072261072,0.00897827797202797,0.0089705596969697,0.00565456487179487
3773.98,0.0140672,0.0131324,0.0133139,0.0122713,0.0106098,0.00905207,0.00900427,0.0056618,,,0.0140707657142857,0.0131311057142857,0.0133176457142857,0.0122780628571429,0.0106111285714286,0.00905379114285714,0.009007156,0.00566320142857143,0.0140772934731935,0.0130544540792541,0.0132793678321678,0.0122463258741259,0.0105599046620047,0.00903603151515152,0.00898785634032634,0.00564112701631702
3774.95,0.0139692,0.0130659,0.0132634,0.0122046,0.0105414,0.00906117,0.0090171,0.00562149,,,0.0139769485714286,0.01307226,0.01326424,0.0122141742857143,0.0105418971428571,0.00906289628571428,0.00901527514285714,0.00562752685714286,0.0140363958041958,0.0130585864801865,0.0132597664335664,0.0122446603729604,0.0105487990675991,0.00907119386946387,0.00901484645687646,0.00564052599067599
3775.91,0.0139296,0.0129923,0.0131885,0.0121657,0.0104607,0.00906528,0.00901703,0.00561929,,,0.0139321971428571,0.0129942714285714,0.0131879771428571,0.0121632314285714,0.01046244,0.00906581142857143,0.00901518542857143,0.00561836942857143,0.0139510223776224,0.0129872741258741,0.013171241958042,0.0121590072261072,0.0104852326340326,0.00906396874125874,0.00902487305361305,0.00563552827505827
3776.87,0.0139062,0.0129004,0.0130834,0.0120929,0.0103939,0.00905396,0.00900801,0.005625,,,0.0139011257142857,0.0128943828571429,0.0130801,0.0120833085714286,0.0103964885714286,0.00905225257142857,0.00901276628571428,0.005621214,0.0138511202797203,0.0128704165501166,0.0130625909090909,0.0120520130536131,0.0104046533799534,0.0090293882051282,0.00901375023310023,0.00562521797202797
3777.84,0.0138265,0.012756,0.0129484,0.0119533,0.0103469,0.00901057,0.00901551,0.00561916,,,0.0138166342857143,0.0127500857142857,0.0129444828571429,0.0119505142857143,0.0103426057142857,0.00900737542857143,0.00901694485714285,0.00562171171428571,0.0137666258741259,0.0127558207459207,0.0129717543123543,0.0119710272727273,0.0103456496503496,0.00898972135198135,0.00899346857808858,0.00561805573426573
3778.8,0.0136772,0.0125951,0.0128223,0.0118259,0.0102954,0.00893839,0.00900951,0.00562648,,,0.0136799771428571,0.0126042971428571,0.0128319,0.01184072,0.0102931714285714,0.008938942,0.00899904428571428,0.00562891514285714,0.0137043641025641,0.0126665967365967,0.0129056116550117,0.0119241389277389,0.0103229226107226,0.00895838757575758,0.00897465214452214,0.00561647286713287
3779.77,0.0135601,0.0125227,0.0127896,0.0118222,0.0102652,0.00887797,0.00894325,0.0056419,,,0.0135716028571429,0.0125300457142857,0.0127952742857143,0.0118256371428571,0.0102735314285714,0.00888158028571428,0.00894463771428571,0.00563675371428571,0.0136474554778555,0.0125945958041958,0.0128475967365967,0.0118890948717949,0.0103238962703963,0.00892933682983683,0.00895764748251748,0.00562040254079254
3780.73,0.0135446,0.0125365,0.0128228,0.0118808,0.0103081,0.00886342,0.00889207,0.00563195,,,0.0135461942857143,0.0125335342857143,0.0128193885714286,0.0118748257142857,0.0103116828571429,0.00886801771428571,0.008902156,0.00563075342857143,0.0135803627039627,0.0125288920745921,0.0127848282051282,0.0118453447552448,0.0103260536130536,0.00888944333333333,0.00893949615384615,0.00563483452214452
3781.7,0.0135659,0.0125485,0.0128282,0.0119002,0.0103787,0.00888673,0.00891512,0.0056232,,,0.0135616657142857,0.0125437514285714,0.0128226542857143,0.0118978257142857,0.0103743628571429,0.00888664942857143,0.00891567285714286,0.00562672114285714,0.0135147927738928,0.0124800671328671,0.0127293146853147,0.0118009874125874,0.0103204319347319,0.00884629347319347,0.00892480573426573,0.00566231787878788
3782.66,0.0135406,0.0125053,0.0127519,0.0118486,0.0103898,0.00888625,0.00895388,0.00565618,,,0.01353076,0.0124977142857143,0.0127411085714286,0.0118403114285714,0.0103799,0.00887404342857143,0.00894448828571428,0.005660638,0.0134684470862471,0.0124568342657343,0.0126938044289044,0.0117714755244755,0.0103094608391608,0.0088171137995338,0.00892141645687645,0.00569664881118881
3783.62,0.0134347,0.0124089,0.0126047,0.0117219,0.0103048,0.00880127,0.00894338,0.00573034,,,0.0134339971428571,0.0124125171428571,0.0126097828571429,0.0117196028571429,0.0103035314285714,0.00879812685714285,0.00894189542857143,0.005730322,0.0134345979020979,0.0124429463869464,0.0126686344988345,0.0117533393939394,0.0102921617715618,0.00880478188811189,0.00893597403263403,0.0057277682051282
3784.59,0.013329,0.0123498,0.0125233,0.0116127,0.0102026,0.00871349,0.00892822,0.00579312,,,0.0133429371428571,0.0123624428571429,0.0125421314285714,0.0116285914285714,0.0102143428571429,0.00872992485714286,0.00893762971428571,0.00578698371428571,0.0133875965034965,0.0124105876456876,0.0126333265734266,0.0117304037296037,0.0102587608391608,0.00879568009324009,0.00896359375291375,0.00574683093240093
3785.55,0.0133125,0.0123763,0.0125851,0.0116404,0.0101769,0.00874128,0.00897032,0.00579217,,,0.0133126885714286,0.0123730857142857,0.0125812685714286,0.0116459714285714,0.0101785114285714,0.00874379571428571,0.00897035,0.005791228,0.0133227456876457,0.0123590641025641,0.0125896834498834,0.0117016918414918,0.0102082850815851,0.00877888841491842,0.00898451892773893,0.00574723118881119
3786.52,0.0133116,0.0123892,0.0126478,0.011739,0.0101844,0.00881127,0.00902182,0.00574673,,,0.0133007228571429,0.0123787857142857,0.0126347885714286,0.0117305314285714,0.0101773628571429,0.00880185514285714,0.00901772028571428,0.00574887371428571,0.0132670657342657,0.0123178848484848,0.0125609083916084,0.0116822652680653,0.0101625902097902,0.00876128855477856,0.0089913682983683,0.00572638081585082
3787.48,0.0132505,0.0123268,0.0126138,0.0117775,0.010163,0.00882074,0.00903451,0.00568703,,,0.0132472257142857,0.0123227971428571,0.0126098657142857,0.0117675228571429,0.0101599657142857,0.00881497057142857,0.00903136342857143,0.00568456228571428,0.0132412247086247,0.0123101543123543,0.0125621442890443,0.0116855212121212,0.0101451041958042,0.00875923337995338,0.00899404079254079,0.00568913403263403
3788.45,0.0131803,0.0122489,0.0125373,0.0117237,0.0101327,0.00877681,0.00900801,0.00561829,,,0.0131897028571429,0.0122573685714286,0.0125441742857143,0.0117233057142857,0.01013696,0.00877934885714286,0.00900765085714286,0.00561837914285714,0.0132391706293706,0.0123294522144522,0.0125839123543124,0.011708558041958,0.010160579020979,0.00878006962703963,0.00900131135198135,0.00564685638694639
3789.41,0.0131903,0.012262,0.0125184,0.0116618,0.0101489,0.00875391,0.00897865,0.00557452,,,0.0131983142857143,0.01227388,0.0125277171428571,0.0116728657142857,0.0101542057142857,0.00876084257142857,0.00898317485714286,0.00558002371428571,0.0132411750582751,0.0123525041958042,0.0126030335664336,0.0117326086247086,0.0101964067599068,0.00881432818181818,0.00901404090909091,0.00561650405594406
3790.37,0.0132601,0.0123738,0.012577,0.0116806,0.0102173,0.00879685,0.00898695,0.00558869,,,0.0132524114285714,0.0123696,0.0125746428571429,0.0116840028571429,0.0102153885714286,0.00879734028571428,0.008987454,0.00558889314285714,0.0132372818181818,0.0123679265734266,0.012608151981352,0.0117446839160839,0.010237186013986,0.0088510406993007,0.009030852004662,0.00561086144522144
3791.34,0.0132758,0.0124534,0.0126243,0.0117398,0.0102817,0.00886956,0.00902064,0.00562956,,,0.01326794,0.0124418628571429,0.0126179914285714,0.0117335085714286,0.0102788971428571,0.00886764257142857,0.00902037257142857,0.00562631314285714,0.0132286876456876,0.0123748086247086,0.0125898505827506,0.0117453006993007,0.0102682594871795,0.00888533701631702,0.00904816233100233,0.0056280510955711
3792.3,0.0132132,0.0124189,0.012599,0.0117594,0.0103082,0.00893025,0.00906157,0.00566352,,,0.0132187542857143,0.0124197828571429,0.0126020942857143,0.01175946,0.0103106428571429,0.00893250342857143,0.009065104,0.00566455714285714,0.0132007020979021,0.0123585177156177,0.0125228741258741,0.0117213249417249,0.010267438974359,0.00889970468531468,0.00904990680652681,0.00565679333333333
3793.27,0.0131398,0.012323,0.0125134,0.0117328,0.0102956,0.0089595,0.00909471,0.00569484,,,0.0131447028571429,0.0123281857142857,0.01251358,0.0117359628571429,0.0102947857142857,0.00895840028571429,0.00909229028571429,0.00569600485714286,0.0131316058275058,0.0123010934731935,0.0124113386946387,0.0116603785547786,0.0102263315617716,0.00887856368298368,0.0090243244055944,0.00568242023310023
3794.23,0.0130583,0.0122081,0.0123437,0.0116527,0.0102142,0.0089116,0.0090638,0.00571569,,,0.0130529942857143,0.0122045428571429,0.0123277571428571,0.0116457057142857,0.0102052102857143,0.00890246885714286,0.00905583028571428,0.00571412914285714,0.013019041025641,0.0121995363636364,0.0122832414918415,0.0115695547785548,0.0101562944988345,0.00882168540792541,0.00897719228438229,0.00568921277389277
3795.19,0.0129142,0.0120561,0.012064,0.0114749,0.0100438,0.00875367,0.00894081,0.00570465,,,0.0129057485714286,0.0120515914285714,0.0120601257142857,0.0114621028571429,0.0100397474285714,0.00874730828571428,0.00893547428571428,0.00570246857142857,0.0128859741258741,0.0120768794871795,0.0121643414918415,0.0114719097902098,0.0100793272494173,0.00874462321678322,0.0089267044988345,0.00567212398601399
3796.16,0.0127149,0.0118904,0.0118344,0.0112368,0.00986908,0.00855936,0.00879069,0.00565851,,,0.01272102,0.0118977371428571,0.0118687028571429,0.0112511142857143,0.00988557485714286,0.0085725,0.00879968142857143,0.00565759285714286,0.0127620937062937,0.0119639582750583,0.0120579344988345,0.0113874962703963,0.0100047282750583,0.00866835785547785,0.00889178694638695,0.00564785088578089
3797.12,0.0125664,0.011787,0.0118602,0.0111251,0.009822,0.00847654,0.00874064,0.00559951,,,0.0125747228571429,0.01179174,0.0118637485714286,0.0111422942857143,0.00982863342857142,0.00848457657142857,0.00875102514285714,0.00559986142857143,0.0126405344988345,0.0118370965034965,0.0119174808857809,0.0112648263403263,0.00988761090909091,0.00858043675990676,0.00886005827505828,0.00563254048951049
3798.09,0.0125033,0.0117363,0.0119465,0.0111595,0.00984208,0.00849978,0.00881296,0.00556059,,,0.0125033685714286,0.0117382371428571,0.0119305485714286,0.0111599714285714,0.00983907057142857,0.00849912771428571,0.00881426371428571,0.00556324628571428,0.0125055627039627,0.0116776095571096,0.0117423337995338,0.0110750853146853,0.0097246803962704,0.00848019116550116,0.00881868272727273,0.00561333326340326
3799.05,0.0124631,0.0116734,0.011857,0.0111591,0.00979145,0.00852989,0.00890879,0.00557059,,,0.0124615914285714,0.0116691571428571,0.0118404314285714,0.01114704,0.00977933942857143,0.00852545942857143,0.00890403885714285,0.00557847142857143,0.0123846149184149,0.0115277233100233,0.0115904834498834,0.010884365967366,0.00958112398601398,0.00840941146853147,0.00879050296037296,0.00558776937062937
3800.02,0.0123825,0.0115108,0.0115415,0.0109375,0.00956735,0.00847529,0.00891406,0.00562736,,,0.0123637371428571,0.01147552,0.0115119285714286,0.0108815457142857,0.00952814085714286,0.008447942,0.008890696,0.00562399914285714,0.0123132869463869,0.0114308083916084,0.0114993990675991,0.010757813986014,0.0095025582051282,0.00839532135198135,0.00879591638694639,0.0055703113053613
3800.98,0.0122158,0.0112105,0.0111431,0.010449,0.00920831,0.00829609,0.00877013,0.0056368,,,0.01222024,0.0112352628571429,0.0111925485714286,0.0104867485714286,0.00925241,0.00831465228571428,0.00877744571428571,0.00561645657142857,0.0122985426573427,0.0114002603729604,0.011461141025641,0.0107132554778555,0.0094884965967366,0.00842446037296037,0.00883112585081585,0.00557229363636364
3801.94,0.0121362,0.0111461,0.0111499,0.0103007,0.0092103,0.00827146,0.00869094,0.00554402,,,0.0121635857142857,0.0111840371428571,0.0111758885714286,0.0103602371428571,0.00924660428571428,0.00830067657142857,0.00871713942857143,0.00555864714285714,0.0123036424242424,0.01140788997669,0.0114401181818182,0.0107107699300699,0.00949947067599068,0.00844609102564102,0.00886033053613054,0.00558715738927739
3802.91,0.0122651,0.0114023,0.0114731,0.0106593,0.00955479,0.00846401,0.00880508,0.00553147,,,0.0122609857142857,0.0113840257142857,0.0114494257142857,0.0106321371428571,0.009527634,0.00844973342857143,0.00880080114285714,0.00554090371428571,0.0122837058275058,0.0114046051282051,0.0114301137529138,0.0107036666666667,0.00950487326340326,0.00842923202797203,0.00884514484848485,0.00560161843822844
3803.87,0.0124044,0.0116212,0.0117207,0.0109969,0.0097997,0.00859549,0.00893548,0.00561095,,,0.0123953828571429,0.0116120371428571,0.01171146,0.0109818657142857,0.009787118,0.00858436857142857,0.00893005085714286,0.00560740828571429,0.0122463862470862,0.0113936361305361,0.0114669048951049,0.0107194974358974,0.00952921298368298,0.00840548351981352,0.00880748393939394,0.00561911151515151
3804.84,0.012404,0.0116581,0.0117769,0.0111025,0.00981977,0.00855421,0.00895499,0.0056842,,,0.0123853057142857,0.01164022,0.0117570485714286,0.0110805742857143,0.00980142371428571,0.00853548571428571,0.00893692742857143,0.00567468914285714,0.0122167636363636,0.0114078188811189,0.0115589230769231,0.0107970515151515,0.00959653137529138,0.00840550599067599,0.00878756512820513,0.00564515934731935
3805.8,0.012219,0.0114752,0.0116337,0.0109405,0.00963653,0.00835823,0.0087998,0.00569428,,,0.0122113542857143,0.0114586571428571,0.0116312914285714,0.0109267942857143,0.009634088,0.00836260228571428,0.00878860142857143,0.00569413771428571,0.0122058885780886,0.0114549666666667,0.0116660680652681,0.0109142076923077,0.00968378090909091,0.00842558967365967,0.00879280048951049,0.00567905305361305
3806.77,0.0120226,0.0112433,0.0115147,0.0107311,0.00948555,0.00824406,0.00861683,0.00569521,,,0.0120565685714286,0.01128506,0.0115549428571429,0.01078072,0.00952664742857143,0.00828107228571428,0.00865435057142857,0.00570804828571428,0.0122070337995338,0.011500058041958,0.0117351505827506,0.0109902377622378,0.00973160482517483,0.00843920109557109,0.00879451981351981,0.00571026757575758
3807.73,0.0120772,0.0113262,0.0116716,0.0108544,0.00963089,0.0083972,0.00868365,0.00574267,,,0.0120761371428571,0.0113356971428571,0.0116637314285714,0.0108566714285714,0.00962733971428571,0.00838357314285714,0.00868427742857143,0.00573501228571429,0.0122258459207459,0.0115404347319347,0.0117872967365967,0.0110249459207459,0.00975255564102564,0.00846212123543124,0.00878727477855478,0.00572170191142191
3808.69,0.0122489,0.0116005,0.0118866,0.0111116,0.00985714,0.00857134,0.00884009,0.00574256,,,0.0122403885714286,0.0115880371428571,0.0118746514285714,0.0110909428571429,0.009842218,0.00855822657142857,0.00882364828571428,0.00573521257142857,0.0122827249417249,0.0116065435897436,0.0118637927738928,0.0110886615384615,0.00980264857808858,0.00853301757575758,0.00880216032634032,0.00571832699300699
3809.66,0.0124162,0.011832,0.0120337,0.0112774,0.00999031,0.00867915,0.00891866,0.00569012,,,0.0124200828571429,0.0118254085714286,0.0120369228571429,0.0112750857142857,0.009986068,0.00868513971428571,0.008915936,0.00569562885714286,0.0123763736596737,0.0117011263403263,0.0119690391608392,0.0112027888111888,0.00989885179487179,0.00865056440559441,0.00885856617715618,0.00571046799533799
3810.62,0.0125569,0.0119319,0.0121263,0.0113675,0.0100305,0.00878629,0.00894369,0.00566631,,,0.0125549028571429,0.0119259257142857,0.0121253571428571,0.0113741428571429,0.0100325657142857,0.00879232085714286,0.00894915085714285,0.00567346714285714,0.0124788151515152,0.0118001351981352,0.0120794011655012,0.011335151981352,0.0100143681818182,0.00877846682983683,0.00894256009324009,0.00569963072261072
3811.59,0.0126035,0.0118883,0.0121402,0.0114246,0.0100273,0.00888854,0.00897129,0.00568782,,,0.0125948942857143,0.0118875028571429,0.0121358542857143,0.01142514,0.0100324102857143,0.00888325314285714,0.00897470742857143,0.00568351714285714,0.0125161596736597,0.0118371925407925,0.0121152671328671,0.0113953911421911,0.0100545029137529,0.00885183552447552,0.00898740368298368,0.00567557293706294
3812.55,0.0125118,0.011759,0.0120622,0.0114139,0.0100062,0.00891132,0.00899386,0.00568784,,,0.0125136171428571,0.0117648285714286,0.0120675142857143,0.0114112771428571,0.0100111937142857,0.008907066,0.008994328,0.00568320371428571,0.0124386874125874,0.0117611407925408,0.0120221559440559,0.0113307494172494,0.00996183883449883,0.00884373867132867,0.0089503296037296,0.00564429431235431
3813.52,0.012338,0.0116111,0.0119298,0.0112943,0.00993307,0.00884173,0.00896393,0.00564976,,,0.0123425,0.0116132514285714,0.01193346,0.0112890457142857,0.00992852885714285,0.00884253057142857,0.00895825571428571,0.00565046971428571,0.0122913016317016,0.0116164993006993,0.0118543214452214,0.0112013356643357,0.00980098324009324,0.00879627389277389,0.00887235172494173,0.00563263554778555
3814.48,0.0121171,0.0114437,0.0117185,0.0110553,0.00971552,0.0087165,0.00882857,0.00561106,,,0.0120983971428571,0.0114302685714286,0.0116916457142857,0.0110374628571429,0.00968160628571428,0.00870937885714285,0.00881030342857143,0.00560898828571428,0.0121277974358974,0.0114646678321678,0.011669520979021,0.0110667198135198,0.00963491752913753,0.00873626934731934,0.00878861906759907,0.00564692347319347
3815.44,0.0118316,0.0112308,0.0113611,0.0107477,0.00931414,0.00856302,0.00860105,0.00560094,,,0.0118431628571429,0.0112394828571429,0.0113697142857143,0.0107717771428571,0.00933466857142857,0.00857247685714286,0.00861988057142857,0.00560941114285714,0.0119760536130536,0.0113261237762238,0.0114892948717949,0.0109349421911422,0.00946995699300699,0.00866610324009324,0.00869753524475524,0.00567542918414918
3816.41,0.0116822,0.0111031,0.0111037,0.0106304,0.00908518,0.00849176,0.00850775,0.00567277,,,0.0117086171428571,0.0111211428571429,0.0111399314285714,0.0106518114285714,0.00912554971428571,0.00850357314285714,0.00852443514285714,0.00567707371428571,0.0118238881118881,0.0111651706293706,0.0112764305361305,0.0107621962703963,0.00926601193473194,0.00856628459207459,0.00859550226107226,0.00570736020979021
3817.37,0.0117347,0.01109,0.0110919,0.0106814,0.00914539,0.00850286,0.00855536,0.00578109,,,0.0117234371428571,0.0110820714285714,0.0110821457142857,0.0106664257142857,0.00912617885714286,0.00849636971428571,0.00853983542857143,0.00577402114285714,0.011668141025641,0.0109780962703963,0.0110195573426573,0.0105534974358974,0.00905929247086247,0.00843503638694638,0.00852303317016317,0.00573527384615385
3818.34,0.0117467,0.0110104,0.0110486,0.0106289,0.00914054,0.00845864,0.00855591,0.00583023,,,0.0117341342857143,0.0109948771428571,0.0110320228571429,0.0106133428571429,0.00911401828571429,0.00845189342857143,0.008544408,0.00582684428571428,0.0115527846153846,0.0108215317016317,0.0107952706293706,0.0103833545454545,0.00893554636363636,0.00831026631701631,0.00850876780885781,0.00575282417249417
3819.3,0.0116072,0.0107757,0.0108105,0.0103758,0.00894053,0.00829714,0.00850255,0.00580699,,,0.0115798314285714,0.0107467028571429,0.0107675314285714,0.01034112,0.00891443257142857,0.00827505657142857,0.00850533742857143,0.00580514457142857,0.0115112608391608,0.0107411843822844,0.0106732468531469,0.0102946053613054,0.00893251561771562,0.00821864673659674,0.00854706587412587,0.00575620251748252
3820.26,0.0113518,0.0104784,0.0104077,0.0100065,0.00872468,0.00803511,0.00852262,0.00573767,,,0.0113745057142857,0.0105189,0.01044094,0.0100480628571429,0.00878928028571428,0.00805030714285714,0.00855251285714286,0.00573655485714286,0.0115415072261072,0.0107522599067599,0.010677334965035,0.010283751048951,0.00903319808857809,0.00816811771561771,0.00861517076923077,0.0057464365034965
3821.23,0.0113354,0.0105493,0.0103716,0.01001,0.00897678,0.00794694,0.00871094,0.0056701,,,0.0113764057142857,0.0105813742857143,0.01043106,0.0100515371428571,0.00898926257142857,0.00797903228571428,0.00869136371428571,0.00567614885714286,0.0115998121212121,0.0108302645687646,0.010769534032634,0.010315772960373,0.00917160603729604,0.00814983680652681,0.00868159331002331,0.00572816778554778
3822.19,0.011648,0.0109467,0.0108458,0.0103904,0.00942695,0.00812972,0.00881358,0.00566512,,,0.0116258771428571,0.0109186971428571,0.0108129028571429,0.01035506,0.00938655714285714,0.00811216742857142,0.00880114285714285,0.005667508,0.0116573011655012,0.0109393797202797,0.0109029603729604,0.0103762216783217,0.00930887275058275,0.00815948044289044,0.00873636897435897,0.00571937741258741
3823.16,0.0119012,0.0112547,0.0112802,0.0106672,0.00965968,0.00830613,0.008805,0.005713,,,0.0118874257142857,0.01124852,0.0112671457142857,0.0106584057142857,0.00965997914285714,0.00829922828571428,0.00881572285714285,0.00571199714285714,0.0117180317016317,0.0110550533799534,0.0110615808857809,0.0104680939393939,0.00945053177156177,0.00820493020979021,0.00877904540792541,0.00573460727272727
3824.12,0.0119647,0.0113841,0.0115085,0.0107722,0.00973071,0.00840363,0.00880476,0.00577615,,,0.0119585628571429,0.0113783057142857,0.0115030657142857,0.0107704942857143,0.009731202,0.00840142628571428,0.00880921371428571,0.00577493971428571,0.0117769764568765,0.0111560965034965,0.0112315006993007,0.0105797773892774,0.00958600871794872,0.00828983351981352,0.00879894724941725,0.00576558925407925
3825.09,0.0118689,0.0113178,0.0115167,0.0107398,0.00969229,0.0084302,0.00880732,0.00582868,,,0.0118684285714286,0.0113072485714286,0.0115046657142857,0.0107338085714286,0.00968624971428571,0.00842574457142857,0.00879873571428571,0.00582988085714286,0.0118147184149184,0.0112128965034965,0.0113789538461538,0.0106771114219114,0.00968026372960373,0.00839952324009324,0.00878800594405594,0.00579568566433566
3826.05,0.0117158,0.0111063,0.0113542,0.0106243,0.00959093,0.00841953,0.00875518,0.00585882,,,0.0117211057142857,0.0111101228571429,0.0113575514285714,0.0106282514285714,0.009595682,0.00842479628571428,0.00875179685714285,0.005856384,0.0117987400932401,0.0111860433566434,0.0114373184149184,0.0107066083916084,0.00969827442890443,0.00849112713286713,0.00875897391608391,0.00581243293706294
3827.01,0.0116129,0.0109232,0.0112108,0.0105499,0.00954361,0.00845729,0.00869099,0.00584079,,,0.0116196457142857,0.0109410114285714,0.0112324514285714,0.0105627657142857,0.00955637028571428,0.00846693714285714,0.00869969171428571,0.00583553742857143,0.011731396037296,0.011086062004662,0.0113938505827506,0.0106752916083916,0.00967246037296037,0.00853693608391608,0.00874319,0.00580799351981352
3827.98,0.0116058,0.0108975,0.0112372,0.0105947,0.00961187,0.00856771,0.00869687,0.00577723,,,0.0116104457142857,0.0109029085714286,0.01124206,0.0105973485714286,0.00961481685714285,0.00856746142857143,0.00870021457142857,0.005780116,0.0116575093240093,0.0109645456876457,0.0113128652680653,0.010639241025641,0.00963969925407925,0.00855436703962704,0.0087362465967366,0.0057857717016317
3828.94,0.0116614,0.0109504,0.0113315,0.0106867,0.00970838,0.00866247,0.00875342,0.00573206,,,0.0116599428571429,0.0109421285714286,0.0113209657142857,0.0106803057142857,0.00970174314285714,0.00865499914285714,0.00875259628571428,0.00573696285714286,0.0116136806526807,0.0108721463869464,0.0112508291375291,0.0106311508158508,0.00961304023310023,0.00857075319347319,0.00873454734265734,0.00576478965034965
3829.91,0.0116924,0.01094,0.0113351,0.010723,0.00971143,0.00865615,0.00880222,0.00573553,,,0.0116772628571429,0.0109204485714286,0.0113167228571429,0.0107103057142857,0.00969374457142857,0.00864223257142857,0.00879360485714286,0.00573302542857143,0.0116143370629371,0.0108457016317016,0.0112366613053613,0.0106622909090909,0.00960065375291375,0.00860058715617716,0.00875277,0.00576761228438228
3830.87,0.0116285,0.0108209,0.0112123,0.0106753,0.00957674,0.00855049,0.00879446,0.00576069,,,0.01162784,0.0108268742857143,0.0112195257142857,0.0106809142857143,0.00958056457142857,0.00855949,0.00879121657142857,0.00575859685714286,0.0116410144522145,0.0108756601398601,0.0112511034965035,0.0107124624708625,0.00959328526806527,0.00862256361305361,0.00879637062937063,0.00579757862470862
3831.84,0.011576,0.0107758,0.0111418,0.0106634,0.00946636,0.0085096,0.00878184,0.00580981,,,0.0115963142857143,0.0108013085714286,0.0111655514285714,0.0106799257142857,0.00948764285714285,0.00853080142857143,0.00879528,0.00581782342857143,0.0116680041958042,0.010919917016317,0.0112533627039627,0.0107470247086247,0.00958085405594406,0.00860648265734266,0.00885150048951049,0.00584003214452214
3832.8,0.0116489,0.0109177,0.011218,0.0107416,0.00949772,0.00859259,0.0088539,0.00590958,,,0.0116471685714286,0.0109145885714286,0.0112107742857143,0.0107366457142857,0.00949195742857143,0.008584562,0.008855514,0.00591166114285714,0.011685703962704,0.0109537876456876,0.0112297876456876,0.0107424673659674,0.00956534713286713,0.00855643944055944,0.00889786990675991,0.00588169846153846
3833.76,0.0117242,0.011062,0.0112582,0.0107714,0.00953995,0.00861122,0.00894338,0.0059932,,,0.0117110857142857,0.0110449857142857,0.0112405,0.0107594257142857,0.00953151914285714,0.008590304,0.00893618342857143,0.00598134142857143,0.0116835130536131,0.0109713177156177,0.0111874755244755,0.0106844537062937,0.0095361848018648,0.00850218918414918,0.00891549895104895,0.00591544153846154
3834.73,0.0116991,0.0110604,0.011164,0.0106721,0.00952941,0.00847091,0.00896419,0.00596959,,,0.0117018257142857,0.0110579314285714,0.0111697685714286,0.0106745514285714,0.00953839542857143,0.00847366742857143,0.00896440085714286,0.00596381285714286,0.0116450990675991,0.0109586752913753,0.0111172571095571,0.0105765011421911,0.0094768786013986,0.00845585827505827,0.00889568867132867,0.00593308398601398
3835.69,0.0116238,0.0109631,0.0110435,0.0105027,0.00950082,0.0083211,0.0089142,0.00588602,,,0.0116313,0.0109735742857143,0.0110553971428571,0.0105036171428571,0.00950121171428571,0.00833763685714286,0.00891327857142857,0.00589720914285714,0.011559624009324,0.0109005163170163,0.0110006314685315,0.0104377194405594,0.00938475107226107,0.0083958575058275,0.00883668869463869,0.00592559321678322
3836.66,0.0115167,0.0108491,0.0109375,0.0102936,0.00938407,0.00827906,0.00878882,0.00585716,,,0.0115040142857143,0.0108409228571429,0.0109249771428571,0.0102812905714286,0.00936021657142857,0.00828185257142857,0.00877941028571428,0.00586338628571428,0.0114316107226107,0.0107999494172494,0.010850117016317,0.0102949151282051,0.00926247095571095,0.00830229298368298,0.00873929815850816,0.00589294587412587
3837.62,0.0113087,0.0106752,0.010748,0.0100645,0.00910448,0.00826913,0.00859421,0.00586714,,,0.0113018085714286,0.0106653857142857,0.0107340028571429,0.0100748491428571,0.00910703257142857,0.008256758,0.00860091971428571,0.00585767542857143,0.0112971319347319,0.0106960543123543,0.0107251540792541,0.0101839688578089,0.009130912004662,0.00820097657342657,0.00862340923076923,0.00584823282051282
3838.59,0.0110787,0.0104936,0.0105231,0.00997871,0.00886566,0.00818307,0.00844631,0.00582745,,,0.01108716,0.0105041771428571,0.0105307028571429,0.00999025057142857,0.00888636085714285,0.00817226828571428,0.00844875028571428,0.00582259685714286,0.0112010144522145,0.0106358927738928,0.0106766783216783,0.0101295365734266,0.00902244573426573,0.00813617939393939,0.0085217144988345,0.00580901531468532
3839.55,0.010986,0.010471,0.0104742,0.0100788,0.00884144,0.00805698,0.00838278,0.00576,,,0.0110011885714286,0.01048972,0.01050276,0.0100836634285714,0.00884654171428571,0.00806953457142857,0.00838506342857142,0.00576827485714286,0.0111523801864802,0.0106276951048951,0.0106976426573427,0.0101310241025641,0.00895799025641025,0.00812293958041958,0.00845634212121212,0.00578168428904429
3840.51,0.0110912,0.0106507,0.010724,0.0102727,0.00896414,0.00805298,0.00841281,0.00574332,,,0.0110981428571429,0.0106512828571429,0.01073114,0.010265902,0.00895877428571428,0.00806612085714286,0.00841976657142857,0.00574733314285714,0.0111400391608392,0.0106554533799534,0.0107660456876457,0.0101853398368298,0.00895882617715618,0.00815018573426573,0.00844170489510489,0.00576062284382284
3841.48,0.0112777,0.0108576,0.011062,0.0104116,0.00910656,0.00818672,0.00851895,0.0057594,,,0.0112616628571429,0.0108385628571429,0.0110325828571429,0.0103946542857143,0.009094968,0.00817663571428571,0.00851004685714286,0.00575213828571428,0.0111617494172494,0.0107093265734266,0.0108823645687646,0.010288256037296,0.00904177368298368,0.0082075520979021,0.0084846068065268,0.00573923477855478
3842.44,0.0113479,0.0109098,0.0111944,0.010426,0.0092041,0.00832054,0.00860259,0.00574341,,,0.01133428,0.0108992228571429,0.0111778571428571,0.0104274914285714,0.00920706571428571,0.008316874,0.00859785685714285,0.00574009457142857,0.0112159128205128,0.0107871268065268,0.0110449641025641,0.0104180845920746,0.00919456727272727,0.00829559566433566,0.00857462347319347,0.00572243832167832
3843.41,0.0112913,0.0108475,0.0111706,0.0104441,0.0093274,0.00843443,0.00866899,0.00571524,,,0.0112997771428571,0.0108584028571429,0.0111913771428571,0.0104623228571429,0.00933853342857143,0.00844059714285714,0.00867748257142857,0.005722212,0.0112821086247086,0.0108728587412587,0.0112182783216783,0.0105384063869464,0.00936963815850816,0.0084090789044289,0.00868542382284382,0.00572364601398601
3844.37,0.0112563,0.0108343,0.011233,0.0105767,0.0095125,0.00855115,0.00877863,0.00573346,,,0.0112641,0.0108425114285714,0.0112446314285714,0.0105750971428571,0.00950737942857143,0.00854717628571428,0.00877862142857143,0.00573277342857143,0.0113329508158508,0.0109397666666667,0.0113468193473193,0.0106325393939394,0.00952638426573427,0.00852030386946387,0.00879553641025641,0.00575124445221445
3845.33,0.0112924,0.0109066,0.0113816,0.010722,0.00966555,0.00862151,0.00889291,0.0057753,,,0.0112915685714286,0.0109059828571429,0.0113741257142857,0.0107146714285714,0.00966188485714285,0.00861877228571428,0.00888981742857143,0.00577083942857143,0.0113566850815851,0.0109780317016317,0.0114013673659674,0.0107035594405594,0.00964868442890443,0.0085957251981352,0.00888803414918415,0.00580400414918415
3846.3,0.0113581,0.011005,0.0114807,0.0107969,0.00975244,0.00864268,0.00897333,0.005826,,,0.0113596342857143,0.0110058228571429,0.0114766028571429,0.0107970371428571,0.00975585742857142,0.00864519314285714,0.0089742,0.00583109657142857,0.0113697780885781,0.0110051902097902,0.0114099111888112,0.01075991002331,0.00973012965034965,0.00863670079254079,0.00895560095571096,0.00587540275058275
3847.26,0.0114216,0.0110773,0.0114818,0.0108038,0.00978182,0.00864377,0.00901747,0.00592284,,,0.0114183685714286,0.0110728257142857,0.0114770171428571,0.0108040828571429,0.009780332,0.00864249371428571,0.00901622028571428,0.00592939714285714,0.0113957634032634,0.0110325806526807,0.0114165114219114,0.0107921258275058,0.00976141111888112,0.00867303158508158,0.00899785055944056,0.0059534082983683
3848.23,0.0114332,0.0110617,0.0113842,0.0107435,0.00972247,0.00862457,0.00901276,0.00604364,,,0.0114291028571429,0.0110574657142857,0.0113822885714286,0.0107435514285714,0.00971855028571428,0.00862419628571428,0.00901172542857143,0.00603894371428571,0.0114174153846154,0.0110181192074592,0.0114099627039627,0.0107429321212121,0.00970298207459207,0.00869946902097902,0.00899855592074592,0.00600929198135198
3849.19,0.0113809,0.0109486,0.011243,0.0106135,0.00956053,0.00859976,0.00896121,0.00608972,,,0.0113856571428571,0.0109537771428571,0.0112526171428571,0.0106166457142857,0.00956404171428571,0.00860813171428571,0.00896298942857143,0.00608258342857143,0.0113645822843823,0.0108846995571096,0.0113029251748252,0.0105344466899767,0.00949064233100233,0.00862961906759907,0.00893577475524475,0.0059936062004662
3850.16,0.0113005,0.0107778,0.0111356,0.0104107,0.00932787,0.00858838,0.0088769,0.00601719,,,0.01130608,0.0107811942857143,0.0111471285714286,0.0104115725714286,0.00933253971428571,0.008598124,0.008876438,0.00601935085714286,0.0112230016317016,0.0106570521212121,0.0110894317016317,0.0102292374358974,0.00917989965034965,0.00845447972027972,0.00883061995337995,0.00590943435897436
3851.12,0.0111723,0.0105287,0.0110272,0.0100953,0.00901539,0.0085118,0.00875315,0.00586542,,,0.01116228,0.0105088048571429,0.0110159628571429,0.0100710454285714,0.008995002,0.00849388742857143,0.00874714828571428,0.005862312,0.011039920979021,0.0104133161072261,0.0108456207459207,0.0099419906993007,0.00887577694638695,0.00824457564102564,0.00872154836829837,0.00579693864801865
3852.08,0.0109115,0.0101411,0.0107485,0.00961732,0.00855951,0.00817771,0.00858867,0.00564857,,,0.0108805828571429,0.0101175594285714,0.0106962314285714,0.00958550114285714,0.00852335314285714,0.00811524314285714,0.00858162257142857,0.00562840742857143,0.0108622382284382,0.0102113689044289,0.0106257517482517,0.00974053230769231,0.00864557764568765,0.00805651792540792,0.00862987396270396,0.00568884515151515
3853.05,0.0105502,0.00978691,0.0102613,0.00920975,0.00813451,0.00760278,0.00845219,0.00541706,,,0.0105868342857143,0.009850378,0.0103114085714286,0.00929809228571428,0.008216464,0.00767293885714286,0.00847425628571428,0.00545022971428571,0.0107327853146853,0.0100910149417249,0.010464041025641,0.0096556934965035,0.00853224615384615,0.00792833344988345,0.00856457990675991,0.00561510083916084
3854.01,0.0104812,0.00991268,0.0101372,0.0094768,0.0083365,0.00753246,0.00849466,0.00545654,,,0.0104990885714286,0.00991109942857143,0.0101667114285714,0.00947715657142857,0.00834025685714285,0.00756702514285714,0.008496586,0.00546691485714286,0.0106830331002331,0.010074091048951,0.0103897128205128,0.00969812554778555,0.00855974181818182,0.00788164547785548,0.00853797804195804,0.00559818041958042
3854.98,0.0106699,0.0102245,0.0103632,0.00999202,0.00880546,0.00789368,0.00860959,0.00566568,,,0.01065046,0.0101971494285714,0.0103309542857143,0.00995194257142857,0.00876609142857143,0.00785704828571428,0.00859482914285714,0.00564876,0.0107225743589744,0.0101625268298368,0.0104217547785548,0.00986323149184149,0.00872469251748252,0.0079280927039627,0.0085658358041958,0.00564020284382284
3855.94,0.010873,0.0104469,0.010582,0.0103248,0.00913754,0.00821011,0.00866802,0.00582211,,,0.0108739428571429,0.0104479302857143,0.0105817342857143,0.0103206068571429,0.009138764,0.00820414,0.00866498657142857,0.00581873371428571,0.0108424722610723,0.0103436933799534,0.0105649032634033,0.0101241376689977,0.00899595682983683,0.00807377417249417,0.00865000268065268,0.00572409629370629
3856.91,0.011074,0.0106235,0.0108125,0.0105121,0.00938819,0.00843279,0.0087132,0.00590086,,,0.01107754,0.0106286685714286,0.0108241228571429,0.0105182611428571,0.00939620428571428,0.00843358714285714,0.00872383371428571,0.00589957428571428,0.0110100939393939,0.0105793175058275,0.0107916382284382,0.0104184582983683,0.00930770032634033,0.00829866391608391,0.00875976776223776,0.00582123351981352
3857.87,0.0112454,0.0107859,0.0110767,0.0106398,0.00959858,0.00858241,0.00882377,0.00591635,,,0.0112409,0.0107855314285714,0.0110746685714286,0.0106441285714286,0.00959714257142857,0.00858329114285714,0.00882997314285714,0.00591744114285714,0.011165472027972,0.0107891078321678,0.0110213797202797,0.0106468796736597,0.00955675836829837,0.00852857097902098,0.00884459123543124,0.00589191853146853
3858.83,0.0113184,0.0109054,0.011261,0.0107219,0.00971638,0.00867036,0.00895431,0.005898,,,0.01131396,0.0109053314285714,0.01125362,0.0107196628571429,0.00971188771428571,0.00867057942857143,0.00894789685714286,0.00589942628571428,0.0112434764568765,0.0108947172960373,0.0111457806526807,0.0107282062470862,0.00965743398601399,0.00865991736596737,0.00887731918414918,0.00590024783216783
3859.8,0.0112767,0.0109576,0.0112755,0.0107219,0.00970603,0.00869775,0.00898703,0.0058625,,,0.0112728942857143,0.0109564514285714,0.0112668428571429,0.0107176314285714,0.00970048857142857,0.00869378571428571,0.00897369714285714,0.00586041714285714,0.0112337529137529,0.0108998417249417,0.0111413808857809,0.0106899471794872,0.00964320741258741,0.00869274792540792,0.00887306706293706,0.00586659356643356
3860.76,0.0111558,0.0109189,0.0111164,0.0106294,0.00958438,0.00866313,0.00887896,0.0058099,,,0.01115946,0.0109142457142857,0.0111143257142857,0.0106316285714286,0.00958520028571428,0.00866469257142857,0.008877196,0.00580957428571429,0.0111522617715618,0.0108237862470862,0.0110415195804196,0.0105643962937063,0.00956264508158508,0.0086606658974359,0.00884868107226107,0.00582457937062937
3861.73,0.0110356,0.0107791,0.0108809,0.0104838,0.00943293,0.0086113,0.00874268,0.00576455,,,0.0110432114285714,0.0107777628571429,0.0108897285714286,0.0104864314285714,0.00944068971428571,0.008619388,0.00875784971428571,0.00576872514285714,0.0110418948717949,0.0107090487179487,0.0109001937062937,0.0104046996736597,0.00945764508158508,0.00859368624708625,0.00881692850815851,0.00578905116550116
3862.69,0.0109533,0.0105823,0.0106904,0.0102985,0.00932361,0.00856883,0.00871135,0.0057546,,,0.0109409914285714,0.0105735485714286,0.0106824114285714,0.010279318,0.00931554085714286,0.00855782514285714,0.00871035057142857,0.00575403342857143,0.0109624328671329,0.0106088857808858,0.0107823526806527,0.0102776494405594,0.00937437773892774,0.00853422365967366,0.00879273603729604,0.00576657009324009
3863.66,0.0108573,0.0103882,0.0105633,0.0100562,0.00923782,0.00846793,0.00874115,0.00575949,,,0.0108522514285714,0.0103936,0.0105673285714286,0.0100546965714286,0.00923813628571428,0.00845619314285714,0.00873639457142857,0.00575737885714286,0.0109547421911422,0.0105604235431235,0.0107423785547786,0.0102294593473193,0.00934467934731935,0.00851242034965035,0.00879364596736597,0.00575788037296037
3864.62,0.0108396,0.0103586,0.0106112,0.00996339,0.0092511,0.0083692,0.00879992,0.00576527,,,0.01086954,0.01038974,0.0106394942857143,0.0100101951428571,0.00927382542857143,0.008396812,0.00880926542857143,0.00576688657142857,0.0110161808857809,0.0105687125874126,0.0107917412587413,0.0102624401165501,0.00937114797202797,0.00853023846153846,0.00882381242424243,0.00576408491841492
3865.58,0.0110511,0.0105923,0.0108987,0.0102441,0.0094353,0.00847017,0.00891098,0.00578262,,,0.0110499342857143,0.0105832742857143,0.0108883885714286,0.0102395622857143,0.00942788228571428,0.00847545257142857,0.00890870085714286,0.00578209457142857,0.0110911867132867,0.010602148018648,0.010880444988345,0.010311191981352,0.00942355132867133,0.00854595244755245,0.0088694217016317,0.00578433666666666
3866.55,0.0112934,0.0108248,0.0111603,0.0105763,0.00959714,0.00864623,0.00898862,0.00580336,,,0.0112819571428571,0.0108123457142857,0.0111498342857143,0.0105594237142857,0.00958681057142857,0.008636324,0.00898160857142857,0.005802766,0.0111428156177156,0.0106495405594406,0.0109705463869464,0.01034547997669,0.00947348456876457,0.00854011762237762,0.00891345097902098,0.00580759086247086
3867.51,0.0113817,0.0108969,0.0112508,0.0106909,0.00962988,0.00871114,0.00897372,0.00582544,,,0.0113716628571429,0.0108875485714286,0.01124186,0.0106753771428571,0.00962593285714286,0.008700862,0.00896776457142857,0.00582762485714286,0.011173748018648,0.0107115864801865,0.0110533846153846,0.0103825763636364,0.00951007468531469,0.00853018186480187,0.00893598275058275,0.0058250527039627
3868.48,0.0112647,0.0107947,0.0111471,0.0105157,0.00954729,0.00859423,0.00888896,0.00585374,,,0.0112431257142857,0.01077952,0.0111264685714286,0.0104830085714286,0.00953988942857143,0.00857098942857143,0.00889389714285714,0.00585344942857143,0.0111836076923077,0.0107671048951049,0.0111125447552448,0.0104145361538462,0.00952264715617715,0.00851928533799534,0.00892171013986014,0.0058360027039627
3869.44,0.0110082,0.0106134,0.0109304,0.0101596,0.00940919,0.00834474,0.0088265,0.00586765,,,0.0110375742857143,0.01064526,0.0109654742857143,0.01020892,0.00942396114285714,0.00837649028571428,0.008839946,0.005862556,0.0111438384615385,0.0107692834498834,0.0111026303030303,0.0103884840559441,0.0094836737995338,0.00846998331002331,0.00885244265734265,0.00584168988344988
3870.4,0.0109297,0.0106253,0.0109226,0.0101129,0.00936174,0.00828305,0.0088209,0.00584995,,,0.0109457114285714,0.0106341885714286,0.0109372742857143,0.0101347657142857,0.00936917914285714,0.00829945314285714,0.00881095628571428,0.00585252485714286,0.0110532459207459,0.0107089172494172,0.0110213125874126,0.0102988932400932,0.00940161990675991,0.00837462333333333,0.00875159102564102,0.00584843566433566
3871.37,0.011004,0.010731,0.0110364,0.0102905,0.00937877,0.00835912,0.00874985,0.00584285,,,0.0109855285714286,0.0107124857142857,0.0110130085714286,0.0102597457142857,0.00936681371428571,0.00833446085714286,0.00873810285714285,0.005843564,0.0109783515151515,0.0106510442890443,0.0109425643356643,0.0102363256410256,0.00933897988344988,0.00829964400932401,0.00867872696969697,0.00586458426573427
3872.33,0.0110191,0.0107274,0.0110133,0.0103522,0.00934732,0.00833154,0.00860705,0.00585852,,,0.01100512,0.0107117828571429,0.0109921628571429,0.0103331542857143,0.009335098,0.00831401571428571,0.00860208714285714,0.00585843771428571,0.0109716188811189,0.0106438501165501,0.0109157284382284,0.0102643018648019,0.00933388976689977,0.00829436766899767,0.00866446048951049,0.00589141130536131
3873.3,0.0109785,0.0106274,0.0108677,0.0103166,0.00929392,0.00824659,0.00852325,0.0059008,,,0.0109920257142857,0.0106387914285714,0.0108863,0.0103378742857143,0.00931073542857143,0.008272696,0.00855163685714285,0.00590499657142857,0.0110390237762238,0.0106919396270396,0.0109473111888112,0.0103820284382284,0.00938948610722611,0.00835836599067599,0.0087047544055944,0.00592602289044289
3874.26,0.0110488,0.0106261,0.0108606,0.0104245,0.00938769,0.008355,0.0086871,0.00597449,,,0.0110650428571429,0.0106477514285714,0.0108845314285714,0.0104440942857143,0.009401064,0.00837296485714286,0.00869421171428571,0.00597332342857143,0.0111482857808858,0.0107680538461538,0.0110116191142191,0.0105382615384615,0.00948884104895105,0.00845836608391608,0.00878079475524475,0.00596670622377622
3875.23,0.0112388,0.0107857,0.011036,0.0106685,0.00960157,0.00860293,0.00895607,0.00603543,,,0.0112279485714286,0.0107763914285714,0.0110198085714286,0.01065134,0.00958794571428571,0.00858049,0.00893553971428571,0.00603152571428571,0.0112414347319347,0.0108248347319347,0.0110555289044289,0.0106505699300699,0.00959601249417249,0.00854545067599067,0.00888096065268065,0.0060062972960373
3876.19,0.0113678,0.0109158,0.0111587,0.0108126,0.00975247,0.00872695,0.00910466,0.00605307,,,0.01136132,0.0109084114285714,0.0111531285714286,0.01080546,0.00974978028571428,0.008718724,0.00910074285714286,0.00605305542857143,0.0112825417249417,0.0108335060606061,0.0110623123543124,0.0106967503496503,0.00967624482517482,0.00860993659673659,0.00899605983682983,0.00602705645687646
3877.15,0.0113817,0.0109346,0.0111824,0.010821,0.00981625,0.00872543,0.00914689,0.00604241,,,0.0113840057142857,0.0109366314285714,0.0111855371428571,0.0108246,0.00981959628571428,0.00873159628571428,0.00915047714285714,0.00604431114285714,0.0112671981351981,0.0107940974358974,0.0110577067599068,0.0107039531468531,0.00971620561771562,0.00866182601398601,0.00909145801864802,0.00602328526806527
3878.12,0.011302,0.0108465,0.0111258,0.0107412,0.00980015,0.00869271,0.00914248,0.00601862,,,0.01129942,0.0108403714285714,0.0111157285714286,0.0107353028571429,0.00979369314285714,0.00869473885714286,0.00914553485714286,0.00601701971428571,0.0112026629370629,0.0107171104895105,0.0110494431235431,0.0106809062937063,0.00970947114219114,0.00869008072261072,0.00912835454545455,0.0060025796037296
3879.08,0.0111233,0.0106322,0.010971,0.0105787,0.00967237,0.00865119,0.0091093,0.00597469,,,0.01110722,0.0106141571428571,0.0109630885714286,0.0105695542857143,0.00966046171428571,0.00864513257142857,0.00910553285714286,0.005970034,0.0111008247086247,0.0106128303030303,0.0110201459207459,0.0106222041958042,0.00965374095571096,0.0086818341958042,0.00909534221445221,0.00597880596736597
3880.05,0.0108703,0.0103439,0.0108176,0.0104078,0.00947644,0.0085996,0.00902958,0.00592228,,,0.0108839028571429,0.0103647114285714,0.0108448057142857,0.0104301971428571,0.00949197828571428,0.00860578857142857,0.009025308,0.00592824142857143,0.0109919855477855,0.0105071785547786,0.010972855011655,0.0105498948717949,0.00957636272727273,0.00866363051282051,0.00903130564102564,0.00596948517482517
3881.01,0.0107553,0.0102443,0.0108575,0.0104095,0.00939482,0.00860734,0.0089295,0.00592737,,,0.0107727,0.0102611857142857,0.0108594114285714,0.01041406,0.009403286,0.00861219057142857,0.00893504142857143,0.00593113028571429,0.0109081773892774,0.0104227258741259,0.0109229668997669,0.0104931839160839,0.00950522834498834,0.00866114186480186,0.00897366216783217,0.00598044699300699
3881.98,0.0108319,0.0103533,0.0109652,0.0105035,0.00942869,0.00867161,0.00888508,0.00598639,,,0.01082776,0.0103487228571429,0.01095338,0.0104939514285714,0.00942477457142857,0.00867069114285714,0.00889026228571429,0.00598525171428571,0.0108674174825175,0.010370331002331,0.0108818331002331,0.010462713986014,0.00944645566433566,0.00866348412587412,0.00893369564102564,0.00600129356643357
3882.94,0.0109507,0.0104938,0.0109929,0.0105563,0.00948046,0.00873302,0.00890769,0.0060519,,,0.0109421457142857,0.0104851257142857,0.0109861542857143,0.0105519028571429,0.00947867371428571,0.00873129714285714,0.00890686285714285,0.00605169771428571,0.0108797195804196,0.0103690284382284,0.0108717384615385,0.010466796037296,0.0094151672960373,0.00866619885780886,0.00891868363636364,0.00602064104895105
3883.9,0.0110106,0.0105421,0.0109307,0.0105458,0.00949822,0.0087429,0.00894824,0.00608974,,,0.0110020285714286,0.0105238171428571,0.0109224971428571,0.01053926,0.00948786657142857,0.00873214114285714,0.00894117971428571,0.00608604571428571,0.0109391864801865,0.0104229132867133,0.0109037277389277,0.010504203962704,0.00942381738927739,0.00867616223776223,0.00893034090909091,0.00603118275058275
3884.87,0.0110103,0.0104757,0.0108474,0.0105012,0.0094509,0.00867268,0.00896729,0.00606811,,,0.0110192657142857,0.01048674,0.0108629057142857,0.0105100714285714,0.00945143142857143,0.008673076,0.00897112228571428,0.00606398714285714,0.0110239072261072,0.0105142652680653,0.0109686461538462,0.0105607857808858,0.00946593955710955,0.00869708608391608,0.0089674158974359,0.00602816853146853
3885.83,0.0110485,0.0104854,0.0109075,0.010528,0.00942822,0.00861931,0.00900777,0.00599831,,,0.0110538742857143,0.0105029885714286,0.0109190971428571,0.0105359714285714,0.00944233285714285,0.00863444542857143,0.00901157228571428,0.00600152942857143,0.01109862004662,0.0106125573426573,0.0110501641025641,0.0106182426573427,0.00952258265734266,0.00872038002331002,0.00902426855477855,0.00601104165501166
3886.8,0.0111193,0.0106332,0.0110946,0.0106282,0.0095137,0.00867512,0.0090679,0.00593974,,,0.0111127942857143,0.0106229057142857,0.0110855657142857,0.0106222085714286,0.00951148085714286,0.00867416942857143,0.00906251628571428,0.00594151171428571,0.0111315699300699,0.0106932470862471,0.0111264093240093,0.0106584627039627,0.00957715916083916,0.00872934344988345,0.0090781482051282,0.00598471386946387
3887.76,0.0111541,0.0107759,0.011257,0.0107108,0.00962621,0.00875586,0.00910154,0.00591424,,,0.0111575971428571,0.0107783342857143,0.0112596142857143,0.01071416,0.00962558428571428,0.00875345828571428,0.00910413285714286,0.00591648057142857,0.0111104932400932,0.0107391771561772,0.0111638258741259,0.010657282983683,0.00960669221445221,0.00871120433566433,0.00909639832167832,0.00595105037296037
3888.72,0.0111602,0.0108904,0.0113484,0.0107547,0.00971051,0.00878837,0.00912536,0.00592298,,,0.0111623685714286,0.0108944885714286,0.0113474657142857,0.0107555485714286,0.00971205028571428,0.00878512914285714,0.00913119542857143,0.00592549485714286,0.0110617242424242,0.0107649424242424,0.0111609585081585,0.0106198944055944,0.00960550188811189,0.00867332489510489,0.00907476354312354,0.0059169337995338
3889.69,0.0111041,0.0109252,0.011292,0.0106996,0.00971866,0.00872751,0.00912578,0.00594099,,,0.0110840257142857,0.0109024428571429,0.0112641342857143,0.0106765428571429,0.009704896,0.00871544828571428,0.00911489,0.00593523771428571,0.0110182223776224,0.0107886708624709,0.0111289512820513,0.0105660710955711,0.00958518585081585,0.00863042710955711,0.00903297587412587,0.00589231972027972
3890.65,0.010927,0.0107811,0.0110219,0.0104753,0.00958475,0.00856595,0.00902114,0.00591396,,,0.0109249514285714,0.0107741657142857,0.0110218057142857,0.0104724028571429,0.009574946,0.0085667,0.00900739228571428,0.00590787857142857,0.0109923263403263,0.0108022475524476,0.0110773752913753,0.0105112524475524,0.00955654489510489,0.00859124,0.00899076888111888,0.00588051090909091
3891.62,0.0108043,0.0106244,0.0107973,0.0102806,0.00940345,0.00843708,0.00885683,0.00585469,,,0.01083616,0.0106576142857143,0.0108348685714286,0.0103123914285714,0.00942261314285714,0.00845233885714286,0.00887521657142857,0.00586187457142857,0.0109938680652681,0.0108054857808858,0.0110378925407925,0.01048031002331,0.00953529104895105,0.00856952762237762,0.00896660356643357,0.00588111995337995
3892.58,0.0109353,0.0107023,0.0108785,0.0103481,0.00938381,0.00846554,0.00883863,0.00584693,,,0.0109352485714286,0.0107049657142857,0.0108763142857143,0.0103484,0.00939165114285714,0.00846747971428571,0.00884855057142857,0.00584935828571428,0.0110337226107226,0.0108177634032634,0.0110449428904429,0.0104979006993007,0.00954246221445221,0.00858661083916084,0.00897204277389277,0.00589810857808858
3893.55,0.0111476,0.0108745,0.0110875,0.0105395,0.00951131,0.00859795,0.00895781,0.00589061,,,0.0111331314285714,0.0108611628571429,0.0110787914285714,0.0105316057142857,0.00951080085714285,0.00859817542857143,0.00895382771428571,0.00588956428571428,0.0111005156177156,0.0108445344988345,0.0110972149184149,0.0105572839160839,0.00957483839160839,0.00863996624708625,0.00899918093240093,0.00592961694638695
3894.51,0.0112694,0.0109696,0.0112718,0.010713,0.00967995,0.0087583,0.0090899,0.00595733,,,0.0112660057142857,0.0109638228571429,0.0112715942857143,0.0107124171428571,0.00967692771428571,0.00875710771428571,0.009085094,0.00595888228571429,0.0111603617715618,0.0108752426573427,0.0111658335664336,0.0106234664335664,0.00960816685314685,0.00869879505827506,0.00902739878787879,0.00596181426573427
3895.47,0.0112977,0.0109718,0.0113805,0.0108189,0.00978967,0.00886795,0.00915689,0.00603089,,,0.011304,0.0109770542857143,0.0113784085714286,0.0108189428571429,0.00978464114285714,0.008864158,0.00915549971428571,0.006032186,0.0111982132867133,0.010899965034965,0.0112269445221445,0.0106743016317016,0.00963744769230769,0.00873850594405594,0.00904625090909091,0.00598845452214452
3896.44,0.0112691,0.0109327,0.0113651,0.0108143,0.00977567,0.00886217,0.00913684,0.00607698,,,0.0112614885714286,0.0109316028571429,0.0113538114285714,0.0108026085714286,0.00976532514285714,0.00885311171428571,0.00913191742857143,0.00607132542857143,0.0112085585081585,0.0108994319347319,0.0112514081585082,0.010692596969697,0.00966246885780886,0.00874588501165501,0.00904664212121212,0.00601006981351981
3897.4,0.0111467,0.0108426,0.0112015,0.0106558,0.00963182,0.00872047,0.00902403,0.00604617,,,0.0111320342857143,0.0108317742857143,0.0111924228571429,0.0106425742857143,0.00962411942857143,0.00871161657142857,0.00901624457142857,0.00603711685714286,0.0111795876456876,0.0108530958041958,0.0112187228438228,0.0106597694638695,0.00966228808857809,0.00871224083916084,0.00901457608391608,0.006017151002331
3898.37,0.0109824,0.0107046,0.0109973,0.0104364,0.00947268,0.00852804,0.00887017,0.005955,,,0.0110083114285714,0.0107164457142857,0.0110211028571429,0.0104626114285714,0.00949788857142857,0.00854651742857143,0.00888190342857143,0.00596514428571428,0.0111273128205128,0.0107782862470862,0.0111526090909091,0.0105903,0.00963123713286713,0.0086481072027972,0.00896532184149184,0.00600403799533799
3899.33,0.0109992,0.0106481,0.010966,0.0104034,0.00950265,0.00847336,0.0088178,0.00592563,,,0.0110138571428571,0.0106597657142857,0.0109776828571429,0.0104184428571429,0.00951397285714286,0.00848476514285714,0.00882768457142857,0.00593527542857143,0.0110795741258741,0.0107025962703963,0.0110783421911422,0.0105126988344988,0.00959007755244755,0.00857533365967366,0.00892184892773893,0.0059775562004662
3900.3,0.0111178,0.0106643,0.0110434,0.0104983,0.00963203,0.00852934,0.00887257,0.00596187,,,0.0110907057142857,0.0106495228571429,0.0110249714285714,0.0104748742857143,0.00960931742857143,0.008515,0.00886615342857143,0.00595154485714286,0.0110398510489511,0.0106304328671329,0.0109964191142191,0.0104448048951049,0.00956123118881119,0.00851159771561771,0.00888800265734266,0.00595013638694639
3901.26,0.0110879,0.0106083,0.011029,0.0104871,0.00963902,0.00853583,0.00892481,0.005955,,,0.0110827228571429,0.0106046228571429,0.0110263428571429,0.0104814942857143,0.009632204,0.00853255314285714,0.00892410371428571,0.00595062257142857,0.0109946939393939,0.01055302004662,0.0109101470862471,0.0103952298368298,0.00954802643356643,0.00846828468531468,0.00886325806526807,0.0059294986013986
3902.22,0.0109753,0.0105076,0.0109373,0.0104091,0.0095668,0.00849998,0.00893971,0.00591676,,,0.0109918685714286,0.0105167885714286,0.0109406,0.0104205085714286,0.009580378,0.008504534,0.00893569171428571,0.00592407228571428,0.0109436398601399,0.0104762692307692,0.0108412557109557,0.0103718181818182,0.00954475491841492,0.00845306058275058,0.00885162895104895,0.00591650184149184
3903.19,0.0109062,0.0104326,0.0108138,0.010369,0.00953807,0.00846717,0.0088907,0.00590996,,,0.0108979714285714,0.0104258542857143,0.0108001371428571,0.0103636342857143,0.00953585,0.00846167142857143,0.008882552,0.00591101428571428,0.0108886060606061,0.0104120102564103,0.010801041958042,0.0103700743589744,0.00954295109557109,0.00845948018648018,0.00884966300699301,0.00590669648018648
3904.15,0.0108135,0.0103465,0.0106655,0.0103384,0.00951712,0.00842965,0.00879809,0.0059121,,,0.0108055114285714,0.0103425314285714,0.0106738057142857,0.0103354771428571,0.00950877228571428,0.00843118771428571,0.00880568685714286,0.00590603142857143,0.0108338965034965,0.0103688671328671,0.0107892226107226,0.0103827433566434,0.00954010533799534,0.00847457853146853,0.00885099916083916,0.00589778013986014
3905.12,0.0107261,0.0102912,0.0106588,0.0103515,0.00949414,0.00844382,0.00877725,0.00588838,,,0.01073774,0.0103006285714286,0.0106786171428571,0.0103605085714286,0.00950184657142857,0.00845204942857143,0.00878481085714286,0.00588759314285714,0.0108152554778555,0.0103702328671329,0.0108242,0.0104339524475524,0.00955970023310023,0.00850834997668998,0.0088658320979021,0.00590118319347319
3906.08,0.0107661,0.0103549,0.0108632,0.0104766,0.00955671,0.00854814,0.00885492,0.0058748,,,0.0107722542857143,0.01035862,0.0108600971428571,0.0104797457142857,0.00956413028571428,0.00854747742857143,0.00885302057142857,0.00588020942857143,0.0108605862470862,0.0104349911421911,0.0109178344988345,0.0105424624708625,0.00961912668997669,0.00857512603729604,0.00890464314685315,0.00592217967365967
3907.05,0.0109198,0.0105158,0.011117,0.0106769,0.0097025,0.00868506,0.00896963,0.00591654,,,0.0109195,0.0105154914285714,0.0111086,0.0106761457142857,0.00970065114285714,0.00868195028571428,0.00896989314285714,0.00592140428571428,0.0109501128205128,0.0105469254079254,0.0110477512820513,0.0106827475524476,0.00970149405594405,0.00866826312354312,0.00896162864801865,0.00594587953379953
3908.01,0.0111017,0.0107087,0.0112947,0.0108789,0.00984261,0.00880476,0.00908207,0.00599567,,,0.0110979628571429,0.0107077914285714,0.01129068,0.0108765857142857,0.00983605114285714,0.008803584,0.00908096428571428,0.00599278228571428,0.0110536794871795,0.0106765377622378,0.0111833277389277,0.0108216715617716,0.00978383673659674,0.0087764441025641,0.00902842624708625,0.00596274438228438
3908.97,0.0112298,0.010872,0.0113688,0.0110179,0.00990971,0.0088937,0.00914986,0.00603751,,,0.0112244942857143,0.0108681257142857,0.01136658,0.0110123371428571,0.009906668,0.00889267228571428,0.00914391485714285,0.00602887257142857,0.0111498174825175,0.0107987843822844,0.0112951135198135,0.010938731002331,0.00985546191142191,0.00888335745920746,0.00909025470862471,0.00597621219114219
3909.94,0.0112657,0.0109547,0.0113587,0.0110562,0.00991299,0.00895206,0.00914352,0.00600107,,,0.0112653057142857,0.0109510657142857,0.0113589057142857,0.0110537742857143,0.00991589057142857,0.00895391571428571,0.00914225057142857,0.00600081371428571,0.0112078188811189,0.0108865191142191,0.011350141025641,0.0110105496503496,0.00990157685314685,0.00895853254079254,0.00912498682983683,0.00598209986013986
3910.9,0.0112329,0.010951,0.0113097,0.011021,0.00989713,0.00899201,0.00910293,0.00594613,,,0.0112341771428571,0.0109506485714286,0.01131258,0.01102472,0.00989887085714286,0.00899514028571428,0.00910847742857143,0.00595419057142857,0.0112068703962704,0.0109225011655012,0.0113431682983683,0.0110227286713287,0.00990536552447552,0.00897965522144522,0.00912530794871795,0.00596924146853147
3911.87,0.0111595,0.0108975,0.0112647,0.0109678,0.00987297,0.00900407,0.00908278,0.00593546,,,0.01115686,0.0108982371428571,0.0112666457142857,0.0109690257142857,0.00987153,0.00899979542857143,0.00908406057142857,0.00593579685714286,0.0111567671328671,0.0109076596736597,0.0112980382284382,0.0109828603729604,0.00986939571095571,0.00894735641025641,0.00909949102564102,0.0059446844988345
3912.83,0.0110587,0.0108349,0.011233,0.0109087,0.00983104,0.00894224,0.00907304,0.00593779,,,0.0110593428571429,0.0108379428571429,0.0112331028571429,0.0109071828571429,0.00983032685714286,0.00893620142857143,0.00906986,0.00593034228571428,0.0110835128205128,0.010858520979021,0.0112386990675991,0.0109144452214452,0.00981839538461538,0.00888184291375291,0.00906516151515151,0.00593351897435897
3913.79,0.0109745,0.0107953,0.0112012,0.0108415,0.00977867,0.00881039,0.00904874,0.00591792,,,0.0109790771428571,0.0107965085714286,0.0111998114285714,0.01084168,0.00977774514285714,0.00881078171428571,0.00904750914285714,0.00591790371428571,0.0110142244755245,0.0108076151515152,0.0111831277389277,0.0108473727272727,0.00977992834498835,0.00881123822843823,0.00904377561771562,0.0059475517016317
3914.76,0.0109434,0.0107753,0.0111547,0.0107817,0.00973151,0.00868284,0.00902201,0.00592754,,,0.0109435285714286,0.0107698314285714,0.0111514,0.0107808257142857,0.00973089885714285,0.00868584514285714,0.009022292,0.00593825257142857,0.0109666592074592,0.010783562004662,0.0111381020979021,0.0107980484848485,0.00976440533799534,0.00875291575757576,0.00904211363636363,0.00597955582750583
3915.72,0.0109485,0.0107574,0.0110951,0.0107427,0.009716,0.00862934,0.00901934,0.00601853,,,0.0109470257142857,0.0107593114285714,0.0110968571428571,0.0107456142857143,0.00972196742857143,0.00863756428571428,0.00902432342857143,0.00602118028571428,0.0109507783216783,0.0107957967365967,0.0111047081585082,0.0107665794871795,0.0097680965967366,0.00871500095571095,0.00905186342657343,0.00601687221445221
3916.69,0.0109714,0.0107879,0.0110625,0.0107481,0.00976571,0.00868458,0.00906393,0.00611779,,,0.0109711771428571,0.01079684,0.0110669914285714,0.0107515285714286,0.00976846742857143,0.00868690885714286,0.00906552514285714,0.00610357514285714,0.0109730233100233,0.0108373787878788,0.011090065034965,0.0107573995337995,0.00978495412587413,0.00871097965034965,0.00906877937062937,0.00605214773892774
3917.65,0.0110109,0.0108908,0.0110765,0.0107875,0.00984459,0.0087873,0.00912084,0.0061213,,,0.0110102142857143,0.0108877828571429,0.0110727971428571,0.0107810885714286,0.00983928,0.00877791171428571,0.00911383457142857,0.00612027657142857,0.0110286282051282,0.010895086013986,0.0111009403263403,0.0107807927738928,0.00981164636363636,0.00875448918414918,0.00909506414918415,0.00608491188811189
3918.62,0.0110684,0.0109858,0.0111043,0.0108105,0.00988442,0.00884907,0.00913652,0.00609088,,,0.0110719914285714,0.0109813171428571,0.0111050457142857,0.0108087428571429,0.00988121514285714,0.00884690142857143,0.00913591142857143,0.00609943,0.0110974265734266,0.0109528303030303,0.0111328195804196,0.0108312303030303,0.00984454307692308,0.00883559125874126,0.00912507979020979,0.00611398557109557
3919.58,0.0111533,0.0110278,0.0111563,0.0108415,0.00987893,0.00889099,0.00913915,0.00610029,,,0.0111556142857143,0.01102744,0.0111625228571429,0.01085122,0.00987921885714285,0.008898574,0.00914522628571428,0.00610038942857143,0.0111517564102564,0.0109888657342657,0.0111666198135198,0.0108790983682984,0.00987239988344988,0.00891252321678322,0.00914507512820513,0.00613115778554779
3920.54,0.0112331,0.011024,0.0112342,0.0109254,0.00985924,0.00895946,0.00916401,0.00612354,,,0.0112290628571429,0.0110256285714286,0.0112314057142857,0.0109276114285714,0.009863008,0.00896281571428571,0.00916317171428571,0.00612035314285714,0.0111751771561772,0.0109846979020979,0.011182386013986,0.0108977878787879,0.00987536202797203,0.00894313233100233,0.00915036289044289,0.0061295927972028
3921.51,0.0112483,0.0109858,0.0112671,0.0109937,0.0098531,0.0090124,0.00917549,0.00613348,,,0.0112443228571429,0.0109847885714286,0.0112605342857143,0.0109838685714286,0.00985525828571428,0.009006316,0.009169718,0.006135436,0.0111742272727273,0.0109447869463869,0.0111822282051282,0.0108926466200466,0.00984732629370629,0.00892530939393939,0.00914892780885781,0.00612092198135198
3922.47,0.0111865,0.0109056,0.0112167,0.0109521,0.0098443,0.00896858,0.00914776,0.00614014,,,0.0111813485714286,0.0108980485714286,0.01121064,0.0109405028571429,0.00983922228571428,0.00895592685714285,0.00914640314285714,0.00613961028571428,0.0111622023310023,0.0108938347319347,0.0111851962703963,0.0108868941724942,0.00980850277389277,0.00888816289044289,0.00915308435897436,0.0061217910955711
3923.44,0.0110817,0.0107876,0.0111213,0.010821,0.00979145,0.00881775,0.00912233,0.00613073,,,0.01108518,0.0107888514285714,0.0111245571428571,0.0108265028571429,0.00978495714285714,0.008818488,0.00912936457142857,0.00612595485714286,0.0111417268065268,0.0108544303030303,0.0112008223776224,0.0108914643356643,0.00978032258741259,0.00885417797202797,0.0091688862004662,0.00612627692307692
3924.4,0.011028,0.0107241,0.0110899,0.0107561,0.0097124,0.00869728,0.00915654,0.00609864,,,0.01104102,0.0107402314285714,0.0111059971428571,0.0107756942857143,0.00972007742857143,0.00871666257142857,0.00915965314285714,0.00610278514285714,0.0111095673659674,0.0108271263403263,0.0112137666666667,0.0108923967365967,0.00976306421911422,0.00882353962703963,0.00919039643356643,0.00612085547785548
3925.37,0.0110789,0.0107928,0.0111935,0.0108489,0.00970075,0.00873593,0.00922566,0.00609297,,,0.01107704,0.0107934342857143,0.0111957542857143,0.0108484971428571,0.00970899314285714,0.00873783542857143,0.00922118228571428,0.00609812657142857,0.0110801149184149,0.0108069088578089,0.0112119561771562,0.0108792925407925,0.00975095848484848,0.00879882871794872,0.00921492149184149,0.00610542904428904
3926.33,0.011136,0.0108832,0.0113153,0.0109623,0.00976053,0.00883633,0.00926864,0.00611446,,,0.0111248228571429,0.0108711314285714,0.0113025885714286,0.0109493914285714,0.00975560828571428,0.00882562,0.00926657771428571,0.00610937371428571,0.0110781412587413,0.010798441958042,0.0112054564102564,0.0108661662004662,0.00974814962703963,0.00879574934731935,0.00924579545454545,0.00608897804195804
3927.29,0.0111226,0.0108774,0.0113122,0.0109639,0.0097996,0.00887888,0.00927667,0.00610369,,,0.0111192828571429,0.0108700371428571,0.0113006628571429,0.0109556285714286,0.00979097028571429,0.00887369514285714,0.00927666571428571,0.00609818885714286,0.0111052044289044,0.0108028587412587,0.0111992403263403,0.0108657564102564,0.00975773694638694,0.00881761151515151,0.00926826986013986,0.00607906333333333
3928.26,0.0110924,0.0107983,0.0111894,0.0108719,0.00978324,0.00886893,0.009265,0.00606058,,,0.01110374,0.0108047971428571,0.01119492,0.0108772314285714,0.00978672257142857,0.00887467457142857,0.009268738,0.00606454514285714,0.011141596037296,0.0108096939393939,0.0111863391608392,0.0108721512820513,0.00977495090909091,0.00884975265734266,0.00925596331002331,0.00608172244755245
3929.22,0.0111378,0.0107547,0.0110867,0.010801,0.00977741,0.00887232,0.00924893,0.00604923,,,0.0111436714285714,0.0107634171428571,0.0110983228571429,0.0108093485714286,0.00978504885714286,0.00887594914285714,0.00924978457142857,0.00605463857142857,0.0111690149184149,0.0108072083916084,0.0111631512820513,0.0108692941724942,0.00979213368298368,0.00887616808857809,0.00920859214452214,0.00609576892773893
3930.19,0.0112189,0.0107796,0.0110795,0.0108037,0.00980744,0.00888787,0.00920015,0.00608748,,,0.0112072771428571,0.0107743371428571,0.0110753,0.0108014542857143,0.00980092828571428,0.00887922057142857,0.009189056,0.00608611285714286,0.0111804594405594,0.0107970216783217,0.0111366153846154,0.0108517393939394,0.00979959223776224,0.00888957396270396,0.00915183090909091,0.00610837594405594
3931.15,0.0112273,0.0108043,0.0111076,0.0108351,0.00980954,0.00887206,0.00908038,0.00613007,,,0.0112237685714286,0.01080028,0.0111059371428571,0.0108349714285714,0.009806168,0.00887382914285714,0.00907837428571429,0.00612902428571428,0.0111823494172494,0.0107988498834499,0.0111284258741259,0.0108375916083916,0.0097999444055944,0.00889848223776224,0.00910691995337995,0.00610905771561772
3932.12,0.0111902,0.0108215,0.0111598,0.0108765,0.00979589,0.00888228,0.00898077,0.00614769,,,0.0111983514285714,0.0108270628571429,0.0111655342857143,0.0108773828571429,0.009802724,0.00889351114285714,0.00899724171428571,0.00614681485714286,0.0111811177156177,0.0108265214452214,0.0111561193473193,0.0108453990675991,0.00980765608391609,0.00891272272727273,0.00907780123543124,0.00609677090909091
3933.08,0.011176,0.0108708,0.0112443,0.0109107,0.00981801,0.00895528,0.00901587,0.00612323,,,0.01117306,0.0108704828571429,0.0112394228571429,0.01090482,0.00981638914285714,0.00894906057142857,0.00901833085714286,0.00611917485714286,0.0111770757575758,0.0108732517482517,0.0112142473193473,0.0108748972027972,0.00982847526806527,0.00893402610722611,0.00906249874125874,0.00607311494172494
3934.04,0.011158,0.0109269,0.0113024,0.0109102,0.00984769,0.00899678,0.00910806,0.00604979,,,0.01115452,0.0109239942857143,0.0112987057142857,0.0109101314285714,0.00984539371428571,0.00898873742857143,0.00909862114285714,0.00604791028571428,0.0111738230769231,0.0109220536130536,0.0112804671328671,0.0109128212121212,0.00985452736596737,0.00895803897435897,0.00906439769230769,0.00604149675990676
3935.01,0.0111438,0.0109682,0.0113323,0.0109161,0.00987563,0.00898506,0.00915101,0.00596778,,,0.0111484457142857,0.0109694857142857,0.0113360628571429,0.0109219542857143,0.00987878685714286,0.00898962342857143,0.00914656828571428,0.00597156942857143,0.0111868715617716,0.0109665125874126,0.0113417834498834,0.0109555995337995,0.0098831568997669,0.00898631545454545,0.00909352055944056,0.00601374083916084
3935.97,0.0111816,0.011007,0.0113753,0.0109703,0.00991932,0.00899223,0.00914851,0.00593954,,,0.0111852514285714,0.0110077457142857,0.01137722,0.0109710542857143,0.00991936885714285,0.00899713628571428,0.00915039228571428,0.00594422342857143,0.0112271361305361,0.0110093114219114,0.0113988081585082,0.0110088641025641,0.00991989836829837,0.00902534102564103,0.00915042398601399,0.00600540636363636
3936.94,0.0112654,0.0110406,0.0114288,0.0110464,0.00995942,0.00903716,0.00915617,0.0059832,,,0.0112647828571429,0.0110395542857143,0.0114275314285714,0.011044,0.009956576,0.00903419514285714,0.00916110028571428,0.00598366285714286,0.0112792431235431,0.0110414771561772,0.0114421111888112,0.0110622923076923,0.00995657825174825,0.0090677993006993,0.00921001769230769,0.00602131871794872
3937.9,0.0113466,0.0110576,0.0114678,0.0111092,0.00997602,0.00908148,0.00920764,0.00606225,,,0.0113447657142857,0.0110584742857143,0.0114683571428571,0.0111117714285714,0.00997733657142857,0.00908156228571428,0.00921100514285714,0.00606120942857143,0.0113124641025641,0.0110479426573427,0.0114538079254079,0.0110898878787879,0.00997264883449883,0.00909607780885781,0.00924138822843823,0.00605351501165501
3938.86,0.0113838,0.0110588,0.0114821,0.0111515,0.00998239,0.00912141,0.00927905,0.00613478,,,0.0113827971428571,0.0110592542857143,0.01148282,0.0111524514285714,0.00998531971428571,0.00912639771428571,0.00927739057142857,0.006133904,0.0113109459207459,0.0110304319347319,0.0114318529137529,0.0110803927738928,0.0099604544988345,0.00910149874125874,0.00924206484848485,0.00608950755244755
3939.83,0.011357,0.0110348,0.011455,0.0111361,0.00997644,0.00915221,0.00930727,0.00617102,,,0.0113534257142857,0.01103066,0.01144978,0.01112668,0.009972804,0.00914863914285714,0.00930104971428571,0.00616762657142857,0.0112805741258741,0.0110015191142191,0.0113901834498835,0.0110450736596737,0.00993140433566433,0.00908478487179487,0.00922673776223776,0.00611620631701632
3940.79,0.0112579,0.0109709,0.0113614,0.0110147,0.0099219,0.00911095,0.00924853,0.00615142,,,0.0112503142857143,0.0109677285714286,0.0113540285714286,0.0110053828571429,0.00991400485714285,0.009099676,0.00924228228571428,0.00614821257142857,0.011236644988345,0.010971862004662,0.0113456522144522,0.0109991363636364,0.00990169808857809,0.00904854223776224,0.00920165613053613,0.00612372459207459
3941.76,0.0111199,0.0109007,0.0112371,0.0108489,0.00982492,0.00897636,0.00913163,0.00609602,,,0.0111253857142857,0.0109073342857143,0.0112448228571429,0.0108625457142857,0.00982944571428571,0.008978304,0.00913686371428571,0.00609924114285714,0.0111994407925408,0.0109516090909091,0.0113161431235431,0.0109553482517483,0.00988032932400932,0.00899882951048951,0.00916709326340326,0.00611449575757576
3942.72,0.0110649,0.0108948,0.0112039,0.010809,0.00978376,0.0088587,0.00905826,0.00606228,,,0.0110787857142857,0.0108991028571429,0.0112154714285714,0.0108234171428571,0.00979619971428571,0.008872278,0.00906684857142857,0.00606570257142857,0.0111875393939394,0.0109484533799534,0.0113143177156177,0.0109247648018648,0.00986563752913753,0.00894404652680653,0.00913055974358974,0.0061020693006993
3943.69,0.0111508,0.0109464,0.0112935,0.0109061,0.00984388,0.00884555,0.00906905,0.00607008,,,0.0111488714285714,0.0109431857142857,0.0112901314285714,0.0108967742857143,0.00984180742857142,0.00884532371428571,0.00906631142857143,0.00606892371428571,0.0112065979020979,0.0109629,0.0113375706293706,0.0109156079254079,0.00985420013986014,0.00889127822843823,0.0091089058041958,0.00609949102564103
3944.65,0.0112735,0.0109985,0.0114026,0.0109831,0.00990561,0.00886608,0.00910443,0.00609937,,,0.0112687171428571,0.0109978742857143,0.0113995657142857,0.0109755742857143,0.00989693742857143,0.00885957257142857,0.00910173,0.00610005742857143,0.0112426498834499,0.0109841207459207,0.0113665356643357,0.0109247902097902,0.00984424265734266,0.00884474300699301,0.00911113484848485,0.00611385277389277
3945.61,0.0113514,0.0110316,0.0114672,0.0109917,0.00989346,0.0088521,0.00913678,0.00614359,,,0.0113504571428571,0.0110321657142857,0.0114666085714286,0.0109947428571429,0.00989074114285714,0.00885095742857143,0.00913914657142857,0.00614441285714286,0.0112693286713287,0.010993,0.0113764167832168,0.0109349916083916,0.00983366986013986,0.00880661102564102,0.00912440939393939,0.00614285051282051
3946.58,0.0113587,0.0110335,0.0114587,0.0109714,0.00983312,0.00881134,0.00916998,0.00618816,,,0.0113560685714286,0.0110323,0.0114539685714286,0.01097398,0.00983764571428571,0.00881374342857143,0.009171924,0.00618664285714286,0.0112660459207459,0.0109787762237762,0.0113553002331002,0.010928451981352,0.00982249219114219,0.00877672888111888,0.00912758878787879,0.00617110363636364
3947.54,0.0112806,0.0109854,0.0113554,0.0109262,0.009782,0.00876486,0.0091803,0.0062089,,,0.0112748828571429,0.0109797342857143,0.01134844,0.0109186057142857,0.00978118657142857,0.00876143142857143,0.009174186,0.00620856828571428,0.0112258265734266,0.0109450128205128,0.0113081554778555,0.0108973515151515,0.00980652247086247,0.00874903839160839,0.00911079976689977,0.0061812448018648
3948.51,0.011133,0.0108825,0.0111908,0.01083,0.00974471,0.00870568,0.00912133,0.00619933,,,0.0111317057142857,0.01088022,0.0111919571428571,0.0108270342857143,0.00974335142857143,0.00870348314285714,0.00911387371428571,0.00619838542857143,0.0111602692307692,0.0109026011655012,0.0112537745920746,0.0108544613053613,0.00978401645687645,0.00872569289044289,0.00908534342657343,0.00617110701631702
3949.47,0.0109985,0.0107861,0.0110796,0.0107453,0.00973535,0.00866682,0.00901799,0.00615684,,,0.01100852,0.0107968142857143,0.0110937257142857,0.0107579085714286,0.00974325714285714,0.00867418457142857,0.00902387171428571,0.00615394371428571,0.011096948951049,0.0108625622377622,0.011215034032634,0.0108253603729604,0.00976928974358974,0.00872526834498835,0.00907490696969697,0.00615026692307692
3950.44,0.0109748,0.0107841,0.011123,0.0107692,0.00978387,0.00870693,0.00898219,0.00608984,,,0.0109812714285714,0.0107888314285714,0.0111292571428571,0.0107727828571429,0.00978220028571428,0.00870900428571428,0.00899122857142857,0.00609137428571428,0.0110577664335664,0.0108337498834499,0.0112043237762238,0.0108222685314685,0.00977570491841492,0.00875569076923077,0.00908933608391608,0.00612189193473193
3951.4,0.0110427,0.0108394,0.0112574,0.0108517,0.00982797,0.00879874,0.00905722,0.00604053,,,0.0110374714285714,0.01083124,0.0112484857142857,0.0108432485714286,0.00981948342857143,0.00879641371428571,0.00905845857142857,0.00604602342857143,0.011048203030303,0.0108193470862471,0.0112227944055944,0.0108393181818182,0.00979573578088578,0.00880318648018648,0.00911715675990676,0.00607994883449884
3952.36,0.0111075,0.0108597,0.0113462,0.010901,0.00982483,0.00889078,0.00918092,0.00603321,,,0.0111043114285714,0.0108571971428571,0.0113400628571429,0.0109007257142857,0.00982883714285714,0.00889185142857143,0.00918018714285714,0.00603504428571428,0.0110596766899767,0.0108142258741259,0.0112600869463869,0.0108632426573427,0.00981282156177156,0.00885112652680653,0.0091438820979021,0.00602208764568765
3953.33,0.0111355,0.0108479,0.0113568,0.0109239,0.00983064,0.00895872,0.00927668,0.00602809,,,0.0111362971428571,0.0108517485714286,0.0113580514285714,0.0109272,0.00983554457142857,0.00895480457142857,0.00927090285714286,0.00602121571428571,0.0110771377622378,0.0108143869463869,0.0112961118881119,0.0108835533799534,0.00982599219114219,0.00889404046620047,0.0091689265967366,0.00596031736596737
3954.29,0.0111302,0.0108361,0.0113282,0.0109304,0.00985484,0.00896573,0.00927644,0.00596398,,,0.0111269342857143,0.01083322,0.0113284314285714,0.0109257114285714,0.00984780885714285,0.008959946,0.00926687942857143,0.00595687857142857,0.0110861522144522,0.0108210836829837,0.0113135459207459,0.0108923526806527,0.00984433906759907,0.00892978055944056,0.00919326004662005,0.00591650013986014
3955.26,0.0110858,0.0108115,0.0112848,0.010892,0.00984965,0.00892066,0.00917954,0.00585989,,,0.0110834771428571,0.0108076942857143,0.0112836171428571,0.0108879714285714,0.00984711114285714,0.008923792,0.00918092171428571,0.00586342571428571,0.0110835144522145,0.0108369708624709,0.0113120953379953,0.0108896724941725,0.00987184685314685,0.00895484657342657,0.00920620722610723,0.00590551088578089
3956.22,0.0110346,0.0107949,0.0112483,0.0108349,0.00984932,0.00889984,0.00909686,0.00581768,,,0.0110385085714286,0.0108015171428571,0.0112504685714286,0.0108402142857143,0.009858656,0.00890720542857143,0.00910977628571428,0.00582754485714286,0.0110831531468532,0.0108654776223776,0.0113053333333333,0.0108872347319347,0.00990625687645687,0.00896755799533799,0.00919954230769231,0.0059245472960373
3957.19,0.011036,0.0108515,0.0112542,0.0108323,0.00991772,0.00894306,0.00912316,0.00589796,,,0.0110403285714286,0.01085936,0.01126002,0.0108387971428571,0.009922238,0.00894497828571428,0.00912770285714285,0.00590201,0.0110996494172494,0.0109024734265734,0.0113007533799534,0.0108895965034965,0.00993697850815851,0.00896623291375291,0.00917863538461538,0.00596221783216783
3958.15,0.0111038,0.0109693,0.0113127,0.0108954,0.0100098,0.00900418,0.00920251,0.00604625,,,0.0111052742857143,0.0109655457142857,0.0113141828571429,0.0108947742857143,0.0100023557142857,0.008999722,0.00919423342857143,0.00604229942857143,0.011134317016317,0.0109354592074592,0.0112965848484848,0.0108925328671329,0.0099536513986014,0.00895578883449884,0.00915770214452214,0.0060122327039627
3959.11,0.0112013,0.0110446,0.0113661,0.0109596,0.0100278,0.00901468,0.00922598,0.00616082,,,0.0111994142857143,0.01103542,0.0113574171428571,0.0109536514285714,0.0100200985714286,0.00900812285714286,0.00921931657142857,0.00615379742857143,0.0111803333333333,0.0109565543123543,0.0112918706293706,0.0109013792540793,0.00995717839160839,0.00894788603729604,0.00915105995337995,0.00607025897435897
3960.08,0.0112746,0.0110175,0.0113394,0.0109676,0.00996081,0.00895805,0.0091812,0.00618603,,,0.0112705028571429,0.0110148171428571,0.0113330742857143,0.0109622771428571,0.00996288257142857,0.00895721942857143,0.00918256114285714,0.00618252942857143,0.0112259841491842,0.0109646184149184,0.011288482983683,0.0109244944055944,0.00995143445221445,0.00894672731934732,0.00916168277389277,0.00612319568764569
3961.04,0.0112918,0.0109352,0.0112589,0.0109315,0.00988777,0.00889428,0.00913354,0.00614817,,,0.0112912342857143,0.0109401028571429,0.01126562,0.0109350571428571,0.00989454742857143,0.00890097,0.00913785657142857,0.00615139114285714,0.011255234032634,0.0109571037296037,0.0112888249417249,0.010956779020979,0.00993223885780886,0.00894831144522145,0.00917804979020979,0.00615484107226107
3962.01,0.0112688,0.0108762,0.0112247,0.0109255,0.00986344,0.00889305,0.00913249,0.00611437,,,0.0112699314285714,0.0108800314285714,0.0112302114285714,0.0109328971428571,0.00986375371428571,0.00889643657142857,0.00913487371428571,0.00611779257142857,0.0112555391608392,0.0109312585081585,0.0112922533799534,0.0109858655011655,0.00989708233100233,0.00895097426573426,0.00918806263403263,0.0061596089044289
3962.97,0.0112281,0.0108618,0.0112585,0.0109823,0.00986351,0.00894599,0.00917718,0.00611418,,,0.0112272257142857,0.0108615942857143,0.01125736,0.0109819057142857,0.00986117685714286,0.00894437342857143,0.00917849657142857,0.00611493257142857,0.0112279671328671,0.0108942051282051,0.0112962223776224,0.011007241958042,0.0098592741025641,0.00895751713286713,0.00919372832167832,0.00614752825174825
3963.93,0.011179,0.0108686,0.0113177,0.0110483,0.00986001,0.00900522,0.00923893,0.00613722,,,0.0111796428571429,0.0108685571428571,0.0113180857142857,0.0110443571428571,0.00985946485714286,0.00900409285714286,0.00923743085714285,0.00613765542857143,0.0111905051282051,0.0108637752913753,0.0113049118881119,0.0110235228438228,0.00984055142191142,0.00897217990675991,0.00920488636363636,0.006138241002331
3964.9,0.011141,0.0108756,0.011373,0.0110745,0.00985219,0.00904172,0.0092737,0.00616433,,,0.0111413942857143,0.0108737314285714,0.0113706171428571,0.0110731457142857,0.00985060514285714,0.00903910657142857,0.00926833857142857,0.006161546,0.0111662484848485,0.0108521093240093,0.0113266193473193,0.0110341459207459,0.00985054006993007,0.00899809198135198,0.00922436955710955,0.00614494916083916
3965.86,0.0111261,0.0108623,0.0113906,0.0110579,0.00984566,0.00903962,0.00925494,0.00617127,,,0.0111262542857143,0.0108594371428571,0.0113855171428571,0.0110577885714286,0.00984654028571428,0.00903665257142857,0.00925344,0.00616913914285714,0.0111628962703963,0.0108503662004662,0.011356858041958,0.0110313382284382,0.00987819990675991,0.0090290782983683,0.00924407214452214,0.00616246442890443
3966.83,0.0111417,0.01083,0.0113645,0.0110113,0.00986452,0.00901354,0.00921865,0.00616628,,,0.0111460542857143,0.0108331285714286,0.0113663857142857,0.01101088,0.00986969285714285,0.00901648428571428,0.00922373885714286,0.00617040114285714,0.0111704046620047,0.0108386916083916,0.0113790391608392,0.0110046335664336,0.00990318552447552,0.0090488103962704,0.00925234990675991,0.00617802955710956
3967.79,0.0111934,0.0108134,0.011348,0.0109488,0.0099226,0.00901272,0.00921833,0.00618246,,,0.0111945914285714,0.0108171971428571,0.0113543342857143,0.0109492542857143,0.00992429457142857,0.00901958742857143,0.00922220257142857,0.00618392485714286,0.0111771953379953,0.0108111554778555,0.0113850160839161,0.0109539925407925,0.00991162473193473,0.0090469658974359,0.00924597060606061,0.00618716687645688
3968.76,0.011236,0.0108107,0.0113724,0.0108894,0.00997338,0.00905205,0.00924811,0.00620483,,,0.0112289971428571,0.0108054542857143,0.0113721,0.0108907371428571,0.00996731914285714,0.00905053457142857,0.009244954,0.00620034542857143,0.0111793601398601,0.0107825372960373,0.0113800389277389,0.0108972263403263,0.00990353888111888,0.00902935815850816,0.00923522934731935,0.00619261694638695
3969.72,0.0112104,0.0107758,0.0113951,0.0108468,0.00995057,0.0090663,0.00925694,0.00620132,,,0.0112068257142857,0.0107706742857143,0.0113897257142857,0.0108458228571429,0.00994393314285714,0.00905711571428571,0.00925192571428571,0.00620124971428571,0.011176593006993,0.0107701268065268,0.0113728995337995,0.0108584778554779,0.00989060937062937,0.00901014962703963,0.00923362370629371,0.00619785293706294
3970.68,0.0111392,0.0107238,0.011377,0.0108191,0.00985859,0.00900792,0.00923059,0.00619218,,,0.0111429371428571,0.0107291914285714,0.0113763314285714,0.0108178485714286,0.00985933571428571,0.00900652542857143,0.00923216457142857,0.00619518685714286,0.0111646508158508,0.0107758321678322,0.0113668216783217,0.0108480813519814,0.00987943871794872,0.00899702843822844,0.00924059319347319,0.00620271051282051
3971.65,0.0110867,0.0107296,0.0113417,0.0108158,0.00977929,0.00893651,0.00921333,0.00619848,,,0.0110917742857143,0.01073818,0.0113457628571429,0.01081994,0.00978813485714285,0.00894471457142857,0.00921931714285714,0.00619851942857143,0.0111325496503496,0.0107861762237762,0.0113522144522145,0.0108545083916084,0.00986043037296037,0.00898395664335664,0.00924003501165501,0.00620127237762238
3972.61,0.0110736,0.0108052,0.0113206,0.010861,0.00978582,0.00892794,0.00923106,0.00620621,,,0.0110748428571429,0.0108035457142857,0.0113220571428571,0.0108659028571429,0.00979219628571428,0.00893197628571428,0.00923110628571428,0.00620515142857143,0.0110765470862471,0.0107886025641026,0.0113174041958042,0.0108634643356643,0.00982815020979021,0.00896400911421911,0.0092218327039627,0.00619274298368298
3973.58,0.0110614,0.0108625,0.0112977,0.0109305,0.00984814,0.00896236,0.00923983,0.0062009,,,0.0110561714285714,0.0108532,0.01129398,0.0109250314285714,0.00984140971428571,0.00895744857142857,0.00923343057142857,0.00619906142857143,0.0110108067599068,0.0107846023310023,0.0112679219114219,0.0108745820512821,0.00979884249417249,0.00894581799533799,0.00919503354312354,0.00618804163170163
3974.54,0.0109971,0.0108327,0.01124,0.0109429,0.00986182,0.00897283,0.00919515,0.00618043,,,0.0109909457142857,0.0108290057142857,0.01123556,0.0109325971428571,0.00985090257142857,0.00896737771428571,0.00919174885714285,0.00617935,0.01095158997669,0.0107815265734266,0.0112208,0.0108893918414918,0.00979126361305361,0.00894419946386946,0.00917259564102564,0.00619204512820513
3975.51,0.0108887,0.0107555,0.0111579,0.0108806,0.00980095,0.00894971,0.00912719,0.00616413,,,0.0108922571428571,0.0107606,0.0111609171428571,0.0108853228571429,0.00980433057142857,0.00895263285714286,0.00913234057142857,0.00616853314285714,0.0109046925407925,0.0107789505827506,0.0111847151515152,0.0109009025641026,0.00980647822843823,0.00895805445221445,0.00915718941724942,0.00619468878787879
3976.47,0.010816,0.0107137,0.0111136,0.0108462,0.00976699,0.00894697,0.0091058,0.00618393,,,0.0108223342857143,0.0107185,0.0111202857142857,0.0108575828571429,0.00977734171428571,0.00895327857142857,0.00911123428571428,0.00618742542857143,0.0108739794871795,0.0107734452214452,0.0111589072261072,0.0109018065268065,0.00983496503496503,0.00897258762237762,0.00914955937062937,0.00619081055944056
3977.43,0.0108173,0.0107306,0.0111341,0.0108872,0.00982196,0.00898448,0.00914074,0.00622039,,,0.0108161428571429,0.0107301285714286,0.01113284,0.0108833171428571,0.009821126,0.008982014,0.00913724971428571,0.00621467971428571,0.0108626564102564,0.0107679864801865,0.011144841025641,0.0108922652680653,0.00986849344988345,0.00897908643356643,0.00915460163170163,0.00618735855477855
3978.4,0.010857,0.0107735,0.0111684,0.0109183,0.00990711,0.00900851,0.00917837,0.00621329,,,0.0108565971428571,0.0107726085714286,0.0111632742857143,0.0109102942857143,0.00990299314285714,0.009002744,0.00917515657142857,0.00620799457142857,0.0108680696969697,0.0107694855477855,0.0111466944055944,0.0108812167832168,0.00990340135198135,0.00898079228438228,0.00917240547785548,0.0061872420979021
3979.36,0.010913,0.0108152,0.0111802,0.0108995,0.00997342,0.0089941,0.00920577,0.00616903,,,0.0109156314285714,0.0108153885714286,0.0111809028571429,0.0109021571428571,0.009975448,0.00899622657142857,0.00921064114285714,0.00617458942857143,0.0108858268065268,0.010781206993007,0.0111643748251748,0.0108804825174825,0.00993873307692308,0.00898395368298368,0.00919551979020979,0.00618437400932401
3980.33,0.0109679,0.0108389,0.011193,0.0108842,0.0100199,0.00898356,0.00924751,0.00615579,,,0.0109634171428571,0.0108355914285714,0.0111958028571429,0.01088726,0.0100184917142857,0.00898672028571428,0.00924754171428571,0.00616083942857143,0.0109132832167832,0.0108005326340326,0.011193924009324,0.0108926151515152,0.00996971097902098,0.00899164494172494,0.0092178406993007,0.00617486398601399
3981.29,0.0109736,0.0108256,0.0112221,0.0108948,0.0100219,0.00899439,0.00927133,0.00617689,,,0.0109672485714286,0.01082254,0.01122048,0.0108931885714286,0.0100159342857143,0.00899195142857143,0.00926321542857143,0.00617164257142857,0.0109448806526807,0.0108217275058275,0.0112294738927739,0.0109117582750583,0.00998674419580419,0.00900489731934732,0.00923915624708625,0.00616582442890443
3982.25,0.0109343,0.0107949,0.0112501,0.010918,0.0099712,0.00900722,0.0092446,0.00617674,,,0.0109382257142857,0.0107992714285714,0.0112486,0.0109178457142857,0.009972202,0.009006464,0.00924486657142857,0.00617246714285714,0.0109707741258741,0.0108379407925408,0.0112626610722611,0.0109394382284382,0.00998663682983683,0.0090252482983683,0.00926201356643357,0.00617124431235431
3983.22,0.0109283,0.0108021,0.0112785,0.0109593,0.00992918,0.00903113,0.00922936,0.00616097,,,0.0109373342857143,0.0108080485714286,0.0112827085714286,0.01096152,0.00993611771428571,0.00903494085714286,0.00923848342857143,0.00616561657142857,0.0109840564102564,0.0108428317016317,0.0112876363636364,0.0109822407925408,0.00997881482517483,0.00905324188811189,0.00928706708624709,0.00619389638694639
3984.18,0.0109881,0.0108515,0.0113263,0.011026,0.00994553,0.00908402,0.00928454,0.00618506,,,0.01098768,0.01084988,0.0113277314285714,0.0110276714285714,0.00994707628571428,0.00908563228571428,0.00928687142857143,0.00619085857142857,0.0109873603729604,0.0108335522144522,0.0113065855477855,0.0110345277389277,0.00997587475524475,0.00908391801864802,0.0093109251048951,0.00621706237762238
3985.15,0.0110408,0.010878,0.0113634,0.0110995,0.009989,0.00913933,0.00936263,0.00625028,,,0.01103096,0.01087104,0.0113555571428571,0.0110979142857143,0.00998394628571428,0.00913513257142857,0.00935598628571428,0.00624879628571428,0.0109894438228438,0.0108137321678322,0.0113253062937063,0.0110803703962704,0.00998237351981352,0.00910764617715618,0.00932942046620046,0.00622526097902098
3986.11,0.0110184,0.0108354,0.011343,0.0111417,0.0100103,0.00915169,0.00938892,0.00629025,,,0.0110166685714286,0.0108328714285714,0.01134054,0.01113852,0.0100097145714286,0.00914858542857143,0.00938539885714286,0.00628251514285714,0.0109929433566434,0.0107931867132867,0.0113439347319347,0.0111060400932401,0.00999368256410256,0.00911805888111888,0.0093415886013986,0.00622340037296037
3987.08,0.0109677,0.0107587,0.0113098,0.011133,0.0100191,0.0091247,0.00936621,0.0062559,,,0.0109758257142857,0.0107617085714286,0.0113190914285714,0.0111330171428571,0.0100233085714286,0.00912727571428571,0.00936925971428571,0.006252252,0.0109896375291375,0.0107804286713287,0.0113569986013986,0.0111042655011655,0.0100039562237762,0.00911719990675991,0.00934720876456877,0.00622355748251748
3988.04,0.0109557,0.0107124,0.0113372,0.0110909,0.0100319,0.00909818,0.00933838,0.0061884,,,0.0109569342857143,0.0107154942857143,0.01134104,0.0110918171428571,0.0100289042857143,0.00909911942857143,0.00933884714285714,0.00619430057142857,0.010971324009324,0.0107767615384615,0.0113611337995338,0.0110771643356643,0.0100108028438228,0.00911110871794872,0.00934402296037296,0.00622721002331002
3989,0.0109546,0.0107259,0.0113902,0.0110327,0.0100161,0.0090819,0.00931373,0.00617148,,,0.01094836,0.01072908,0.01138222,0.0110305571428571,0.0100104582857143,0.00907998342857143,0.00931137628571428,0.00617731285714286,0.0109409573426573,0.0107809972027972,0.0113583769230769,0.0110343496503497,0.0100120042890443,0.00910432571095571,0.00933371181818182,0.00623171624708625
3989.97,0.0109222,0.0107925,0.011389,0.010965,0.00997405,0.00907467,0.00929511,0.00622003,,,0.0109222942857143,0.0107939142857143,0.0113850142857143,0.0109653771428571,0.00997998828571428,0.00907761857142857,0.00929824885714286,0.00621816657142857,0.0109115918414918,0.0107946801864802,0.0113538207459207,0.0109873501165501,0.01000499,0.00910092923076923,0.00932667020979021,0.00624149662004662
3990.93,0.0108891,0.0108684,0.0113469,0.0109194,0.00997392,0.00909766,0.00931283,0.00628089,,,0.0108931714285714,0.0108640542857143,0.0113520942857143,0.0109241914285714,0.00998053542857143,0.00910047485714286,0.009316262,0.00627791228571428,0.0108957055944056,0.0108176724941725,0.011349213986014,0.0109498186480186,0.00999251202797203,0.00910450163170163,0.00933409848484849,0.0062641772960373
3991.9,0.0108848,0.0108933,0.0113237,0.0109231,0.0100146,0.00913764,0.00936058,0.00632264,,,0.0108832571428571,0.0108880457142857,0.0113258085714286,0.0109227828571429,0.0100078602857143,0.00913369285714286,0.00935732971428571,0.00632296914285714,0.0108964424242424,0.0108406389277389,0.0113392888111888,0.010934627039627,0.0099848251981352,0.00911311846153846,0.00935522013986014,0.00630016627039627
3992.86,0.0108913,0.0108576,0.0113186,0.0109474,0.0100178,0.00914854,0.00939201,0.0063486,,,0.0108893542857143,0.01085886,0.01131536,0.0109433285714286,0.0100106222857143,0.00914554514285714,0.00938967857142857,0.00634853485714286,0.0109111491841492,0.010851227039627,0.0113222163170163,0.010946924009324,0.00999467333333333,0.00912205396270396,0.00937690545454545,0.00633676258741259
3993.83,0.0109086,0.010813,0.0113062,0.0109673,0.00998386,0.00913034,0.00939869,0.00635825,,,0.0109125342857143,0.0108177828571429,0.0113058485714286,0.0109690485714286,0.009989404,0.00913247,0.00940167971428571,0.006357428,0.0109357983682984,0.0108434491841492,0.0113089848484848,0.0109820300699301,0.0100243265967366,0.00913071885780886,0.00938595011655012,0.00635555060606061
3994.79,0.0109594,0.0107965,0.0112989,0.0110053,0.00999686,0.00911796,0.00939939,0.00635183,,,0.0109623914285714,0.0107964828571429,0.0113013171428571,0.0110090371428571,0.0100054811428571,0.00911939742857143,0.00939948685714286,0.00635325885714286,0.0109620965034965,0.0108168132867133,0.0113097447552448,0.0110235981351981,0.0100558544988345,0.00913787226107226,0.00937725293706294,0.00635006468531468
3995.75,0.0110205,0.0107893,0.0113132,0.0110635,0.0100762,0.00912147,0.009378,0.00633917,,,0.0110164028571429,0.0107879285714286,0.01131332,0.0110630628571429,0.010075564,0.00912168342857143,0.00937315971428571,0.00633928057142857,0.0109800475524476,0.0107791053613054,0.0113197121212121,0.0110494475524476,0.0100689853846154,0.00913839601398601,0.00935388710955711,0.00632900965034965
3996.72,0.0110338,0.0107728,0.0113374,0.0111004,0.0101407,0.00913417,0.00931728,0.00631343,,,0.0110284514285714,0.0107722771428571,0.0113368514285714,0.0110973828571429,0.0101325605714286,0.00913507771428571,0.00931658142857143,0.00631018571428571,0.0109829846153815,0.0107627493706319,0.0113282781818187,0.0110448555244709,0.0100651678461539,0.00913579213985827,0.00933785703496426,0.00631432268531107
3997.68,0.010989,0.0107444,0.0113584,0.0110796,0.0101166,0.00914687,0.00925646,0.00626648,,,0.0109899257142857,0.0107412885714286,0.0113575257142857,0.0110750228571429,0.010110666,0.00914538371428571,0.00926181885714286,0.00626701057142857,0.010978423076919,0.0107487959440586,0.0113408745454553,0.0110267194405544,0.0100521608671311,0.00913046197202672,0.00931620735664218,0.00629307760839026
3998.65,0.0109382,0.0107076,0.0113695,0.0109999,0.0100251,0.00913979,0.00924292,0.00622804,,,0.0109427514285714,0.0107085257142857,0.0113681714285714,0.0109993,0.010029426,0.00913713714285714,0.00924575885714285,0.00623175742857143,0.010966362937058,0.0107372450815877,0.0113575012121236,0.0109950393006955,0.0100299644475506,0.00912240551048704,0.00928893807459019,0.00626527441957769
3999.61,0.0109227,0.0107022,0.0113742,0.0109135,0.00995663,0.00911049,0.00926152,0.00622164,,,0.010925565714281,0.0107153428571465,0.0113795857142853,0.0109361799999999,0.00997982399999842,0.00911747257142537,0.00924694742856502,0.0062198997142815,0.0109468041957967,0.01072809678322,0.0113781581818211,0.0109498151048903,0.00999857858741038,0.0091116227552428,0.00925604918881007,0.00623091311887691
4000.58,0.0109307,0.0107572,0.0113915,0.0108796,0.00995115,0.00908748,0.009264,0.00622744,,,0.0109285085714248,0.0107504742857074,0.0113890285714287,0.0108683599999999,0.00993883199999779,0.00908443085713984,0.00927081314286227,0.00622769057142136,0.0109197468531423,0.0107213510489554,0.0114028454545476,0.0108910468531391,0.00995800328671237,0.0090981137062931,0.00921754069929825,0.0061899937062897
