Wavenumber,0,1,2,5,10,15,20,30
699.064,0.101756,0.144221,0.163528,0.229944,0.287856,0.311109,0.324735,0.339244
700.028,0.100512,0.143524,0.163015,0.231638,0.285591,0.308432,0.324484,0.340923
700.993,0.102657,0.144753,0.164833,0.232776,0.284436,0.308917,0.327178,0.342024
701.957,0.10601,0.147011,0.167948,0.233713,0.283683,0.310913,0.330142,0.340434
702.921,0.10747,0.147956,0.170002,0.234232,0.282824,0.311889,0.330902,0.338951
703.885,0.10666,0.14691,0.169142,0.233415,0.282562,0.310855,0.328621,0.33917
704.849,0.106175,0.146028,0.166418,0.231303,0.28321,0.308786,0.325128,0.339875
705.814,0.107994,0.146479,0.164706,0.229243,0.28406,0.306644,0.32291,0.339654
706.778,0.111156,0.147058,0.165097,0.22825,0.284372,0.304565,0.321449,0.337903
707.742,0.11411,0.147235,0.16623,0.228252,0.283747,0.30321,0.319751,0.33492
708.706,0.116522,0.147533,0.166684,0.22836,0.281943,0.303591,0.318549,0.332074
709.671,0.118154,0.147689,0.166474,0.22751,0.279643,0.304414,0.317208,0.33007
710.635,0.118929,0.147661,0.166506,0.225593,0.278332,0.303647,0.314414,0.328055
711.599,0.119724,0.14872,0.167145,0.223841,0.278574,0.302474,0.31115,0.32592
712.563,0.121062,0.151097,0.167659,0.22342,0.279402,0.302655,0.308966,0.325265
713.528,0.122226,0.152668,0.167501,0.22366,0.279528,0.302495,0.3076,0.326499
714.492,0.122416,0.151817,0.166858,0.223091,0.278269,0.299978,0.30577,0.327353
715.456,0.121459,0.149678,0.165764,0.221824,0.275854,0.296717,0.303359,0.325997
716.42,0.119872,0.148327,0.164437,0.220758,0.273618,0.295135,0.301989,0.323332
717.384,0.118533,0.148163,0.16359,0.220035,0.272982,0.294851,0.302883,0.321103
718.349,0.117566,0.147955,0.163258,0.219351,0.273386,0.294255,0.304662,0.319551
719.313,0.11638,0.14684,0.162743,0.218396,0.272717,0.292881,0.304538,0.317805
720.277,0.115232,0.145287,0.161646,0.21737,0.270345,0.291066,0.301828,0.315476
721.241,0.115163,0.144197,0.160418,0.216951,0.268121,0.289377,0.299184,0.313377
722.206,0.116095,0.143749,0.15975,0.217079,0.267015,0.288113,0.298748,0.31239
723.17,0.117212,0.143593,0.159611,0.217065,0.265856,0.286845,0.299557,0.312278
724.134,0.118328,0.143448,0.15944,0.216366,0.264127,0.285226,0.299721,0.312052
725.098,0.11943,0.143308,0.159016,0.214834,0.262824,0.283619,0.298754,0.311118
726.062,0.120411,0.143474,0.158672,0.213279,0.262831,0.282549,0.297457,0.309947
727.027,0.121426,0.143942,0.158487,0.212724,0.263598,0.282004,0.296206,0.308933
727.991,0.122456,0.14411,0.158257,0.212846,0.263356,0.281703,0.294636,0.307642
728.955,0.123435,0.143836,0.158288,0.212846,0.261552,0.281679,0.293069,0.305874
729.919,0.124611,0.143655,0.158815,0.212801,0.259628,0.281811,0.292113,0.304033
730.884,0.126047,0.143711,0.15947,0.212862,0.258532,0.281491,0.291461,0.302793
731.848,0.127691,0.143826,0.159928,0.212503,0.257949,0.280461,0.290628,0.302321
732.812,0.129648,0.144152,0.159936,0.211438,0.257603,0.279409,0.289763,0.301798
733.776,0.131803,0.144963,0.15933,0.210239,0.257367,0.278771,0.289099,0.300599
734.74,0.134031,0.146363,0.15872,0.209417,0.257023,0.277815,0.288467,0.299214
735.705,0.136458,0.148003,0.158961,0.208752,0.256217,0.275913,0.287421,0.298306
736.669,0.139082,0.149137,0.160021,0.207982,0.254688,0.273664,0.28577,0.297814
737.633,0.141841,0.149573,0.161226,0.207231,0.253021,0.272168,0.283977,0.297304
738.597,0.144752,0.149896,0.162134,0.206499,0.251893,0.271584,0.282584,0.296414
739.562,0.14761,0.15058,0.162714,0.205703,0.25099,0.27088,0.281544,0.294931
740.526,0.150295,0.151677,0.163143,0.205092,0.250049,0.269454,0.280523,0.293037
741.49,0.15325,0.153134,0.16372,0.205014,0.249492,0.268113,0.279516,0.291434
742.454,0.156735,0.15482,0.164542,0.205395,0.249205,0.267511,0.278713,0.290446
743.419,0.160136,0.156374,0.165291,0.205712,0.248521,0.267058,0.277975,0.28944
744.383,0.162781,0.157383,0.165724,0.205597,0.247469,0.266165,0.276962,0.287988
745.347,0.164882,0.157939,0.165995,0.205185,0.246489,0.265097,0.275543,0.286474
746.311,0.167061,0.158669,0.166439,0.204731,0.245643,0.264304,0.273912,0.285238
747.275,0.16935,0.159928,0.16732,0.204298,0.244848,0.26371,0.272422,0.284132
748.24,0.171155,0.161412,0.168511,0.20397,0.244065,0.262898,0.271369,0.283058
749.204,0.172156,0.162654,0.169476,0.203793,0.243179,0.261736,0.270714,0.282075
750.168,0.172615,0.163536,0.169867,0.20357,0.242238,0.260392,0.270063,0.281008
751.132,0.172608,0.16418,0.169856,0.203116,0.241432,0.258946,0.269066,0.279669
752.097,0.171916,0.164651,0.169879,0.202495,0.240745,0.257574,0.267712,0.278281
753.061,0.170786,0.164949,0.170257,0.201968,0.240175,0.256617,0.266329,0.277123
754.025,0.169589,0.164932,0.170824,0.201728,0.239789,0.255924,0.265196,0.276075
754.989,0.168212,0.164473,0.171132,0.201697,0.239397,0.254977,0.264298,0.274984
755.953,0.16665,0.163864,0.171043,0.201699,0.238923,0.253794,0.263598,0.273995
756.918,0.165146,0.163408,0.170639,0.201602,0.238483,0.25272,0.26295,0.273128
757.882,0.163462,0.162847,0.169929,0.201176,0.237763,0.251702,0.262036,0.272111
758.846,0.161139,0.161932,0.169022,0.200366,0.236499,0.250665,0.260819,0.270804
759.81,0.158337,0.160865,0.168135,0.199547,0.23519,0.249846,0.259523,0.269329
760.775,0.155533,0.159749,0.167303,0.198962,0.23412,0.249107,0.258159,0.267824
761.739,0.152835,0.158484,0.166402,0.198382,0.232807,0.248062,0.256655,0.266494
762.703,0.150196,0.157138,0.165362,0.197428,0.231088,0.24676,0.255201,0.265442
763.667,0.147793,0.155761,0.164147,0.196021,0.229554,0.245413,0.254022,0.264399
764.632,0.145812,0.154282,0.162733,0.194549,0.228648,0.244114,0.253032,0.263142
765.596,0.144078,0.152764,0.16121,0.193338,0.228087,0.242954,0.251979,0.261764
766.56,0.14226,0.151242,0.159705,0.192179,0.227273,0.241907,0.250743,0.260308
767.524,0.140378,0.149618,0.158195,0.190768,0.225903,0.240847,0.249298,0.258726
768.488,0.138723,0.147936,0.156559,0.189196,0.22416,0.23975,0.247701,0.257127
769.453,0.13742,0.14635,0.154818,0.187725,0.222521,0.238632,0.246165,0.255646
770.417,0.13637,0.144821,0.15316,0.186402,0.221241,0.237344,0.244778,0.25426
771.381,0.135484,0.143208,0.151642,0.185092,0.220061,0.235747,0.243348,0.252856
772.345,0.134812,0.141613,0.150144,0.183712,0.218673,0.234042,0.241798,0.251376
773.31,0.134429,0.140316,0.148667,0.182301,0.217121,0.232468,0.240275,0.249883
774.274,0.13424,0.139327,0.147284,0.180911,0.215547,0.230901,0.238809,0.248432
775.238,0.134109,0.138388,0.145983,0.179541,0.213961,0.229229,0.237446,0.247011
776.202,0.134102,0.137412,0.144874,0.178178,0.212375,0.227635,0.236329,0.245639
777.166,0.134371,0.136588,0.144157,0.176857,0.210939,0.226243,0.235368,0.244365
778.131,0.134882,0.135994,0.143719,0.175595,0.209672,0.224887,0.234242,0.243118
779.095,0.135494,0.135501,0.143193,0.174343,0.208385,0.223435,0.2328,0.241735
780.059,0.136159,0.135046,0.142447,0.173107,0.207045,0.221992,0.23125,0.240223
781.023,0.136853,0.134635,0.141649,0.171929,0.205795,0.220635,0.229893,0.238792
781.988,0.137504,0.134238,0.140924,0.170804,0.204638,0.219297,0.228732,0.237512
782.952,0.138173,0.133878,0.14021,0.169752,0.203407,0.21796,0.227479,0.236168
783.916,0.139026,0.133618,0.139504,0.168793,0.201988,0.216671,0.22595,0.234666
784.88,0.140078,0.133504,0.138978,0.167857,0.200529,0.215417,0.224221,0.233241
785.844,0.141239,0.133569,0.138719,0.166941,0.199311,0.214162,0.222556,0.232077
786.809,0.142468,0.133792,0.138607,0.166088,0.198338,0.212922,0.221216,0.230987
787.773,0.143708,0.134068,0.138563,0.165231,0.197324,0.211702,0.220134,0.229683
788.737,0.144908,0.134292,0.138663,0.164405,0.196185,0.210502,0.219026,0.228173
789.701,0.14612,0.134511,0.138918,0.163786,0.195163,0.209389,0.217861,0.226687
790.666,0.147432,0.134923,0.139198,0.163369,0.194366,0.208383,0.216831,0.225421
791.63,0.14884,0.13558,0.139367,0.162921,0.193573,0.207334,0.215861,0.224341
792.594,0.150253,0.136254,0.139393,0.16226,0.192624,0.206188,0.214695,0.223259
793.558,0.151623,0.136699,0.13935,0.161426,0.191568,0.205092,0.213404,0.222071
794.523,0.152982,0.13688,0.139317,0.160636,0.190456,0.204042,0.212229,0.220773
795.487,0.154449,0.137018,0.139347,0.160068,0.189384,0.202984,0.211145,0.219455
796.451,0.156063,0.137421,0.139493,0.159686,0.188498,0.202037,0.20996,0.218267
797.415,0.157613,0.138085,0.139773,0.15932,0.187761,0.201148,0.208535,0.217194
798.379,0.158915,0.138755,0.140151,0.158849,0.186962,0.200076,0.206949,0.216076
799.344,0.160079,0.139341,0.140572,0.158288,0.185951,0.19885,0.205543,0.214846
800.308,0.161241,0.139933,0.14099,0.157762,0.184802,0.197668,0.20456,0.213537
801.272,0.162394,0.140554,0.14137,0.157326,0.183763,0.196614,0.203883,0.212176
802.236,0.163566,0.141107,0.141653,0.156894,0.182954,0.195667,0.203203,0.210851
803.201,0.164828,0.141512,0.14179,0.156437,0.182211,0.194694,0.20228,0.209714
804.165,0.166162,0.141825,0.141846,0.155986,0.181356,0.193589,0.201083,0.208703
805.129,0.167432,0.142142,0.141924,0.155428,0.180417,0.192443,0.19975300000000001,0.207565
806.093,0.168521,0.142529,0.142051,0.154631,0.179463,0.191382,0.198405,0.206294
807.057,0.169456,0.143013,0.142196,0.153727,0.178463,0.190361,0.197078,0.205116
808.022,0.170414,0.143532,0.142333,0.153075,0.177437,0.189292,0.195881,0.204094
808.986,0.171589,0.144034,0.142522,0.152867,0.176476,0.188275,0.194934,0.203104
809.95,0.173002,0.144559,0.142864,0.152839,0.175595,0.187439,0.194091,0.202035
810.914,0.174462,0.145097,0.14328,0.15263,0.174793,0.186635,0.193098,0.200855
811.879,0.175765,0.145589,0.143608,0.152204,0.174071,0.185644,0.191969,0.199589
812.843,0.176933,0.146101,0.143896,0.151722,0.173368,0.184488,0.190918,0.19831
813.807,0.1781,0.146734,0.144252,0.151281,0.172628,0.183287,0.189974,0.197079
814.771,0.179262,0.147457,0.144624,0.150912,0.171803,0.182113,0.188954,0.195932
815.736,0.180401,0.148209,0.144967,0.150651,0.170861,0.181058,0.187835,0.194885
816.7,0.181609,0.149018,0.145338,0.150507,0.169946,0.180197,0.18683,0.193906
817.664,0.182897,0.149892,0.145741,0.150386,0.169235,0.179471,0.185997,0.192939
818.628,0.184104,0.150696,0.146128,0.150136,0.168602,0.178711,0.185135,0.191894
819.592,0.185102,0.15127,0.146501,0.149703,0.167795,0.177782,0.184105,0.190674
820.557,0.185969,0.151625,0.146871,0.149172,0.166852,0.176708,0.18293,0.189324
821.521,0.186917,0.151937,0.14718,0.148643,0.16597,0.175575,0.181686,0.188026
822.485,0.188051,0.152397,0.147412,0.148195,0.165183,0.174442,0.180477,0.186894
823.449,0.189272,0.153103,0.147788,0.147946,0.164462,0.173416,0.179357,0.185887
824.414,0.190441,0.154018,0.148522,0.147922,0.163831,0.172587,0.178299,0.184941
825.378,0.191546,0.154965,0.149414,0.147916,0.163221,0.17192,0.177305,0.184026
826.342,0.192658,0.155768,0.150059,0.147728,0.162521,0.171307,0.176419,0.183056
827.306,0.193769,0.156429,0.150382,0.147421,0.16176,0.170634,0.175591,0.181961
828.27,0.1948,0.157038,0.150621,0.14713,0.161035,0.169794,0.174655,0.180754
829.235,0.195705,0.157602,0.150956,0.146851,0.160345,0.168759,0.173548,0.17948
830.199,0.196529,0.15814,0.151405,0.146594,0.159649,0.167677,0.172442,0.178317
831.163,0.197421,0.158763,0.15195,0.146435,0.158991,0.166742,0.171528,0.177433
832.127,0.198503,0.159509,0.152529,0.146379,0.15842,0.165953,0.170754,0.176647
833.092,0.199671,0.160251,0.153035,0.146364,0.157884,0.165146,0.169921,0.175655
834.056,0.200703,0.160849,0.153431,0.146286,0.157317,0.164217,0.168939,0.174462
835.02,0.201516,0.161304,0.153747,0.146032,0.156657,0.163222,0.167889,0.173226
835.984,0.202198,0.161717,0.154017,0.145628,0.15582,0.162268,0.166857,0.171983
836.948,0.202895,0.162211,0.154327,0.145247,0.154885,0.161421,0.165884,0.170794
837.913,0.203688,0.162878,0.154786,0.145012,0.154099,0.160709,0.165003,0.169792
838.877,0.204486,0.163657,0.155343,0.144888,0.153526,0.160055,0.164163,0.168914
839.841,0.205211,0.16442,0.155872,0.144785,0.153006,0.159294,0.163267,0.167975
840.805,0.205973,0.165119,0.156377,0.144687,0.152437,0.158402,0.162299,0.16695
841.77,0.206857,0.165767,0.156891,0.144607,0.151835,0.157504,0.161317,0.165899
842.734,0.207763,0.166413,0.1574,0.144548,0.151262,0.15668,0.160398,0.164873
843.698,0.208614,0.167125,0.157956,0.144549,0.150776,0.155947,0.159623,0.163941
844.662,0.209481,0.167927,0.158632,0.144638,0.150366,0.155305,0.158985,0.163094
845.627,0.210456,0.168826,0.159425,0.144756,0.149981,0.154711,0.158345,0.162234
846.591,0.211516,0.169827,0.1603,0.144847,0.149609,0.154119,0.157579,0.161291
847.555,0.212574,0.170881,0.161224,0.144953,0.149252,0.153505,0.1567,0.160279
848.519,0.213632,0.171945,0.162152,0.14515,0.148878,0.152872,0.155818,0.159259
849.483,0.214839,0.173057,0.16306,0.145471,0.148479,0.152218,0.154996,0.158274
850.448,0.21639,0.174354,0.164048,0.145971,0.148122,0.151568,0.154232,0.157351
851.412,0.218393,0.176018,0.165367,0.146698,0.147885,0.151035,0.153529,0.156539
852.376,0.2208,0.178127,0.16717,0.147573,0.147792,0.150668,0.15287800000000001,0.155815
853.34,0.223605,0.180645,0.169401,0.148523,0.14785,0.150355,0.152271,0.155056
854.305,0.226957,0.18356,0.172008,0.14966,0.14809,0.150029,0.151782,0.154227
855.269,0.230956,0.186936,0.17506,0.15116,0.148517,0.149792,0.151473,0.153459
856.233,0.235567,0.190875,0.178632,0.153102,0.149117,0.149777,0.151264,0.152849
857.197,0.240709,0.195437,0.18275,0.155509,0.149888,0.15001,0.151059,0.152358
858.161,0.246196,0.200559,0.187413,0.15841,0.15086,0.150401,0.150901,0.151917
859.126,0.251701,0.205996,0.192476,0.161701,0.152059,0.150851,0.150873,0.151489
860.09,0.256873,0.211338,0.197526,0.165056,0.153412,0.15133,0.150954,0.151036
861.054,0.261362,0.216135,0.202038,0.168117,0.154729,0.151787,0.151055,0.150503
862.018,0.264808,0.219981,0.205618,0.170648,0.155808,0.152109,0.151068,0.149888
862.983,0.266806,0.222478,0.207975,0.172416,0.15648,0.152179,0.150845,0.149262
863.947,0.266986,0.223315,0.208894,0.173142,0.156607,0.151924,0.150257,0.148607
864.911,0.26523,0.222445,0.208346,0.172704,0.156146,0.15128,0.149307,0.14775
865.875,0.261789,0.220084,0.206465,0.171264,0.155098,0.1502,0.148109,0.146583
866.84,0.257141,0.216644,0.203476,0.169153,0.153521,0.148768,0.146795,0.145227
867.804,0.251842,0.212633,0.199797,0.166741,0.151649,0.147198,0.145475,0.143909
868.768,0.246477,0.208531,0.196026,0.164351,0.149798,0.145678,0.144218,0.142767
869.732,0.241521,0.204768,0.192678,0.162228,0.148212,0.144311,0.143057,0.1418
870.696,0.237226,0.201696,0.190001,0.160586,0.147058,0.143186,0.142063,0.140983
871.661,0.23369,0.199416,0.188046,0.159524,0.146329,0.142362,0.141296,0.140274
872.625,0.230923,0.197788,0.186791,0.15894,0.145839,0.141792,0.140661,0.139562
873.589,0.228823,0.196662,0.186115,0.158656,0.145464,0.141351,0.139997,0.138776
874.553,0.227185,0.195903,0.185734,0.158527,0.14516,0.140961,0.139277,0.137995
875.518,0.225738,0.195253,0.185314,0.158378,0.144817,0.140571,0.138596,0.137275
876.482,0.224188,0.194425,0.184666,0.158034,0.144362,0.140082,0.138006,0.136553
877.446,0.222408,0.193342,0.183807,0.157463,0.143861,0.139428,0.137439,0.135779
878.41,0.220479,0.192135,0.182875,0.156818,0.143393,0.138689,0.136792,0.134968
879.374,0.21856,0.190996,0.181999,0.156274,0.142937,0.137993,0.136037,0.134165
880.339,0.21677,0.190039,0.181208,0.15584,0.14243,0.137364,0.135252,0.133395
881.303,0.215117,0.189159,0.180448,0.155408,0.141863,0.136731,0.134493,0.132615
882.267,0.213534,0.188175,0.179683,0.154949,0.141261,0.136044,0.133728,0.131797
883.231,0.211948,0.187123,0.178905,0.154527,0.140621,0.135318,0.132951,0.13099
884.196,0.21032,0.186184,0.178129,0.154134,0.13999,0.134606,0.13225,0.130228
885.16,0.208636,0.185348,0.17737,0.153643,0.139431,0.133949,0.131645,0.129459
886.124,0.206878,0.184397,0.176541,0.152967,0.138871,0.133317,0.131016,0.128606
887.088,0.205008,0.183191,0.175507,0.152179,0.138213,0.132671,0.130291,0.12769
888.052,0.202978,0.181767,0.174248,0.151388,0.137494,0.132006,0.129513,0.126829
889.017,0.200792,0.180205,0.172864,0.150517,0.136739,0.131292,0.128703,0.126036
889.981,0.198503,0.178536,0.17144,0.149421,0.135882,0.13048,0.127832,0.125177
890.945,0.19616,0.176825,0.170024,0.148184,0.134925,0.129573,0.12692,0.124221
891.909,0.193826,0.175191,0.168658,0.147078,0.133975,0.128639,0.126034,0.123315
892.874,0.191603,0.173705,0.167353,0.146234,0.133093,0.127772,0.1252,0.122549
893.838,0.189564,0.172375,0.166092,0.145541,0.13227,0.127009,0.124394,0.121852
894.802,0.187713,0.171196,0.164953,0.144848,0.13152,0.1263,0.123612,0.121139
895.766,0.186108,0.17018,0.164088,0.144175,0.130892,0.125613,0.122897,0.12039
896.731,0.184883,0.169428,0.163566,0.143668,0.130396,0.125003,0.122286,0.119646
897.695,0.184129,0.169084,0.163334,0.143397,0.129992,0.124537,0.121754,0.11897
898.659,0.18382,0.169153,0.163351,0.143322,0.129664,0.124171,0.12125,0.118368
899.623,0.18389,0.169486,0.163686,0.143434,0.129428,0.123812,0.120747,0.117763
900.587,0.184308,0.169986,0.164383,0.143745,0.129283,0.123447,0.120246,0.117136
901.552,0.185088,0.170747,0.165349,0.144241,0.129249,0.123134,0.119801,0.116595
902.516,0.186191,0.171926,0.166475,0.144904,0.129364,0.122916,0.11948,0.116195
903.48,0.187494,0.173498,0.167786,0.145749,0.129623,0.122799,0.119271,0.115837
904.444,0.188805,0.175244,0.169323,0.146758,0.129975,0.122774,0.119113,0.115431
905.409,0.189881,0.176916,0.170981,0.147865,0.13037,0.122824,0.11896,0.115017
906.373,0.190538,0.178396,0.172614,0.149046,0.130789,0.122943,0.118815,0.114665
907.337,0.190722,0.179699,0.174158,0.150316,0.13125,0.123147,0.118755,0.114387
908.301,0.190419,0.180795,0.175522,0.151611,0.131792,0.123424,0.118825,0.114159
909.265,0.189619,0.181553,0.176589,0.152831,0.132447,0.123713,0.118927,0.11395
910.23,0.188422,0.181944,0.177352,0.153952,0.133187,0.123972,0.118972,0.113752
911.194,0.187021,0.182082,0.177841,0.154942,0.133896,0.124207,0.118983,0.113581
912.158,0.185581,0.182064,0.178058,0.155732,0.134474,0.124449,0.119002,0.113442
913.122,0.184256,0.181915,0.178067,0.156338,0.134937,0.124704,0.119036,0.113313
914.087,0.183211,0.181654,0.178002,0.15683,0.135322,0.124916,0.119061,0.113152
915.051,0.182538,0.181375,0.177953,0.1572,0.135582,0.125004,0.119027,0.11292
916.015,0.182238,0.18127,0.177958,0.15743,0.135687,0.124979,0.118929,0.112598
916.979,0.182287,0.181469,0.178086,0.157605,0.135684,0.124906,0.11879,0.112192
917.943,0.182626,0.181882,0.178386,0.157831,0.135618,0.124774,0.118568,0.111759
918.908,0.183069,0.182298,0.178799,0.158106,0.135537,0.124537,0.118221,0.111346
919.872,0.183364,0.182616,0.179204,0.158369,0.135489,0.124225,0.117809,0.110939
920.836,0.183359,0.182866,0.179496,0.158589,0.135468,0.12394,0.11745,0.11052
921.8,0.182989,0.183014,0.179602,0.158744,0.135425,0.123742,0.117184,0.110118
922.765,0.18213,0.182888,0.17945,0.158741,0.135302,0.123564,0.116903,0.109711
923.729,0.180644,0.18228,0.178957,0.158443,0.135005,0.123275,0.116483,0.109221
924.693,0.17856,0.181097,0.178053,0.157776,0.134448,0.122786,0.115918,0.108631
925.657,0.176083,0.179451,0.176728,0.156797,0.133658,0.122121,0.115276,0.107988
926.622,0.173414,0.177564,0.175065,0.155655,0.132749,0.121388,0.114588,0.107323
927.586,0.170644,0.175594,0.173219,0.154444,0.131788,0.12063,0.113834,0.106605
928.55,0.16788,0.173633,0.171363,0.153188,0.130791,0.119807,0.113013,0.105807
929.514,0.1654,0.17186,0.169713,0.151961,0.129831,0.118932,0.112203,0.105001
930.478,0.163527,0.170516,0.16849,0.150914,0.129009,0.118095,0.111474,0.104316
931.443,0.162419,0.169763,0.167836,0.150184,0.12836,0.117385,0.11082,0.103777
932.407,0.16212,0.169688,0.16782,0.149881,0.12791,0.116875,0.110266,0.103318
933.371,0.162724,0.170376,0.168488,0.15008,0.127728,0.116599,0.10988,0.102899
934.335,0.164363,0.171919,0.169873,0.150803,0.127865,0.116537,0.109691,0.102541
935.3,0.167177,0.174426,0.172052,0.152087,0.12831,0.116655,0.109707,0.102294
936.264,0.171325,0.178024,0.175162,0.153984,0.129038,0.116947,0.109907,0.102182
937.228,0.176962,0.182795,0.179333,0.156512,0.130074,0.117434,0.110247,0.102182
938.192,0.184258,0.188808,0.184666,0.159731,0.13152,0.118181,0.110733,0.102291
939.156,0.19343,0.196255,0.191322,0.16382,0.133499,0.119309,0.111434,0.102561
940.121,0.204679,0.20542,0.199514,0.168954,0.136078,0.120893,0.112414,0.103024
941.085,0.218171,0.216497,0.209451,0.175221,0.139296,0.122891,0.11371,0.103668
942.049,0.23408,0.229581,0.221329,0.182741,0.143238,0.125304,0.115361,0.104521
943.013,0.252405,0.244684,0.235167,0.191733,0.148022,0.128272,0.117437,0.105646
943.978,0.272786,0.261661,0.250744,0.202353,0.153799,0.131966,0.12006,0.107108
944.942,0.294448,0.279985,0.267587,0.214435,0.160649,0.136474,0.123327,0.108981
945.906,0.316185,0.298636,0.284875,0.227437,0.168457,0.141752,0.127212,0.111293
946.87,0.336436,0.316302,0.301434,0.240547,0.176864,0.147573,0.131575,0.113979
947.835,0.353653,0.331612,0.315956,0.252758,0.185274,0.153592,0.136216,0.116939
948.799,0.36664,0.343331,0.327286,0.262977,0.192937,0.159375,0.140821,0.120019
949.763,0.374683,0.350736,0.334664,0.270271,0.199112,0.164355,0.144885,0.122897
950.727,0.377682,0.35384,0.33792,0.274209,0.203236,0.167945,0.147872,0.12516
951.691,0.37627,0.353192,0.337569,0.275068,0.205136,0.169874,0.149542,0.12655
952.656,0.371539,0.349678,0.334589,0.273692,0.205173,0.170369,0.150059,0.127072
953.62,0.364526,0.344252,0.329902,0.271042,0.204059,0.169986,0.149848,0.126945
954.584,0.355897,0.337501,0.324003,0.267721,0.20247,0.169227,0.149356,0.12651
955.548,0.345752,0.329378,0.316818,0.263652,0.200636,0.168242,0.148758,0.126035
956.513,0.333616,0.319266,0.30773,0.258105,0.198092,0.166759,0.147803,0.125485
957.477,0.318892,0.306442,0.295985,0.250158,0.193959,0.164191,0.145997,0.124474
958.441,0.301398,0.290705,0.281289,0.239308,0.187597,0.159965,0.142893,0.122527
959.405,0.281505,0.272536,0.26406,0.225875,0.179014,0.15393,0.138277,0.119409
960.369,0.26,0.252838,0.245299,0.210926,0.168866,0.146524,0.132361,0.115284
961.334,0.237961,0.232824,0.22636,0.19585,0.158272,0.138646,0.125866,0.110696
962.298,0.21661,0.213867,0.208596,0.181949,0.148438,0.131285,0.119731,0.106322
963.262,0.197058,0.197078,0.192991,0.170082,0.140159,0.125089,0.114605,0.102632
964.226,0.180067,0.183027,0.180052,0.16054,0.133634,0.120233,0.110633,0.0997471
965.191,0.166023,0.171845,0.169926,0.153257,0.12874,0.116614,0.107678,0.0975843
966.155,0.155037,0.163414,0.162489,0.148041,0.125295,0.114081,0.105596,0.0960622
967.119,0.146921,0.15742,0.157342,0.144569,0.123051,0.112485,0.104267,0.0951162
968.083,0.141137,0.153321,0.153863,0.142341,0.121619,0.111578,0.103505,0.0945828
969.047,0.136918,0.150429,0.15138,0.140777,0.120584,0.111022,0.103053,0.0942206
970.012,0.133476,0.148063,0.149301,0.139375,0.119657,0.110564,0.102697,0.093898
970.976,0.130167,0.14568,0.147149,0.137816,0.118663,0.110076,0.102312,0.0936129
971.94,0.12659,0.142928,0.144625,0.135959,0.117446,0.109461,0.101824,0.093332
972.904,0.122595,0.139717,0.141693,0.133802,0.115978,0.108681,0.101235,0.0929876
973.869,0.118259,0.136212,0.138496,0.131457,0.114412,0.107828,0.10062,0.0925752
974.833,0.113753,0.132637,0.13522,0.129078,0.112879,0.107038,0.100029,0.0921515
975.797,0.109236,0.129127,0.132041,0.126801,0.111405,0.106361,0.0994982,0.0917808
976.761,0.104898,0.125815,0.1291,0.124713,0.110038,0.105774,0.0990769,0.0915173
977.726,0.100961,0.12287,0.1265,0.122853,0.108854,0.105294,0.0988048,0.0914063
978.69,0.0975593,0.120384,0.124294,0.121244,0.107865,0.104977,0.0986822,0.0914342
979.654,0.0946987,0.118339,0.122497,0.11992,0.107013,0.104838,0.0986722,0.0915031
980.618,0.0923378,0.116681,0.121083,0.118875,0.106263,0.104854,0.0987195,0.0915598
981.582,0.0904594,0.115375,0.120015,0.118062,0.105649,0.105014,0.0988105,0.0916732
982.547,0.0890643,0.114411,0.119248,0.117458,0.1052,0.105295,0.0989914,0.0919003
983.511,0.0881051,0.113771,0.118736,0.117062,0.104886,0.105671,0.0993019,0.0922231
984.475,0.087502,0.113408,0.118445,0.116847,0.10466,0.106172,0.0997404,0.0926345
985.439,0.0872282,0.113274,0.11837,0.116769,0.1045,0.106819,0.100287,0.0931365
986.404,0.0873065,0.113354,0.118524,0.116811,0.104392,0.107564,0.100917,0.0937122
987.368,0.0877563,0.113681,0.118936,0.116996,0.10435,0.108374,0.10164,0.094374
988.332,0.0885706,0.114287,0.119632,0.117342,0.10442,0.10931,0.102514,0.0951517
989.296,0.0897186,0.115151,0.120552,0.117805,0.104631,0.110423,0.103547,0.0960313
990.26,0.0912108,0.116263,0.121613,0.118358,0.10497,0.111689,0.104656,0.0969756
991.225,0.0931356,0.117692,0.122857,0.119065,0.105444,0.113071,0.105802,0.0979689
992.189,0.0955804,0.119484,0.124387,0.12002,0.106059,0.11454,0.107046,0.0990167
993.153,0.098581,0.121587,0.126234,0.121237,0.106756,0.116072,0.108416,0.100126
994.117,0.102185,0.124011,0.128445,0.122671,0.107499,0.117692,0.109877,0.101299
995.082,0.106451,0.126892,0.131127,0.124291,0.108348,0.119463,0.111412,0.102538
996.046,0.111349,0.130303,0.134296,0.126109,0.10939,0.121401,0.11305,0.103866
997.01,0.116721,0.134165,0.137837,0.128193,0.110653,0.123477,0.114837,0.105314
997.974,0.122341,0.138326,0.141593,0.130578,0.112089,0.125676,0.116783,0.106877
998.939,0.127978,0.142606,0.145434,0.133167,0.113624,0.128008,0.118808,0.108504
999.903,0.13342,0.146794,0.149276,0.135837,0.115236,0.130465,0.120825,0.110175
1000.87,0.138419,0.150683,0.152997,0.13853,0.116948,0.132989,0.122872,0.111911
1001.83,0.14265,0.154071,0.15633,0.141123,0.118719,0.135524,0.125058,0.113714
1002.8,0.145785,0.156711,0.158982,0.14337,0.12042,0.138003,0.127342,0.115539
1003.76,0.147553,0.158306,0.160726,0.145024,0.121867,0.140253,0.129451,0.117243
1004.72,0.147797,0.158669,0.161388,0.145938,0.122845,0.142087,0.131141,0.118681
1005.69,0.146543,0.157851,0.16091,0.146053,0.123251,0.143505,0.132436,0.119847
1006.65,0.143929,0.15601,0.159363,0.145358,0.123116,0.14453,0.133408,0.120752
1007.62,0.140143,0.153257,0.156889,0.143932,0.122472,0.145028,0.133977,0.121314
1008.58,0.135478,0.149736,0.153725,0.141988,0.12135,0.144935,0.134063,0.121491
1009.55,0.130322,0.145702,0.150141,0.139702,0.119893,0.144409,0.133729,0.121346
1010.51,0.125016,0.141459,0.146353,0.137134,0.118266,0.143616,0.13309,0.120978
1011.47,0.119799,0.137274,0.142553,0.134399,0.116566,0.142595,0.132223,0.120452
1012.44,0.114875,0.133335,0.138952,0.131721,0.114853,0.141355,0.131187,0.119782
1013.4,0.11043,0.129738,0.135698,0.129255,0.113185,0.139994,0.130057,0.118982
1014.37,0.10654,0.126522,0.132794,0.127017,0.111605,0.138646,0.128873,0.118102
1015.33,0.103178,0.123703,0.13017,0.124969,0.110159,0.137336,0.127644,0.117182
1016.29,0.100346,0.121272,0.127818,0.123115,0.108861,0.135913,0.126346,0.116129
1017.26,0.0980768,0.119223,0.125813,0.121495,0.107654,0.134124,0.124817,0.114731
1018.22,0.0963555,0.117574,0.124213,0.120113,0.106523,0.131874,0.122908,0.112914
1019.19,0.0951279,0.116351,0.122947,0.118946,0.105521,0.129391,0.12073,0.110897
1020.15,0.0943582,0.115522,0.121855,0.117981,0.10465,0.126917,0.118451,0.10885
1021.12,0.0939947,0.114981,0.120854,0.117163,0.103877,0.124336,0.115994,0.106642
1022.08,0.0939696,0.114633,0.120033,0.116411,0.103213,0.121515,0.113321,0.104207
1023.04,0.0942088,0.11441,0.119491,0.115715,0.102627,0.118693,0.110667,0.101788
1024.01,0.0946331,0.114268,0.119186,0.115122,0.102014,0.116122,0.108208,0.0995807
1024.97,0.0952266,0.114275,0.119052,0.114674,0.101411,0.113835,0.10599,0.0976212
1025.94,0.0960667,0.114562,0.119097,0.114407,0.101007,0.112007,0.104228,0.0960245
1026.9,0.0972284,0.115128,0.11935,0.114338,0.100869,0.110894,0.103163,0.0949416
1027.87,0.0986954,0.115898,0.119889,0.114517,0.100947,0.110821,0.103081,0.0946911
1028.83,0.10039,0.116898,0.120916,0.115158,0.101382,0.113078,0.105195,0.0964952
1029.79,0.102299,0.118293,0.122844,0.116721,0.102684,0.120702,0.112341,0.103011
1030.76,0.104538,0.120341,0.126426,0.119948,0.105706,0.138371,0.128924,0.118307
1031.72,0.107242,0.123149,0.13197,0.125078,0.110754,0.167698,0.156463,0.143752
1032.69,0.110476,0.126201,0.137446,0.129934,0.115474,0.194242,0.181329,0.166652
1033.65,0.114201,0.128566,0.139253,0.130745,0.115727,0.190712,0.177969,0.16345
1034.61,0.118336,0.130202,0.13722,0.127428,0.111356,0.157898,0.147098,0.134776
1035.58,0.122866,0.132167,0.135279,0.124211,0.106888,0.12633,0.117296,0.106981
1036.54,0.127879,0.135193,0.136054,0.123824,0.105267,0.111688,0.103362,0.0938809
1037.51,0.133417,0.139135,0.13904,0.125609,0.105872,0.108831,0.100441,0.0909948
1038.47,0.139413,0.14366,0.143074,0.128257,0.107408,0.110134,0.10136,0.0916758
1039.44,0.14571,0.148542,0.147658,0.131302,0.109393,0.113021,0.103761,0.0937294
1040.4,0.152101,0.153576,0.152569,0.134674,0.111676,0.117059,0.10728,0.0967644
1041.36,0.158334,0.15862,0.157574,0.138273,0.11412,0.1218,0.111517,0.100398
1042.33,0.16419,0.163551,0.162474,0.141926,0.11668,0.126866,0.116093,0.104332
1043.29,0.169542,0.168168,0.167126,0.145511,0.119363,0.132189,0.120887,0.108501
1044.26,0.174266,0.172284,0.171377,0.148972,0.122061,0.137752,0.125867,0.11289
1045.22,0.178174,0.175759,0.175012,0.1522,0.124568,0.143406,0.130933,0.117384
1046.19,0.181115,0.17844,0.177856,0.154967,0.126737,0.148844,0.13587,0.121769
1047.15,0.183039,0.180212,0.179906,0.157041,0.128537,0.153685,0.140399,0.125793
1048.11,0.183984,0.181096,0.181246,0.158366,0.129959,0.157794,0.144402,0.129348
1049.08,0.184083,0.181229,0.181833,0.159039,0.130942,0.161329,0.147873,0.132486
1050.04,0.183541,0.180755,0.181589,0.159147,0.131454,0.164365,0.150723,0.13518
1051.01,0.182524,0.179753,0.18067,0.15871,0.131547,0.166737,0.152839,0.137263
1051.97,0.181064,0.178224,0.179315,0.157758,0.13126,0.168243,0.154212,0.138619
1052.94,0.179124,0.176163,0.177539,0.156362,0.130563,0.168854,0.154923,0.139324
1053.9,0.176704,0.173618,0.175245,0.154552,0.129455,0.168707,0.155029,0.139515
1054.86,0.173853,0.170668,0.172479,0.152324,0.128013,0.167928,0.154502,0.139203
1055.83,0.170654,0.167427,0.169384,0.149743,0.126299,0.166501,0.153289,0.138281
1056.79,0.167271,0.164053,0.166063,0.146964,0.124313,0.164354,0.15142,0.136723
1057.76,0.163921,0.160661,0.162588,0.144126,0.12211,0.16153,0.149002,0.134687
1058.72,0.160737,0.157319,0.159106,0.141288,0.119831,0.158233,0.146153,0.13232
1059.68,0.157788,0.154177,0.155839,0.138475,0.117596,0.154661,0.142976,0.129632
1060.65,0.155275,0.151469,0.152936,0.135768,0.115466,0.150875,0.139542,0.126636
1061.61,0.153496,0.149349,0.150459,0.133319,0.113488,0.146906,0.135914,0.123472
1062.58,0.152635,0.147888,0.148528,0.131303,0.111703,0.142868,0.132188,0.120268
1063.54,0.152769,0.147194,0.147322,0.12983,0.110162,0.138898,0.128476,0.117068
1064.51,0.154002,0.147353,0.146921,0.128911,0.108936,0.13507,0.124894,0.113896
1065.47,0.156399,0.14837,0.1473,0.128551,0.108095,0.131424,0.121542,0.110791
1066.43,0.159933,0.150282,0.148459,0.128798,0.107704,0.128036,0.118443,0.107789
1067.4,0.164501,0.153135,0.15045,0.129614,0.10777,0.12502,0.115566,0.10495
1068.36,0.17,0.156848,0.153272,0.130903,0.108189,0.122407,0.112906,0.102318
1069.33,0.176407,0.161282,0.156867,0.13269,0.10892,0.120146,0.110539,0.0999446
1070.29,0.183733,0.16638,0.161155,0.135062,0.110056,0.118235,0.108548,0.0978959
1071.26,0.191853,0.172158,0.166037,0.137984,0.111595,0.116738,0.10696,0.0961793
1072.22,0.200545,0.178594,0.171462,0.141388,0.113432,0.115675,0.105764,0.0947424
1073.18,0.20967,0.18555,0.177418,0.145264,0.115548,0.114981,0.104897,0.0935421
1074.15,0.219099,0.192847,0.183821,0.149553,0.117961,0.1146,0.104243,0.0925587
1075.11,0.228515,0.200325,0.190467,0.154133,0.120621,0.114559,0.10378,0.0918181
1076.08,0.237493,0.207741,0.197072,0.158881,0.123463,0.114922,0.103642,0.0913897
1077.04,0.245685,0.214749,0.203342,0.163612,0.126436,0.115694,0.103983,0.0912938
1078.01,0.252794,0.221003,0.208984,0.168062,0.129444,0.116781,0.104771,0.0914672
1078.97,0.258493,0.22617,0.213708,0.171977,0.132322,0.11799,0.105746,0.0918279
1079.93,0.262464,0.230001,0.217275,0.175184,0.134894,0.119121,0.10663,0.0922975
1080.9,0.264476,0.232325,0.219536,0.177571,0.137019,0.120084,0.107342,0.0927872
1081.86,0.264453,0.233014,0.220401,0.179036,0.138569,0.120866,0.107927,0.0932123
1082.83,0.262491,0.232042,0.21981,0.179422,0.139406,0.121378,0.108364,0.0935137
1083.79,0.258748,0.229484,0.217728,0.178575,0.139436,0.121447,0.108517,0.0936598
1084.75,0.25332,0.225396,0.214143,0.176469,0.138628,0.120916,0.108249,0.0935957
1085.72,0.246305,0.219826,0.209105,0.173153,0.136953,0.119693,0.107453,0.0931912
1086.68,0.237886,0.212895,0.202733,0.16865,0.134341,0.117747,0.106036,0.0923053
1087.65,0.228272,0.204789,0.195198,0.163064,0.130768,0.115104,0.103981,0.0909107
1088.61,0.21768,0.195748,0.186753,0.156654,0.1264,0.111857,0.101379,0.0891163
1089.58,0.20638600000000001,0.186099,0.1777,0.149708,0.121565,0.10818,0.0983855,0.0870679
1090.54,0.194776,0.176192,0.168351,0.142483,0.11657,0.104303,0.0952152,0.0848825
1091.5,0.183231,0.166275,0.159036,0.135234,0.111602,0.100462,0.0920837,0.0826715
1092.47,0.172013,0.156568,0.150035,0.128212,0.106761,0.0968072,0.0890824,0.0805198
1093.43,0.161387,0.14738,0.141537,0.121672,0.102178,0.0933649,0.0862308,0.0784398
1094.4,0.151699,0.139012,0.133742,0.115822,0.0980574,0.0901592,0.0836125,0.0764488
1095.36,0.143197,0.131637,0.1269,0.110747,0.0945491,0.0873267,0.0813512,0.0746798
1096.33,0.135979,0.125353,0.121175,0.106446,0.0916474,0.0849948,0.0794777,0.0732695
1097.29,0.130086,0.12021,0.116526,0.102886,0.0892509,0.0830989,0.0778889,0.0721545
1098.25,0.125545,0.116162,0.112781,0.100022,0.0872823,0.0815163,0.0764973,0.071171
1099.22,0.12232,0.113091,0.109817,0.0978036,0.0857114,0.0802447,0.0753537,0.0702931
1100.18,0.120326,0.110892,0.107637,0.0961329,0.0844791,0.079282,0.0745195,0.0696019
1101.15,0.119433,0.109467,0.106235,0.0948824,0.0834955,0.0785401,0.0739081,0.0691037
1102.11,0.11948,0.108703,0.105476,0.0939866,0.0827418,0.0779604,0.0733995,0.0687251
1103.07,0.120295,0.108497,0.105146,0.0934204,0.0822458,0.0775393,0.0730017,0.0684465
1104.04,0.121722,0.108755,0.105113,0.0931088,0.0819535,0.0772549,0.0727606,0.0683015
1105.0,0.123653,0.109358,0.105369,0.0929561,0.081758,0.0770603,0.072611,0.0682478
1105.97,0.126055,0.110228,0.105922,0.0929444,0.0816213,0.0769231,0.0724492,0.0681894
1106.93,0.128928,0.111387,0.106759,0.0931279,0.0815712,0.0768423,0.0722944,0.0681057
1107.9,0.132199,0.112842,0.107855,0.0935069,0.0816293,0.0768134,0.0722195,0.0680195
1108.86,0.135763,0.114533,0.109141,0.0939774,0.0817741,0.0768051,0.072188,0.067916
1109.82,0.139598,0.116429,0.110569,0.0944618,0.0819518,0.0768169,0.0721514,0.0678079
1110.79,0.143769,0.118543,0.11218,0.0950078,0.0821451,0.0768971,0.0721776,0.0677676
1111.75,0.148314,0.120874,0.114022,0.0956827,0.0823911,0.0770767,0.0723229,0.0678327
1112.72,0.153209,0.12343,0.116094,0.0964801,0.082711,0.0773549,0.0725485,0.0679846
1113.68,0.158484,0.126261,0.118389,0.0974024,0.083103,0.0777027,0.0728155,0.0681917
1114.65,0.164192,0.129431,0.120894,0.0984901,0.0835861,0.0780408,0.0730999,0.0683814
1115.61,0.170288,0.132949,0.123584,0.0997372,0.0841722,0.0783143,0.0733657,0.068487
1116.57,0.176719,0.136756,0.12648,0.101116,0.0848385,0.0785831,0.0736163,0.0685563
1117.54,0.183542,0.140826,0.129669,0.102633,0.0855684,0.0789518,0.0738847,0.0686929
1118.5,0.190847,0.145217,0.133233,0.104308,0.0863715,0.0794435,0.0741952,0.0689346
1119.47,0.198647,0.150004,0.137195,0.106187,0.0872651,0.0800024,0.0745875,0.0692509
1120.43,0.206923,0.155222,0.141549,0.10836,0.0882805,0.0806076,0.0750938,0.0696021
1121.4,0.21571,0.16091,0.146303,0.110851,0.0894556,0.0813278,0.0757093,0.069978
1122.36,0.225076,0.167086,0.151479,0.113606,0.0908097,0.0822305,0.0764269,0.0703987
1123.32,0.235003,0.173699,0.157085,0.116589,0.092333,0.0832905,0.0772341,0.0708949
1124.29,0.245341,0.180665,0.163087,0.119819,0.0939992,0.0844339,0.0780988,0.0714691
1125.25,0.255947,0.187946,0.169403,0.123329,0.0958239,0.085647,0.0790227,0.0720836
1126.22,0.266767,0.195517,0.17595,0.127127,0.0978642,0.086996,0.0800551,0.0727476
1127.18,0.27769,0.203294,0.182667,0.131144,0.100113,0.0885247,0.0812192,0.0735313
1128.14,0.288503,0.211116,0.189468,0.13524,0.102473,0.0901852,0.0824748,0.0744304
1129.11,0.299038,0.218802,0.196207,0.13927,0.104831,0.0918634,0.0837629,0.0753533
1130.07,0.30916,0.226184,0.2027,0.143125,0.107104,0.0934363,0.0850326,0.0762332
1131.04,0.318701,0.233093,0.208776,0.146693,0.109211,0.094822,0.0862083,0.0770268
1132.0,0.327501,0.239393,0.214293,0.149895,0.111055,0.0960001,0.0872102,0.0776815
1132.97,0.335454,0.245041,0.21918,0.152715,0.11256,0.0969955,0.0880248,0.0781978
1133.93,0.342519,0.250025,0.223455,0.15508,0.113694,0.09781,0.0886582,0.0786207
1134.89,0.348761,0.254356,0.227164,0.156871,0.114454,0.0983598,0.0890461,0.0789254
1135.86,0.354361,0.258163,0.230378,0.158138,0.114846,0.098558,0.0891195,0.0790136
1136.82,0.359538,0.261661,0.233249,0.159103,0.114915,0.0984325,0.0889226,0.0788442
1137.79,0.364488,0.265064,0.23597,0.160006,0.114805,0.0981238,0.0885952,0.0785101
1138.75,0.369359,0.268578,0.238768,0.161047,0.114755,0.0978554,0.0882988,0.0782013
1139.72,0.37429,0.272386,0.241898,0.162364,0.11498,0.0978458,0.088195,0.0780753
1140.68,0.379418,0.276582,0.245527,0.164048,0.115561,0.0981314,0.0883572,0.0781345
1141.64,0.384811,0.281182,0.249668,0.166167,0.11647,0.098597,0.0886913,0.078287
1142.61,0.390389,0.286152,0.254242,0.168762,0.11768,0.0992047,0.0891107,0.0785149
1143.57,0.395957,0.291427,0.259174,0.171812,0.11917,0.100012,0.0896687,0.0788635
1144.54,0.401257,0.296889,0.264405,0.175227,0.12088,0.10103,0.0903814,0.0793182
1145.5,0.406086,0.302405,0.269823,0.178907,0.122763,0.102237,0.0911866,0.079845
1146.47,0.410358,0.307879,0.275293,0.182804,0.124828,0.103613,0.0921082,0.0804574
1147.43,0.414008,0.313223,0.280705,0.186903,0.127086,0.105109,0.0932017,0.0811444
1148.39,0.41693,0.318309,0.285929,0.191171,0.129539,0.10668,0.0944236,0.0818673
1149.36,0.419068,0.32297,0.290817,0.195533,0.132156,0.108354,0.095718,0.0826306
1150.32,0.420399,0.327065,0.295296,0.199878,0.134866,0.110191,0.0971085,0.0834639
1151.29,0.420833,0.330541,0.299332,0.20413,0.137646,0.112184,0.0986207,0.0843876
1152.25,0.420253,0.333363,0.302819,0.208244,0.140496,0.114247,0.100211,0.0854033
1153.21,0.418681,0.335431,0.305639,0.212116,0.14334,0.116292,0.101811,0.0864678
1154.18,0.41622,0.336647,0.307758,0.2156,0.146094,0.118289,0.10339,0.0875273
1155.14,0.412904,0.337025,0.309225,0.218654,0.148762,0.120257,0.104953,0.088591
1156.11,0.408789,0.33664,0.310059,0.221309,0.151334,0.122215,0.106509,0.0896932
1157.07,0.404035,0.335558,0.310194,0.22355,0.153732,0.124149,0.10804,0.0908123
1158.04,0.398786,0.333881,0.309602,0.225349,0.155915,0.126026,0.109543,0.0919106
1159.0,0.393135,0.331674,0.308402,0.226734,0.157886,0.127796,0.111017,0.0929881
1159.96,0.387204,0.328934,0.306737,0.227707,0.159628,0.129398,0.112421,0.094037
1160.93,0.381105,0.325709,0.304622,0.228204,0.161122,0.130812,0.113713,0.0950327
1161.89,0.374936,0.322115,0.301985,0.228212,0.162342,0.132061,0.114897,0.0959716
1162.86,0.368806,0.31823,0.298851,0.227805,0.163241,0.133135,0.115975,0.0968387
1163.82,0.362805,0.314078,0.295394,0.227016,0.163811,0.134,0.116926,0.0975999
1164.79,0.356998,0.309707,0.291794,0.225807,0.164097,0.134629,0.117706,0.0982504
1165.75,0.351449,0.30525,0.288118,0.224237,0.16413,0.135014,0.118255,0.0987885
1166.71,0.346242,0.300886,0.284382,0.222463,0.163897,0.135183,0.118553,0.0991977
1167.68,0.341497,0.296698,0.280615,0.220529,0.163402,0.135176,0.118664,0.0994966
1168.64,0.33733,0.292657,0.276857,0.218342,0.162682,0.13496,0.118634,0.0996928
1169.61,0.33377,0.28876,0.273166,0.215905,0.161765,0.134506,0.118443,0.09973
1170.57,0.330793,0.285102,0.26965,0.213411,0.160678,0.133892,0.118099,0.0995811
1171.54,0.328401,0.281807,0.266408,0.211021,0.159469,0.1332,0.117638,0.0993052
1172.5,0.326623,0.278932,0.263478,0.208698,0.158164,0.13241,0.117062,0.0989729
1173.46,0.325468,0.276453,0.260863,0.206348,0.156743,0.131482,0.116369,0.0986045
1174.43,0.324886,0.274334,0.258546,0.20399,0.155205,0.130442,0.11559,0.0981807
1175.39,0.324822,0.272619,0.256537,0.201726,0.153617,0.129358,0.114772,0.0976833
1176.36,0.325245,0.271372,0.254887,0.199648,0.152088,0.128268,0.113962,0.09712
1177.32,0.326104,0.270566,0.253628,0.197825,0.150658,0.127167,0.113142,0.0965084
1178.28,0.327317,0.270125,0.252751,0.196276,0.149292,0.126072,0.112271,0.0958724
1179.25,0.328831,0.270061,0.252248,0.194979,0.147983,0.125041,0.111404,0.0952632
1180.21,0.330585,0.270409,0.252107,0.19393,0.146784,0.124115,0.110641,0.0947273
1181.18,0.3325,0.271104,0.252291,0.193152,0.145756,0.12331,0.110001,0.094257
1182.14,0.334498,0.272069,0.25277,0.192646,0.144944,0.122629,0.109425,0.0938124
1183.11,0.336453,0.273281,0.253513,0.192383,0.144332,0.122041,0.108855,0.0933665
1184.07,0.338245,0.274668,0.254481,0.192348,0.143875,0.12152,0.108311,0.0929392
1185.03,0.339867,0.276126,0.25566,0.192546,0.143588,0.121109,0.107877,0.0926057
1186.0,0.341363,0.277647,0.257049,0.192992,0.143496,0.120882,0.107621,0.0924276
1186.96,0.342701,0.279273,0.258612,0.193692,0.143583,0.120854,0.107548,0.0923773
1187.93,0.343773,0.280971,0.260265,0.194627,0.143832,0.120969,0.107623,0.0923837
1188.89,0.344512,0.282691,0.261929,0.195771,0.144251,0.121182,0.107801,0.0924338
1189.86,0.344938,0.284418,0.263599,0.197095,0.144846,0.121492,0.10807,0.0925618
1190.82,0.345093,0.286095,0.265328,0.198545,0.145601,0.121926,0.108436,0.0927781
1191.78,0.344961,0.287626,0.267125,0.200083,0.1465,0.122521,0.10889,0.0930665
1192.75,0.344484,0.289001,0.268907,0.201737,0.147544,0.123286,0.109431,0.0934379
1193.71,0.343676,0.290304,0.270592,0.203558,0.148762,0.124216,0.110089,0.0939335
1194.68,0.342595,0.291553,0.272166,0.205522,0.15016,0.125295,0.110903,0.0945557
1195.64,0.341248,0.292646,0.273656,0.207519,0.151676,0.126475,0.111856,0.0952504
1196.6,0.339603,0.29348,0.275048,0.209468,0.153254,0.1277,0.112876,0.0959732
1197.57,0.337677,0.294041,0.276281,0.211387,0.154889,0.128987,0.113931,0.0967303
1198.53,0.335485,0.29434,0.277286,0.213301,0.156573,0.130379,0.115069,0.0975527
1199.5,0.332988,0.294358,0.278012,0.21516,0.158273,0.131869,0.116321,0.0984637
1200.46,0.330188,0.294083,0.278438,0.216865,0.159966,0.133429,0.117647,0.0994859
1201.43,0.327144,0.293515,0.278546,0.21832,0.1616,0.134992,0.118969,0.100589
1202.39,0.323873,0.29263,0.278303,0.219475,0.163097,0.13642,0.120208,0.101635
1203.35,0.32039,0.291395,0.277713,0.220351,0.164424,0.137638,0.121324,0.102526
1204.32,0.31679,0.289862,0.27684,0.220988,0.165597,0.138685,0.122335,0.103327
1205.28,0.313147,0.288129,0.275743,0.221396,0.166606,0.139626,0.123267,0.104102
1206.25,0.309488,0.286243,0.274432,0.221597,0.167425,0.140508,0.124129,0.104833
1207.21,0.305844,0.284167,0.27288,0.221596,0.168056,0.141324,0.124906,0.105494
1208.18,0.30224,0.281896,0.271116,0.221357,0.168511,0.141994,0.125552,0.106064
1209.14,0.298701,0.279527,0.269262,0.220899,0.168824,0.142501,0.12606,0.106541
1210.1,0.295269,0.277155,0.267384,0.220299,0.169049,0.142939,0.126521,0.106988
1211.07,0.291971,0.27477,0.265436,0.219577,0.169193,0.143356,0.127015,0.107469
1212.03,0.288789,0.272335,0.263388,0.218708,0.169223,0.1437,0.127508,0.107964
1213.0,0.285724,0.269896,0.261294,0.217731,0.169146,0.143913,0.127908,0.108404
1213.96,0.282795,0.2675,0.259167,0.216665,0.168972,0.143967,0.128104,0.108704
1214.93,0.280008,0.26511,0.256977,0.215461,0.16868,0.143855,0.128061,0.108815
1215.89,0.277347,0.262698,0.254755,0.214129,0.168254,0.143623,0.127869,0.108792
1216.85,0.274796,0.260281,0.252521,0.21275,0.167676,0.143319,0.127623,0.108709
1217.82,0.272369,0.257873,0.250245,0.211329,0.166948,0.142935,0.12736,0.108563
1218.78,0.270086,0.255485,0.247934,0.209785,0.16609,0.142419,0.127061,0.108311
1219.75,0.267918,0.253114,0.245639,0.208091,0.165092,0.141726,0.126615,0.107929
1220.71,0.265839,0.250771,0.243393,0.206315,0.163935,0.140879,0.125962,0.107449
1221.67,0.263883,0.24851,0.241203,0.204525,0.162674,0.139952,0.125212,0.106949
1222.64,0.262079,0.246352,0.239067,0.202716,0.161374,0.138994,0.124462,0.106445
1223.6,0.260396,0.244258,0.236999,0.200852,0.160029,0.138019,0.123678,0.105907
1224.57,0.258804,0.242243,0.235022,0.198964,0.158604,0.136992,0.122798,0.105318
1225.53,0.257313,0.240397,0.233146,0.197149,0.157118,0.135852,0.121822,0.104664
1226.5,0.255957,0.238743,0.231377,0.195475,0.155656,0.134652,0.120843,0.103959
1227.46,0.254722,0.237207,0.229703,0.193911,0.154283,0.133499,0.119919,0.103238
1228.42,0.253535,0.235727,0.228099,0.192368,0.152978,0.132348,0.118956,0.102457
1229.39,0.252367,0.234315,0.226583,0.190834,0.151698,0.131122,0.117894,0.10158
1230.35,0.251252,0.233014,0.225211,0.189412,0.150477,0.129963,0.116883,0.100736
1231.32,0.250178,0.231811,0.224004,0.188167,0.149368,0.129068,0.116088,0.100092
1232.28,0.249033,0.230653,0.222891,0.187028,0.148347,0.128375,0.115449,0.0996038
1233.25,0.247715,0.229481,0.221746,0.185898,0.147356,0.127642,0.114767,0.0990857
1234.21,0.246211,0.228235,0.2205,0.184757,0.146393,0.126778,0.113964,0.0984721
1235.17,0.24455,0.226882,0.219178,0.183639,0.145492,0.125925,0.113148,0.097861
1236.14,0.242727,0.225444,0.217824,0.182573,0.144652,0.125214,0.11247,0.0973468
1237.1,0.240724,0.223937,0.216441,0.18153,0.14383,0.124629,0.111966,0.096953
1238.07,0.238545,0.222331,0.214988,0.180427,0.142982,0.124099,0.111541,0.096647
1239.03,0.236235,0.220646,0.21344,0.179244,0.142109,0.123547,0.111069,0.0963292
1240.0,0.233851,0.218973,0.211846,0.178066,0.141259,0.122928,0.110516,0.0959119
1240.96,0.231412,0.217359,0.210294,0.176977,0.140498,0.122292,0.109949,0.0954417
1241.92,0.228908,0.215769,0.208839,0.175987,0.139865,0.121709,0.109446,0.0950381
1242.89,0.226344,0.214181,0.207475,0.175083,0.139343,0.121193,0.109033,0.094729
1243.85,0.223743,0.21263,0.206173,0.174282,0.13889,0.120752,0.108712,0.0944706
1244.82,0.221146,0.211154,0.204949,0.173602,0.138507,0.120435,0.108492,0.0942673
1245.78,0.218582,0.209755,0.203828,0.173013,0.138196,0.120267,0.108363,0.0941558
1246.74,0.216015,0.208418,0.20279,0.172492,0.137952,0.120224,0.10833,0.0941474
1247.71,0.213398,0.207125,0.201795,0.17207,0.137802,0.120263,0.108405,0.094239
1248.67,0.210763,0.205858,0.200837,0.171757,0.137746,0.120328,0.108519,0.0943807
1249.64,0.208166,0.204623,0.199931,0.171483,0.137712,0.120369,0.108567,0.0944686
1250.6,0.205601,0.203465,0.199082,0.171196,0.137654,0.120391,0.108543,0.0944654
1251.57,0.20304,0.202396,0.198285,0.170939,0.137612,0.120436,0.108527,0.0944382
1252.53,0.200496,0.201373,0.197555,0.170766,0.137625,0.120513,0.10855,0.0944512
1253.49,0.198016,0.200377,0.196915,0.170668,0.137692,0.120608,0.108609,0.0945128
1254.46,0.195638,0.199433,0.196348,0.170611,0.137785,0.120717,0.108732,0.0945951
1255.42,0.193378,0.198557,0.195822,0.170601,0.1379,0.120854,0.108933,0.0946802
1256.39,0.191234,0.197767,0.195346,0.170665,0.138065,0.121034,0.109166,0.094792
1257.35,0.189195,0.197089,0.194931,0.170806,0.138287,0.121223,0.109355,0.0949289
1258.32,0.187255,0.196499,0.194566,0.170988,0.13852,0.121371,0.109475,0.0950358
1259.28,0.185417,0.195959,0.194261,0.171211,0.13876,0.121497,0.109565,0.0951076
1260.24,0.18371,0.195482,0.194067,0.17154,0.139078,0.121678,0.109691,0.0952082
1261.21,0.182188,0.195106,0.194015,0.172013,0.139507,0.12197,0.10991,0.0953672
1262.17,0.180876,0.194814,0.194057,0.17256,0.139994,0.122374,0.110231,0.0955586
1263.14,0.179741,0.194558,0.194125,0.173106,0.140507,0.122857,0.110614,0.0957679
1264.1,0.178739,0.194323,0.194187,0.173655,0.141078,0.123373,0.111017,0.0960106
1265.06,0.177831,0.194119,0.194215,0.174224,0.141705,0.123888,0.111441,0.0963052
1266.03,0.176954,0.193922,0.194182,0.174784,0.142328,0.124418,0.111894,0.0966466
1266.99,0.176052,0.193644,0.19408,0.175277,0.142908,0.124987,0.112365,0.0970137
1267.96,0.175127,0.193212,0.19389,0.175677,0.143462,0.125559,0.112847,0.0974001
1268.92,0.174204,0.192636,0.19357,0.17598,0.143998,0.126068,0.11332,0.0977864
1269.89,0.173301,0.191962,0.193107,0.17617,0.144478,0.126478,0.113718,0.0981119
1270.85,0.172449,0.191239,0.192555,0.176259,0.144869,0.126825,0.11402,0.0983615
1271.81,0.171713,0.190554,0.192008,0.176299,0.145192,0.127187,0.114298,0.0986119
1272.78,0.171165,0.189987,0.191547,0.17634,0.145506,0.127585,0.114621,0.098912
1273.74,0.170865,0.189538,0.191212,0.176427,0.145867,0.127985,0.114994,0.0992221
1274.71,0.170859,0.1892,0.191013,0.176605,0.146322,0.128398,0.115411,0.0995152
1275.67,0.171158,0.189044,0.190944,0.176888,0.146888,0.128868,0.115874,0.0998308
1276.64,0.171719,0.189096,0.190992,0.177253,0.14752,0.129428,0.116388,0.100216
1277.6,0.172472,0.189261,0.191129,0.177651,0.148142,0.130046,0.116925,0.10067
1278.56,0.173357,0.189421,0.191281,0.178011,0.148706,0.130646,0.117447,0.101142
1279.53,0.174316,0.18954,0.191367,0.17828,0.149196,0.13117,0.11794,0.101574
1280.49,0.175268,0.189604,0.191337,0.178429,0.149594,0.131603,0.1184,0.101936
1281.46,0.176116,0.189561,0.19118,0.178439,0.149866,0.131952,0.118801,0.102246
1282.42,0.176811,0.189375,0.19092,0.178294,0.149982,0.132245,0.119126,0.102541
1283.39,0.177341,0.189069,0.190562,0.177974,0.149928,0.132461,0.119354,0.102797
1284.35,0.177694,0.188663,0.190098,0.177481,0.149724,0.132504,0.119438,0.102947
1285.31,0.177899,0.188178,0.189553,0.176875,0.149418,0.132351,0.119369,0.102988
1286.28,0.178027,0.187681,0.188986,0.176246,0.149062,0.132104,0.11922,0.10297
1287.24,0.178128,0.187247,0.188456,0.175657,0.1487,0.131865,0.119077,0.102927
1288.21,0.178216,0.186909,0.188007,0.175143,0.148368,0.13168,0.118981,0.10289
1289.17,0.178304,0.186665,0.187642,0.17472,0.148077,0.131555,0.118923,0.102877
1290.13,0.178385,0.186507,0.187352,0.174377,0.147818,0.131473,0.118881,0.102869
1291.1,0.178436,0.186432,0.187183,0.174107,0.1476,0.131465,0.11889,0.102902
1292.06,0.17845,0.18643,0.187166,0.173916,0.147441,0.131563,0.119007,0.103038
1293.03,0.178408,0.18646,0.18723,0.17379,0.147324,0.13167,0.119148,0.103199
1293.99,0.178271,0.18649,0.187298,0.173684,0.147186,0.131646,0.11915,0.103228
1294.96,0.178046,0.186562,0.18739,0.173587,0.147025,0.131502,0.119017,0.103126
1295.92,0.177768,0.186748,0.187557,0.173542,0.146915,0.131356,0.1189,0.103025
1296.88,0.177411,0.187017,0.187771,0.17358,0.146873,0.131258,0.118855,0.102984
1297.85,0.176932,0.187243,0.187988,0.173672,0.146843,0.131208,0.118824,0.102967
1298.81,0.176349,0.187372,0.188192,0.173781,0.146821,0.131226,0.118791,0.10294
1299.78,0.175721,0.187468,0.188376,0.173907,0.14685,0.131307,0.118787,0.102922
1300.74,0.175069,0.187562,0.188545,0.174058,0.146925,0.131417,0.118834,0.102963
1301.71,0.174382,0.18763,0.188729,0.174246,0.147001,0.131553,0.118926,0.103068
1302.67,0.173666,0.187683,0.188937,0.174484,0.147066,0.131705,0.119038,0.10319
1303.63,0.172944,0.187749,0.189146,0.174757,0.147157,0.131838,0.119154,0.103296
1304.6,0.172214,0.187821,0.189328,0.175037,0.147297,0.13196,0.119274,0.103376
1305.56,0.171466,0.18786,0.189454,0.175314,0.147467,0.132098,0.1194,0.103419
1306.53,0.170742,0.187863,0.189524,0.175611,0.147654,0.132284,0.11957,0.10347
1307.49,0.170092,0.187851,0.189601,0.175949,0.1479,0.132583,0.119844,0.103633
1308.46,0.169506,0.187831,0.189734,0.176306,0.14822,0.132956,0.120164,0.103873
1309.42,0.168942,0.187784,0.189872,0.176627,0.148551,0.133222,0.120385,0.104019
1310.38,0.168402,0.187693,0.189946,0.17688,0.148839,0.133358,0.120499,0.104064
1311.35,0.16791,0.187551,0.189935,0.17708,0.149102,0.133516,0.120614,0.104142
1312.31,0.167471,0.187376,0.189858,0.177283,0.149389,0.133756,0.120791,0.104288
1313.28,0.16708,0.187209,0.189771,0.177521,0.149739,0.134072,0.121064,0.104491
1314.24,0.166761,0.187048,0.189697,0.177737,0.150131,0.134469,0.12143,0.104766
1315.2,0.166551,0.186854,0.189583,0.17788,0.150489,0.1349,0.121829,0.105093
1316.17,0.166467,0.18661,0.189407,0.177987,0.150779,0.135362,0.122275,0.105497
1317.13,0.166477,0.186317,0.189193,0.178073,0.151005,0.135863,0.122781,0.105996
1318.1,0.166544,0.185989,0.188928,0.178083,0.151161,0.136306,0.123228,0.106462
1319.06,0.166683,0.185642,0.188608,0.178017,0.151296,0.136708,0.123614,0.10685
1320.03,0.166921,0.18529,0.188269,0.177928,0.151471,0.137201,0.124065,0.107271
1320.99,0.167243,0.184927,0.187887,0.177779,0.151626,0.13763,0.124464,0.107647
1321.95,0.167628,0.184533,0.187416,0.177483,0.151654,0.137728,0.124595,0.107787
1322.92,0.168092,0.184109,0.186859,0.177026,0.15152,0.137527,0.124489,0.107706
1323.88,0.168671,0.183677,0.186244,0.176468,0.151258,0.137229,0.124304,0.107555
1324.85,0.169376,0.183253,0.185602,0.175862,0.150915,0.136912,0.124105,0.107415
1325.81,0.170195,0.182813,0.184957,0.175202,0.15051,0.136539,0.123862,0.107271
1326.78,0.171133,0.182332,0.184304,0.174455,0.150038,0.136103,0.123553,0.107085
1327.74,0.172209,0.181852,0.183631,0.173618,0.149501,0.135667,0.123226,0.106876
1328.7,0.173434,0.181445,0.182963,0.172707,0.148898,0.135328,0.12298,0.106746
1329.67,0.174814,0.181126,0.182348,0.171748,0.148234,0.135215,0.122946,0.106838
1330.63,0.176335,0.18088,0.18179,0.17076,0.147522,0.135279,0.12306,0.107085
1331.6,0.17799,0.180707,0.181238,0.169715,0.146713,0.134986,0.122819,0.106996
1332.56,0.179792,0.180601,0.180659,0.168569,0.145734,0.133873,0.121836,0.106201
1333.53,0.18173,0.180546,0.180079,0.167382,0.144624,0.132305,0.120483,0.105041
1334.49,0.183757,0.180538,0.179552,0.166253,0.143497,0.130925,0.119332,0.104062
1335.45,0.18589,0.180599,0.179132,0.165162,0.142396,0.129858,0.118453,0.103375
1336.42,0.188155,0.180748,0.178834,0.164054,0.141303,0.128969,0.117686,0.102861
1337.38,0.190475,0.180969,0.17861,0.162952,0.140219,0.128258,0.117043,0.102496
1338.35,0.19288,0.181259,0.178395,0.161849,0.139114,0.127687,0.116572,0.102275
1339.31,0.195549,0.181666,0.178188,0.160698,0.137921,0.126963,0.116049,0.101977
1340.27,0.198277,0.182162,0.178071,0.159598,0.136721,0.12588,0.1152,0.101335
1341.24,0.200615,0.182629,0.178051,0.158674,0.135668,0.124748,0.114227,0.100515
1342.2,0.202656,0.183052,0.178072,0.157869,0.134706,0.123898,0.11345,0.0998496
1343.17,0.204705,0.183475,0.178138,0.15711,0.133744,0.123462,0.113027,0.0995394
1344.13,0.206788,0.183894,0.178255,0.156378,0.132814,0.123422,0.112984,0.0996166
1345.1,0.208778,0.1843,0.178338,0.155632,0.131922,0.123334,0.112949,0.0997062
1346.06,0.210638,0.184699,0.178316,0.15483,0.130992,0.122643,0.112384,0.0993103
1347.02,0.212376,0.185056,0.178219,0.154,0.130001,0.121334,0.111222,0.0983834
1347.99,0.213977,0.18534,0.178094,0.153178,0.128992,0.119788,0.109808,0.0972173
1348.95,0.21543,0.185598,0.17796,0.152372,0.128023,0.118336,0.108469,0.0960737
1349.92,0.21672,0.185862,0.177841,0.15162,0.127172,0.117147,0.107381,0.0951108
1350.88,0.21786,0.186097,0.177757,0.150966,0.12646,0.116249,0.106581,0.0944014
1351.85,0.218898,0.186277,0.177693,0.150396,0.125801,0.115604,0.106024,0.0939462
1352.81,0.219865,0.186441,0.177645,0.149871,0.125114,0.115132,0.105628,0.0936528
1353.77,0.220816,0.186655,0.17766,0.14938,0.124423,0.1147,0.105268,0.0933599
1354.74,0.221822,0.186946,0.177768,0.148964,0.123818,0.114239,0.104881,0.0930016
1355.7,0.222848,0.187292,0.177938,0.148654,0.123337,0.113816,0.104523,0.0926739
1356.67,0.223842,0.187696,0.178141,0.148421,0.122932,0.113469,0.104205,0.0924483
1357.63,0.224858,0.188207,0.178415,0.148234,0.122565,0.113132,0.103872,0.0922656
1358.59,0.225885,0.188798,0.178784,0.148094,0.122236,0.112814,0.103554,0.0920831
1359.56,0.226877,0.189392,0.179213,0.148005,0.121944,0.112551,0.103301,0.091906
1360.52,0.227892,0.189983,0.179659,0.147948,0.121651,0.1122,0.102987,0.0916352
1361.49,0.229002,0.19064,0.180125,0.147914,0.121333,0.111597,0.102452,0.0911411
1362.45,0.230311,0.191529,0.180774,0.148019,0.1211,0.110921,0.101825,0.0905597
1363.42,0.231758,0.192633,0.181703,0.14838,0.121085,0.110613,0.101472,0.0902548
1364.38,0.233013,0.193619,0.18264,0.14883,0.121183,0.110663,0.101423,0.0902371
1365.34,0.234059,0.194464,0.183448,0.149222,0.121265,0.110718,0.101399,0.0902152
1366.31,0.235051,0.195354,0.18421,0.149584,0.12133,0.110654,0.101289,0.0900832
1367.27,0.236038,0.196332,0.184998,0.149965,0.121393,0.11056,0.101171,0.0899248
1368.24,0.237049,0.197382,0.1859,0.150445,0.121527,0.110614,0.101215,0.0898921
1369.2,0.238026,0.19845,0.186921,0.151085,0.121826,0.110949,0.1015,0.0900776
1370.17,0.238843,0.199436,0.187905,0.151784,0.122211,0.11141,0.101841,0.0903455
1371.13,0.239513,0.200292,0.188736,0.15239,0.122528,0.111712,0.102001,0.0904695
1372.09,0.240106,0.201006,0.189403,0.15285,0.122723,0.111735,0.10193,0.0903641
1373.06,0.24067,0.201648,0.189994,0.153229,0.122843,0.111549,0.101722,0.0900819
1374.02,0.241207,0.202367,0.190642,0.153685,0.123031,0.111395,0.101553,0.0898013
1374.99,0.241605,0.203078,0.191303,0.154256,0.123374,0.111485,0.101557,0.0897139
1375.95,0.241766,0.20353,0.191804,0.154762,0.123739,0.111658,0.101628,0.0897393
1376.92,0.24173,0.203715,0.192105,0.155102,0.12399,0.111724,0.10166,0.0897516
1377.88,0.241547,0.203757,0.192238,0.155309,0.124131,0.111761,0.101714,0.0897975
1378.84,0.241213,0.203728,0.192246,0.155437,0.124231,0.111867,0.101806,0.0899013
1379.81,0.240724,0.203618,0.192175,0.155519,0.124327,0.111919,0.101809,0.0899191
1380.77,0.240092,0.20337,0.19202,0.155542,0.124398,0.111781,0.101663,0.0897553
1381.74,0.239308,0.202956,0.191746,0.155491,0.124425,0.111549,0.101472,0.0895211
1382.7,0.238348,0.202413,0.191372,0.155394,0.124415,0.111399,0.10134,0.0893773
1383.66,0.237218,0.20178,0.190944,0.15529,0.124386,0.111384,0.101286,0.0893765
1384.63,0.23594,0.201052,0.19045,0.155167,0.124337,0.111418,0.101271,0.089442
1385.59,0.234446,0.200187,0.189825,0.154992,0.124267,0.111412,0.101258,0.0894739
1386.56,0.232428,0.199097,0.189006,0.154807,0.124238,0.111453,0.101313,0.0895276
1387.52,0.229742,0.197787,0.188058,0.154707,0.12437,0.111723,0.101544,0.0897335
1388.49,0.22701,0.196506,0.18717,0.154642,0.124598,0.112017,0.101795,0.0899239
1389.45,0.224442,0.195247,0.18628,0.154494,0.124776,0.112083,0.101891,0.0899261
1390.41,0.221654,0.193805,0.18523,0.15427,0.124904,0.112043,0.101919,0.0898678
1391.38,0.218609,0.192207,0.184049,0.154013,0.125007,0.112075,0.101998,0.0898855
1392.34,0.215567,0.190598,0.182839,0.153718,0.12505,0.112149,0.102106,0.0899346
1393.31,0.212338,0.18887,0.181507,0.153328,0.125,0.112157,0.102184,0.0899364
1394.27,0.208199,0.186699,0.179819,0.152804,0.124923,0.112154,0.102274,0.0899643
1395.24,0.203443,0.184319,0.17799,0.152298,0.12497,0.112324,0.102457,0.0901605
1396.2,0.19958,0.182414,0.176542,0.151948,0.125115,0.112601,0.102688,0.0904314
1397.16,0.19652,0.180837,0.175326,0.151622,0.125225,0.112808,0.10288,0.0906303
1398.13,0.193248,0.179111,0.173996,0.151217,0.125321,0.11296,0.103031,0.0907857
1399.09,0.189494,0.17718,0.172568,0.150816,0.125494,0.113153,0.103191,0.0909752
1400.06,0.186292,0.175555,0.1714,0.150561,0.125704,0.113355,0.103384,0.0911711
1401.02,0.18407,0.174381,0.170531,0.150396,0.125856,0.113489,0.103577,0.0913224
1401.99,0.182351,0.173434,0.169787,0.150243,0.125973,0.113578,0.103742,0.0914393
1402.95,0.180906,0.172635,0.169139,0.150097,0.126073,0.113635,0.103857,0.0915187
1403.91,0.179735,0.171984,0.168607,0.149995,0.126168,0.113677,0.103946,0.0915749
1404.88,0.178917,0.171555,0.168256,0.150037,0.126347,0.113801,0.104085,0.0916767
1405.84,0.178592,0.171473,0.168181,0.150234,0.126618,0.11403,0.10425,0.0918268
1406.81,0.178724,0.171664,0.168341,0.150441,0.126849,0.11423,0.10435,0.0919466
1407.77,0.179242,0.172032,0.168675,0.150629,0.127007,0.114367,0.104412,0.0920397
1408.73,0.180157,0.172609,0.169196,0.150894,0.127166,0.114506,0.104522,0.0921705
1409.7,0.18144,0.173437,0.169909,0.151299,0.12739,0.114709,0.104734,0.092369
1410.66,0.183,0.174503,0.170793,0.151837,0.127704,0.115051,0.105089,0.092641
1411.63,0.184699,0.175751,0.171837,0.152501,0.128133,0.115581,0.105597,0.0930057
1412.59,0.18633,0.177016,0.172948,0.153242,0.128655,0.116164,0.106121,0.0933852
1413.56,0.187704,0.178081,0.173934,0.153944,0.129167,0.116553,0.106458,0.0936128
1414.52,0.18874,0.17885,0.174639,0.154509,0.129578,0.116705,0.106579,0.0936617
1415.48,0.189381,0.179324,0.175015,0.154885,0.129874,0.116781,0.106633,0.0936831
1416.45,0.18952,0.17944,0.175042,0.155032,0.130066,0.116896,0.106746,0.0938041
1417.41,0.189013,0.179048,0.17465,0.154869,0.13008,0.116957,0.106858,0.0939661
1418.38,0.187374,0.177763,0.173533,0.15411,0.129704,0.116753,0.106762,0.0939834
1419.34,0.184079,0.175282,0.171383,0.15251,0.128824,0.116176,0.106323,0.0937167
1420.31,0.180598,0.172698,0.16906,0.150796,0.127832,0.11541,0.105716,0.0932661
1421.27,0.17768,0.170456,0.166968,0.149257,0.126789,0.114518,0.105009,0.0927316
1422.23,0.174409,0.167855,0.16453,0.147406,0.125378,0.113357,0.104066,0.0920487
1423.2,0.169856,0.164196,0.161162,0.144826,0.123382,0.111821,0.102774,0.0911353
1424.16,0.164193,0.159667,0.15706,0.141764,0.121128,0.110153,0.101331,0.0901039
1425.13,0.158971,0.155551,0.153339,0.139068,0.119281,0.108772,0.100127,0.089225
1426.09,0.154442,0.152024,0.15011,0.136744,0.117745,0.107571,0.0990976,0.0884825
1427.06,0.150004,0.148543,0.146903,0.134421,0.11619,0.106368,0.098075,0.0877674
1428.02,0.145584,0.145007,0.143645,0.132056,0.114591,0.105198,0.0970942,0.0870783
1428.98,0.141008,0.141284,0.14021,0.129589,0.112951,0.104038,0.09617,0.0864061
1429.95,0.136189,0.137367,0.136581,0.127045,0.111347,0.10287,0.0952979,0.0857678
1430.91,0.132016,0.133976,0.13343,0.124874,0.110037,0.101874,0.0945728,0.0852503
1431.88,0.128776,0.131255,0.130909,0.123116,0.108944,0.101037,0.0939463,0.0848032
1432.84,0.125921,0.128745,0.128594,0.121464,0.107844,0.100204,0.0932889,0.0843297
1433.8,0.123423,0.126491,0.126507,0.119929,0.10679,0.0994028,0.0926293,0.0838694
1434.77,0.12143,0.124669,0.12476,0.118559,0.105841,0.0986689,0.0920163,0.0834588
1435.73,0.119385,0.122794,0.122855,0.116959,0.104709,0.0977513,0.091262,0.0829305
1436.7,0.116682,0.120302,0.120319,0.114853,0.103203,0.0964983,0.0902139,0.0821348
1437.66,0.114585,0.118294,0.118357,0.113294,0.102092,0.0955861,0.0894024,0.0814945
1438.63,0.113521,0.117164,0.117294,0.112429,0.101461,0.0950685,0.0889211,0.081128
1439.59,0.112752,0.116246,0.116416,0.111621,0.100843,0.0945247,0.0884508,0.0807821
1440.55,0.112051,0.115342,0.11552,0.11072,0.100134,0.0938552,0.0879048,0.080366
1441.52,0.111461,0.114521,0.114658,0.109845,0.099407,0.0931417,0.0873199,0.0799065
1442.48,0.111021,0.113836,0.113882,0.109096,0.0987344,0.0924836,0.0867495,0.0794658
1443.45,0.110719,0.113285,0.113217,0.108467,0.0981402,0.0919136,0.0862245,0.0790713
1444.41,0.110488,0.112814,0.112654,0.107884,0.0975914,0.0913772,0.0857143,0.0786926
1445.38,0.110256,0.112364,0.112146,0.107309,0.0970421,0.0908036,0.0851779,0.0783046
1446.34,0.110013,0.111917,0.111644,0.10672,0.0964756,0.0901657,0.0846191,0.0779092
1447.3,0.109788,0.111486,0.111125,0.10605,0.0958795,0.0894931,0.0840597,0.0775047
1448.27,0.109639,0.111139,0.110671,0.10539,0.0953059,0.0889626,0.0836113,0.0771596
1449.23,0.109601,0.11092,0.110372,0.104941,0.0948522,0.0887071,0.0834011,0.0769812
1450.2,0.109683,0.110787,0.110194,0.104654,0.0945047,0.0887054,0.083455,0.0770263
1451.16,0.109948,0.110779,0.110166,0.104476,0.0942693,0.0891339,0.0839145,0.0774598
1452.12,0.110426,0.110976,0.110356,0.104477,0.0942121,0.090117,0.0848479,0.0783465
1453.09,0.111045,0.111331,0.110684,0.10462,0.0942663,0.0911769,0.085836,0.0792569
1454.05,0.111758,0.111742,0.110994,0.104753,0.0942343,0.0916851,0.0863567,0.0796948
1455.02,0.11265,0.112223,0.111268,0.104825,0.0940155,0.0914247,0.0862138,0.079521
1455.98,0.114056,0.113025,0.111734,0.104985,0.0937323,0.0904985,0.0854349,0.0788058
1456.95,0.116582,0.114739,0.113018,0.105676,0.0938808,0.0895399,0.0844409,0.0779495
1457.91,0.119635,0.11715,0.115145,0.10705,0.0948047,0.0895775,0.0841796,0.0777424
1458.87,0.122058,0.119262,0.117169,0.1085,0.0959189,0.0903027,0.0846443,0.078084
1459.84,0.124124,0.121091,0.118944,0.109804,0.0969122,0.0911174,0.0853066,0.0785451
1460.8,0.126286,0.122953,0.120703,0.111062,0.0978295,0.0918831,0.0859611,0.0790061
1461.77,0.128774,0.12505,0.122616,0.112398,0.0987309,0.0925798,0.0865572,0.0794375
1462.73,0.13159,0.127391,0.124693,0.113848,0.0996081,0.0931845,0.0870726,0.0798134
1463.7,0.135299,0.130465,0.127413,0.115784,0.100704,0.0938548,0.0876084,0.0801995
1464.66,0.141306,0.135564,0.132026,0.119153,0.10274,0.0951143,0.0885352,0.0808407
1465.62,0.148538,0.141901,0.137902,0.123543,0.10562,0.0970671,0.0899951,0.0818248
1466.59,0.154905,0.147633,0.143321,0.12771,0.10851,0.0992309,0.0917132,0.0830054
1467.55,0.161511,0.153633,0.149051,0.132242,0.111706,0.101768,0.0938162,0.0845094
1468.52,0.169011,0.16043,0.155568,0.137513,0.115416,0.104778,0.0963535,0.0863592
1469.48,0.176358,0.167063,0.161938,0.142748,0.119085,0.10778,0.0988992,0.088211
1470.45,0.182962,0.173004,0.167624,0.147462,0.122393,0.110464,0.101182,0.0898435
1471.41,0.190369,0.17966,0.17397,0.152794,0.126222,0.113495,0.103785,0.0916981
1472.37,0.20119,0.189496,0.183421,0.160965,0.132395,0.118357,0.107995,0.0948179
1473.34,0.211427,0.19905,0.192713,0.169191,0.138984,0.123657,0.112566,0.0983407
1474.3,0.216549,0.204018,0.197568,0.173609,0.142803,0.126866,0.115335,0.100548
1475.27,0.219362,0.206822,0.200287,0.176256,0.145319,0.129162,0.11739,0.102261
1476.23,0.221252,0.208719,0.20216,0.178272,0.147491,0.131342,0.119426,0.104039
1477.19,0.221383,0.208856,0.202384,0.178749,0.148436,0.132502,0.12058,0.105134
1478.16,0.219632,0.207097,0.200726,0.177401,0.147754,0.132188,0.120426,0.105166
1479.12,0.216561,0.204034,0.197701,0.174773,0.145928,0.130815,0.119343,0.104465
1480.09,0.212246,0.19977,0.193466,0.171026,0.143161,0.128494,0.117407,0.103106
1481.05,0.206754,0.194407,0.188215,0.166346,0.139641,0.125404,0.114764,0.101183
1482.02,0.201,0.1889,0.182904,0.161654,0.136083,0.122313,0.112125,0.099203
1482.98,0.195931,0.184181,0.1784,0.15775,0.133075,0.119754,0.109981,0.0975314
1483.94,0.191611,0.180268,0.174687,0.154598,0.130616,0.117654,0.108234,0.0961368
1484.91,0.187957,0.17707,0.171657,0.152129,0.128704,0.116018,0.106869,0.0950349
1485.87,0.184856,0.174538,0.169276,0.150435,0.127457,0.115002,0.106038,0.0943366
1486.84,0.182021,0.172501,0.167454,0.149558,0.127004,0.114737,0.105867,0.0941704
1487.8,0.179423,0.170833,0.166084,0.149252,0.127186,0.115058,0.106225,0.0945138
1488.77,0.176598,0.168787,0.164365,0.148513,0.127143,0.115246,0.106547,0.0949655
1489.73,0.171538,0.164306,0.160294,0.145489,0.125467,0.114185,0.105938,0.094846
1490.69,0.163871,0.157003,0.153372,0.13954,0.121452,0.111177,0.10363,0.093427
1491.66,0.156463,0.149722,0.146229,0.133033,0.116576,0.107297,0.100371,0.0910986
1492.62,0.149198,0.142458,0.138969,0.126331,0.111255,0.102961,0.096631,0.0883107
1493.59,0.141287,0.134517,0.131025,0.119038,0.105368,0.0981194,0.0924579,0.0851816
1494.55,0.132549,0.125837,0.122398,0.111244,0.0990758,0.092953,0.0880394,0.0818536
1495.52,0.121283,0.114918,0.111697,0.101888,0.0916245,0.0869537,0.0829636,0.0779914
1496.48,0.107742,0.102097,0.0993549,0.0914174,0.0834711,0.0805459,0.0775696,0.0738871
1497.44,0.0969064,0.0920976,0.0899351,0.083665,0.0776379,0.0760044,0.0737244,0.0710448
1498.41,0.0883486,0.0845225,0.082927,0.0781639,0.0737289,0.0728852,0.0710542,0.0691502
1499.37,0.0807802,0.0780325,0.0769402,0.0736185,0.0706308,0.0703441,0.0688976,0.0676057
1500.34,0.0752764,0.0734041,0.0726892,0.0704582,0.0684994,0.0685993,0.067448,0.0665482
1501.3,0.0710412,0.069878,0.0694651,0.068096,0.0668697,0.0672823,0.0663584,0.0657585
1502.26,0.0673607,0.0668113,0.0666423,0.06601,0.0654091,0.0660864,0.0653552,0.0650278
1503.23,0.0646282,0.06451,0.0644945,0.0643598,0.0642545,0.0651125,0.0645334,0.0644117
1504.19,0.0628223,0.0629528,0.0629809,0.0630952,0.0633435,0.0643358,0.0638702,0.0639129
1505.16,0.0612576,0.0615887,0.0615266,0.0617324,0.0622886,0.0634885,0.0631011,0.0633878
1506.12,0.0583763,0.0590859,0.0589093,0.0592448,0.0603466,0.0620176,0.0617628,0.0625496
1507.09,0.0539181,0.0550935,0.0552707,0.0562236,0.0581822,0.0603611,0.0605406,0.0617503
1508.05,0.0519109,0.0532576,0.0538532,0.0554813,0.0578146,0.0601746,0.0606419,0.0618346
1509.01,0.0510976,0.052624,0.0533862,0.055456,0.057898,0.0604694,0.0609476,0.062116
1509.98,0.0503668,0.0521271,0.052947,0.0553298,0.0578684,0.0606368,0.061078,0.0622568
1510.94,0.0496263,0.051589,0.0524337,0.0550419,0.0577089,0.0605488,0.0610018,0.0622282
1511.91,0.0488348,0.0509281,0.0518263,0.0546084,0.0574462,0.0602514,0.0607499,0.0620855
1512.87,0.0481023,0.0502643,0.0512368,0.0541604,0.0571826,0.0599371,0.0604739,0.0619196
1513.84,0.0475665,0.0497692,0.0507449,0.0537872,0.056955,0.0597115,0.060283,0.0617799
1514.8,0.0471234,0.0493451,0.0502236,0.0533763,0.0566423,0.0594869,0.0601121,0.0616399
1515.76,0.0465657,0.0487839,0.0495385,0.0527963,0.0561587,0.0591756,0.0598836,0.0614667
1516.73,0.0456994,0.0479867,0.0487472,0.0521137,0.0557041,0.0588414,0.0596664,0.0613254
1517.69,0.0448963,0.0473609,0.0482702,0.0517213,0.0556236,0.0586996,0.059621,0.0613352
1518.66,0.0445336,0.0470951,0.0481038,0.0515697,0.0556331,0.058623,0.0596121,0.0613497
1519.62,0.0443201,0.0468283,0.0478761,0.0513004,0.0554029,0.0583566,0.0594747,0.0612167
1520.58,0.0438774,0.0461798,0.0473016,0.0506627,0.0548118,0.057793,0.0591643,0.0609053
1521.55,0.0431118,0.0452796,0.0465473,0.0499758,0.0543176,0.0574688,0.0589818,0.0607758
1522.51,0.0426654,0.0449875,0.0463043,0.0499387,0.0544871,0.0578211,0.0591711,0.0610821
1523.48,0.0424981,0.044976,0.0462697,0.0500525,0.0547017,0.0581189,0.0593285,0.0613562
1524.44,0.0423191,0.044848,0.0461344,0.0500133,0.0547185,0.0581908,0.059379,0.0615089
1525.41,0.0420699,0.044583,0.0458874,0.049875,0.0546562,0.0581806,0.0594455,0.0616273
1526.37,0.0418255,0.0443548,0.04566,0.0497761,0.054666,0.058183,0.0595498,0.0617147
1527.33,0.0415899,0.04425,0.0455359,0.0497669,0.0547705,0.058225,0.0596195,0.0617725
1528.3,0.0413383,0.0442213,0.0455158,0.0498495,0.0549621,0.0583898,0.0597109,0.0619003
1529.26,0.0411606,0.0442278,0.0455475,0.0499778,0.0551617,0.0586259,0.0598668,0.0621001
1530.23,0.0410807,0.0442179,0.0455382,0.0500519,0.055242,0.0587554,0.0599991,0.0622609
1531.19,0.0410351,0.044142,0.0454439,0.0500176,0.0551533,0.0587003,0.0600218,0.0623133
1532.16,0.0409732,0.0439743,0.0452576,0.0498752,0.0549271,0.0584977,0.0599266,0.0622581
1533.12,0.0408737,0.0437669,0.0450369,0.0497172,0.0547712,0.0583755,0.0598944,0.0622482
1534.08,0.0407537,0.0436849,0.0449807,0.0497151,0.0549577,0.0586482,0.0601608,0.0624876
1535.05,0.0406891,0.0437239,0.0450753,0.0498091,0.0552426,0.0590491,0.0604826,0.0627824
1536.01,0.0407086,0.0437718,0.0451481,0.0498699,0.0553913,0.0592837,0.0606719,0.0629651
1536.98,0.0408093,0.0438093,0.0451627,0.0498634,0.0553917,0.0593312,0.0607541,0.0630359
1537.94,0.0409752,0.0438165,0.0451185,0.0497186,0.0552077,0.0591763,0.0607326,0.0629854
1538.91,0.041072,0.0436448,0.0449054,0.0492185,0.0547567,0.0586933,0.0605547,0.0628382
1539.87,0.0408085,0.0432028,0.0444759,0.0485399,0.0543996,0.0581033,0.0603641,0.0629325
1540.83,0.040604,0.0430507,0.0443455,0.0486375,0.0546383,0.0582458,0.0604839,0.0633204
1541.8,0.0406331,0.043147,0.044423,0.0490907,0.0549828,0.0587588,0.0607064,0.0636077
1542.76,0.0406121,0.0432228,0.0444617,0.0494417,0.0552662,0.0591798,0.0609084,0.0637863
1543.73,0.0405424,0.0432492,0.0444975,0.0496556,0.0555422,0.0594499,0.0611473,0.0639538
1544.69,0.040553,0.0433487,0.0446844,0.049924,0.0559822,0.0598355,0.0615964,0.0642857
1545.65,0.0406687,0.0435795,0.0450299,0.0503207,0.0565645,0.0603957,0.0621653,0.0647706
1546.62,0.0408141,0.043805,0.0453415,0.0506637,0.0570251,0.060847,0.0625664,0.0651739
1547.58,0.0409491,0.0439444,0.0455339,0.0508642,0.0572963,0.0611021,0.0628033,0.065446
1548.55,0.0410657,0.0440342,0.0456263,0.0509691,0.0574519,0.0612452,0.063001,0.0656805
1549.51,0.0411592,0.0441577,0.0456949,0.0511086,0.0576392,0.0614426,0.0632697,0.0660008
1550.48,0.0412609,0.0443457,0.0458527,0.0513897,0.0579724,0.0618142,0.0636194,0.0663853
1551.44,0.0413923,0.0445028,0.046038,0.0516587,0.0582716,0.0621515,0.0639086,0.0666459
1552.4,0.0415377,0.0446064,0.0461548,0.0518024,0.0584248,0.0623255,0.0641175,0.0668028
1553.37,0.0417142,0.0447149,0.0462386,0.0518928,0.0585412,0.0624495,0.0643655,0.0670278
1554.33,0.0419442,0.0448653,0.0463752,0.0520676,0.0587915,0.0627095,0.0647703,0.0674568
1555.3,0.0421541,0.0449977,0.0465121,0.0522856,0.0590812,0.0630139,0.0651335,0.0678495
1556.26,0.0423147,0.0450783,0.0465319,0.0523768,0.059195,0.0631133,0.0652326,0.0679766
1557.23,0.0425076,0.0451267,0.0464053,0.0522746,0.059094,0.062912,0.0650658,0.067916
1558.19,0.0427235,0.045049,0.0461046,0.0518999,0.0587799,0.0623358,0.0647047,0.0678885
1559.15,0.0425997,0.0450689,0.0462878,0.0521559,0.0594045,0.0628866,0.0655061,0.0688552
1560.12,0.0426476,0.0456935,0.0471109,0.053291,0.0608066,0.0645701,0.067006,0.0700651
1561.08,0.0429167,0.0462264,0.0476927,0.0540441,0.0616195,0.065561,0.0678141,0.0707873
1562.05,0.0431512,0.0465733,0.0480933,0.054535,0.0621335,0.0662066,0.0683411,0.0713254
1563.01,0.0433253,0.0467821,0.0483767,0.0548787,0.0625223,0.066702,0.0687778,0.0717743
1563.98,0.0435004,0.046937,0.0486241,0.0551843,0.0629407,0.0671657,0.0692481,0.0722514
1564.94,0.0437307,0.0471825,0.0489509,0.0556133,0.0635733,0.0677726,0.069878,0.0729153
1565.9,0.0439531,0.0475038,0.049299,0.0561164,0.064271,0.0684544,0.07056,0.0736456
1566.87,0.0441221,0.0477471,0.0495287,0.0564917,0.0647351,0.068958,0.0710985,0.0741984
1567.83,0.0442875,0.0478947,0.0496484,0.056725,0.0649738,0.0692708,0.0715144,0.0745972
1568.8,0.0444971,0.0480678,0.0497967,0.0570327,0.065297,0.0696904,0.0720668,0.0751625
1569.76,0.0447021,0.0484316,0.0501978,0.0577162,0.0661506,0.0706191,0.0730536,0.0762538
1570.72,0.044837,0.0488388,0.0507082,0.0584521,0.067133,0.0716046,0.0740207,0.0773159
1571.69,0.0449797,0.049157,0.0511291,0.0590037,0.0678772,0.0723402,0.0747543,0.0780685
1572.65,0.0451721,0.0494428,0.0514967,0.0594991,0.0685234,0.0730155,0.0754519,0.0787385
1573.62,0.04537,0.0496942,0.0517939,0.0599188,0.0690672,0.0736096,0.0760841,0.079349
1574.58,0.0455075,0.0498909,0.0519935,0.0602059,0.0694744,0.0740362,0.0765869,0.0799032
1575.55,0.0456091,0.0501463,0.0522584,0.0606214,0.0700451,0.0746014,0.0772912,0.080766
1576.51,0.0458263,0.0506417,0.0528806,0.0616167,0.0712125,0.0758654,0.0786336,0.0822414
1577.47,0.046094,0.0511398,0.0535314,0.0626174,0.072358,0.077168,0.079874,0.0834606
1578.44,0.0462898,0.0515216,0.054005,0.0633293,0.0732383,0.0781278,0.0807893,0.0843314
1579.4,0.0464674,0.0518763,0.0544451,0.063996,0.0741195,0.0790111,0.0816857,0.0852138
1580.37,0.0466839,0.0522531,0.0549308,0.0647022,0.0750777,0.079941,0.0826431,0.0861851
1581.33,0.0469358,0.0526914,0.0554642,0.0654483,0.0760863,0.08095,0.0836496,0.0872404
1582.3,0.0471783,0.0531948,0.0560045,0.0662396,0.0771092,0.0820273,0.0846945,0.0883753
1583.26,0.0473877,0.0537159,0.0565293,0.0670722,0.0781292,0.0831277,0.0857756,0.0895487
1584.22,0.0475778,0.054213,0.0570595,0.0679377,0.0791629,0.0842257,0.0868987,0.0907121
1585.19,0.0477661,0.0546806,0.0576221,0.0688272,0.0802366,0.0853347,0.0880599,0.0918635
1586.15,0.0479583,0.0551417,0.0582254,0.0697328,0.0813592,0.0864745,0.0892628,0.0930378
1587.12,0.0481469,0.0556156,0.0588439,0.0706541,0.0825093,0.0876461,0.0905089,0.0942497
1588.08,0.0483299,0.0561046,0.0594595,0.0715995,0.0836778,0.0888587,0.0917738,0.0954963
1589.05,0.0485263,0.0566234,0.0601088,0.0725917,0.0849133,0.0901461,0.0930694,0.0968116
1590.01,0.0487395,0.0571793,0.0608189,0.0736463,0.0862382,0.0915124,0.0944419,0.0982197
1590.97,0.0489402,0.0577454,0.0615597,0.0747522,0.0876024,0.0929211,0.0958828,0.0996821
1591.94,0.0491172,0.0583095,0.0623085,0.0758947,0.0889739,0.0943522,0.0973423,0.101165
1592.9,0.0492989,0.0588986,0.0630756,0.0770794,0.0903838,0.0958221,0.0988229,0.102684
1593.87,0.0495103,0.0595468,0.0638759,0.0783455,0.0919079,0.0973914,0.100407,0.104296
1594.83,0.049751,0.0602697,0.0647233,0.0797212,0.093589,0.099103,0.102141,0.106018
1595.79,0.0499998,0.0610429,0.0656249,0.0811758,0.0953657,0.100907,0.103964,0.107797
1596.76,0.0502362,0.0618249,0.0665702,0.082683,0.0971659,0.102744,0.10582,0.10961
1597.72,0.0504653,0.0626014,0.0675414,0.084232,0.0989706,0.104594,0.107703,0.111446
1598.69,0.0507066,0.0633824,0.0685373,0.0857922,0.100787,0.106455,0.109588,0.113287
1599.65,0.0509756,0.0641903,0.069582,0.0873562,0.102652,0.108357,0.111484,0.115175
1600.62,0.0512789,0.065049,0.0706967,0.0889648,0.104616,0.110344,0.113449,0.117182
1601.58,0.0516117,0.0659748,0.0718843,0.0906831,0.106711,0.112458,0.11554,0.119331
1602.54,0.0519548,0.0669872,0.0731498,0.0925791,0.108974,0.114755,0.117798,0.121624
1603.51,0.0522817,0.0680746,0.0744611,0.0946109,0.111352,0.117182,0.120178,0.123998
1604.47,0.0525774,0.0691476,0.0757211,0.0965793,0.11364,0.119511,0.122509,0.126266
1605.44,0.0528715,0.0701794,0.0769426,0.0984475,0.115821,0.121707,0.124773,0.12842
1606.4,0.0532144,0.0712628,0.0782813,0.10042,0.118122,0.124031,0.127166,0.130707
1607.37,0.0536035,0.072418,0.0797718,0.102557,0.120586,0.126567,0.129734,0.133196
1608.33,0.0540225,0.0736126,0.0813239,0.104781,0.123145,0.129204,0.13241,0.135795
1609.29,0.0544918,0.0749022,0.0829372,0.107156,0.125927,0.132002,0.135264,0.138565
1610.26,0.0549916,0.0762364,0.0845649,0.109596,0.128809,0.134864,0.138143,0.141378
1611.22,0.0554917,0.0775079,0.0861441,0.111912,0.131499,0.13756,0.140812,0.144001
1612.19,0.056009,0.078772,0.087725,0.114162,0.134056,0.14015,0.143388,0.146532
1613.15,0.0565239,0.0800383,0.0892523,0.116336,0.136522,0.142646,0.145911,0.149
1614.11,0.0569675,0.0811446,0.0905501,0.118206,0.138659,0.144791,0.148121,0.151167
1615.08,0.0573861,0.0821116,0.0917037,0.119839,0.140534,0.146669,0.150094,0.153115
1616.04,0.0581322,0.0836176,0.0934951,0.122268,0.143335,0.149526,0.153034,0.156008
1617.01,0.0593483,0.0860697,0.096354,0.126133,0.147798,0.154104,0.157576,0.160463
1617.97,0.0602141,0.0878939,0.0984852,0.12907,0.151168,0.157509,0.160892,0.163755
1618.94,0.0607601,0.0890234,0.0998136,0.130906,0.153256,0.159576,0.162937,0.165815
1619.9,0.0613312,0.0900985,0.101068,0.13259,0.155153,0.161481,0.164875,0.167753
1620.86,0.0619333,0.0911444,0.102288,0.134199,0.156941,0.163314,0.16676,0.169632
1621.83,0.0625526,0.0921547,0.103471,0.135714,0.158605,0.165037,0.168499,0.171397
1622.79,0.0634311,0.0935979,0.105146,0.137731,0.160839,0.167369,0.17077,0.173701
1623.76,0.0645923,0.0955776,0.107398,0.14041,0.163811,0.170491,0.173834,0.176721
1624.72,0.0654776,0.0970776,0.109045,0.142431,0.166017,0.172772,0.176177,0.178995
1625.69,0.0661001,0.0980283,0.110031,0.143672,0.16732,0.174049,0.177565,0.180379
1626.65,0.0668375,0.0990232,0.111034,0.144871,0.168554,0.175214,0.178804,0.181667
1627.61,0.0679234,0.100412,0.112482,0.146474,0.170237,0.176868,0.180437,0.183374
1628.58,0.0690939,0.101862,0.114069,0.148123,0.171982,0.178666,0.182151,0.185142
1629.54,0.0700254,0.102973,0.115271,0.149299,0.173204,0.179928,0.18339,0.186369
1630.51,0.0708817,0.103932,0.116215,0.150172,0.174083,0.180758,0.184289,0.187215
1631.47,0.0717979,0.104865,0.117087,0.15094,0.174815,0.181383,0.185002,0.187909
1632.44,0.0726434,0.105646,0.117804,0.151515,0.175295,0.181766,0.185423,0.188392
1633.4,0.0733132,0.106201,0.118272,0.151806,0.175447,0.181824,0.185489,0.188592
1634.36,0.0741444,0.106813,0.118712,0.152041,0.175467,0.181662,0.185363,0.188667
1635.33,0.0759888,0.108163,0.119808,0.152836,0.175848,0.18175,0.185496,0.188948
1636.29,0.0781898,0.109848,0.121386,0.15396,0.176497,0.182324,0.186029,0.189259
1637.26,0.0794851,0.11089,0.122442,0.154549,0.176746,0.182721,0.186338,0.189222
1638.22,0.080462,0.111644,0.123168,0.15485,0.176748,0.182849,0.186344,0.189022
1639.18,0.0814574,0.112327,0.123767,0.155031,0.176636,0.182765,0.186118,0.18871
1640.15,0.0825931,0.113012,0.124339,0.155113,0.176393,0.182442,0.18567,0.188213
1641.11,0.0839034,0.113724,0.124913,0.155114,0.176001,0.181904,0.185028,0.187516
1642.08,0.0852911,0.114415,0.12544,0.155032,0.175484,0.181225,0.18426,0.18669
1643.04,0.0865881,0.115,0.125853,0.154843,0.174887,0.180455,0.183446,0.185814
1644.01,0.0877072,0.115418,0.126114,0.154509,0.1742,0.179564,0.182579,0.184907
1644.97,0.0889031,0.115788,0.12632,0.154002,0.173306,0.178423,0.181498,0.183839
1645.93,0.0908583,0.116526,0.126758,0.153415,0.172118,0.176906,0.179953,0.182324
1646.9,0.0938523,0.118046,0.127719,0.153183,0.171009,0.175424,0.178148,0.180416
1647.86,0.0964437,0.119624,0.128815,0.153393,0.170371,0.174561,0.17686,0.178869
1648.83,0.0979821,0.120545,0.129514,0.153485,0.169862,0.173936,0.176006,0.177765
1649.79,0.0989719,0.121001,0.129818,0.153301,0.169305,0.173248,0.175213,0.176813
1650.76,0.0997812,0.121246,0.129877,0.152913,0.168699,0.172453,0.174345,0.175881
1651.72,0.100852,0.121523,0.129883,0.152413,0.167982,0.171442,0.173265,0.174802
1652.68,0.104311,0.122977,0.130757,0.152126,0.16666,0.169467,0.17121,0.172668
1653.65,0.110764,0.126399,0.133399,0.152523,0.164767,0.166792,0.168294,0.169265
1654.61,0.113097,0.127816,0.134588,0.15258,0.16404,0.165935,0.167154,0.167726
1655.58,0.114291,0.128492,0.135119,0.152421,0.163575,0.165385,0.166383,0.166722
1656.54,0.115901,0.129335,0.135738,0.152286,0.162968,0.164582,0.165392,0.165526
1657.51,0.118026,0.130432,0.136529,0.152195,0.162193,0.163521,0.164139,0.16405
1658.47,0.120486,0.131726,0.137442,0.152131,0.161333,0.162326,0.162719,0.162408
1659.43,0.123045,0.133125,0.138422,0.152077,0.160479,0.161114,0.161272,0.160769
1660.4,0.125555,0.134524,0.139407,0.152017,0.159622,0.159905,0.159864,0.159184
1661.36,0.128304,0.136062,0.140509,0.151992,0.15867,0.158579,0.158347,0.157471
1662.33,0.132168,0.138336,0.14226,0.15223,0.157656,0.157027,0.156521,0.155341
1663.29,0.136575,0.141159,0.144592,0.152829,0.156948,0.15568,0.154848,0.153248
1664.25,0.139847,0.143445,0.146518,0.1534,0.156569,0.154815,0.153737,0.151768
1665.22,0.142456,0.145313,0.148055,0.153827,0.156187,0.154038,0.15275,0.150531
1666.18,0.145057,0.1471,0.149515,0.1542,0.15568,0.153149,0.151629,0.14926
1667.15,0.147677,0.148852,0.150931,0.15453,0.155049,0.152176,0.150411,0.147949
1668.11,0.150996,0.15114,0.152744,0.155004,0.154319,0.151051,0.149026,0.146392
1669.08,0.156176,0.154899,0.155807,0.156098,0.153772,0.149764,0.147451,0.144331
1670.04,0.161648,0.159007,0.159358,0.157658,0.153758,0.14881,0.146209,0.142428
1671.0,0.165988,0.162396,0.162466,0.159238,0.153997,0.148298,0.145367,0.141074
1671.97,0.169774,0.165469,0.165326,0.160791,0.154214,0.147934,0.144635,0.139962
1672.93,0.172734,0.167937,0.1676,0.162001,0.154317,0.147569,0.143986,0.139018
1673.9,0.175607,0.170375,0.169801,0.163109,0.154395,0.147128,0.143302,0.13803
1674.86,0.180764,0.174784,0.173782,0.165264,0.154829,0.146684,0.142414,0.136582
1675.83,0.18749,0.180579,0.179119,0.168387,0.155721,0.146559,0.141636,0.135066
1676.79,0.191866,0.18439,0.182731,0.170587,0.156425,0.146648,0.14122,0.134176
1677.75,0.194955,0.187121,0.185332,0.172171,0.156914,0.146676,0.140867,0.133488
1678.72,0.198564,0.190371,0.188341,0.174023,0.157472,0.146652,0.140453,0.132674
1679.68,0.203475,0.194909,0.192506,0.176658,0.158361,0.14671,0.140049,0.131731
1680.65,0.208705,0.199856,0.197134,0.179635,0.159485,0.146895,0.139786,0.13088
1681.61,0.212407,0.20341,0.200525,0.181812,0.160311,0.147005,0.139619,0.130254
1682.58,0.215205,0.206109,0.202999,0.183394,0.160806,0.146944,0.139389,0.129675
1683.54,0.221425,0.212207,0.208369,0.18705,0.162181,0.147198,0.139111,0.128878
1684.5,0.234848,0.225472,0.22067,0.195708,0.16627,0.149012,0.139483,0.128142
1685.47,0.242128,0.232602,0.227859,0.200824,0.169015,0.15055,0.140186,0.127985
1686.43,0.245234,0.235575,0.231101,0.203142,0.1703,0.151298,0.140629,0.127893
1687.4,0.249145,0.239404,0.23506,0.205958,0.171748,0.152055,0.141041,0.127772
1688.36,0.255013,0.245313,0.240925,0.210116,0.173879,0.153171,0.141615,0.127709
1689.32,0.262333,0.252798,0.248209,0.215296,0.176625,0.154704,0.142465,0.127768
1690.29,0.269923,0.26054,0.255693,0.220691,0.179588,0.156449,0.143521,0.127936
1691.25,0.276958,0.267655,0.262557,0.225707,0.182395,0.158123,0.144557,0.128174
1692.22,0.283346,0.274081,0.268722,0.230217,0.184913,0.159601,0.145456,0.128444
1693.18,0.289124,0.279841,0.274215,0.234221,0.187076,0.160846,0.146214,0.128676
1694.15,0.294701,0.285228,0.279315,0.237921,0.188988,0.161914,0.146882,0.128834
1695.11,0.303465,0.293314,0.286899,0.2433,0.191807,0.163471,0.147885,0.129019
1696.07,0.319174,0.307706,0.300438,0.252801,0.196984,0.166458,0.149819,0.129481
1697.04,0.331253,0.318876,0.311027,0.260356,0.20116,0.168999,0.151455,0.13002
1698.0,0.336503,0.323683,0.315591,0.263804,0.203054,0.170193,0.152222,0.130375
1698.97,0.341972,0.328261,0.319818,0.267077,0.204828,0.171236,0.152913,0.130665
1699.93,0.358884,0.342046,0.332387,0.276166,0.210031,0.174355,0.154966,0.131391
1700.9,0.382219,0.361182,0.349778,0.288153,0.21723,0.178947,0.157937,0.132654
1701.86,0.391594,0.368795,0.356646,0.292705,0.220148,0.18097,0.159252,0.13337
1702.82,0.397478,0.37315,0.360516,0.295255,0.221782,0.182142,0.160044,0.133795
1703.79,0.406219,0.379278,0.365905,0.298783,0.223902,0.183615,0.161031,0.134226
1704.75,0.418712,0.387848,0.373317,0.303501,0.226674,0.185508,0.162279,0.134711
1705.72,0.433628,0.397837,0.381747,0.30874,0.229785,0.187612,0.163699,0.135256
1706.68,0.448336,0.407297,0.389576,0.31357,0.232809,0.189652,0.165167,0.135892
1707.64,0.459529,0.41404,0.395076,0.316892,0.23507,0.191159,0.166317,0.13645
1708.61,0.467998,0.418717,0.398781,0.318949,0.236563,0.192137,0.167064,0.136804
1709.57,0.476728,0.423308,0.402296,0.320673,0.237781,0.192989,0.16764,0.137024
1710.54,0.485922,0.427996,0.405813,0.322234,0.23883,0.193812,0.168141,0.137176
1711.5,0.493283,0.43145,0.408318,0.323172,0.239424,0.194304,0.16843,0.137201
1712.47,0.498394,0.433445,0.409594,0.323383,0.239488,0.19434,0.168437,0.137047
1713.43,0.502537,0.434688,0.410122,0.323034,0.239128,0.194032,0.168214,0.136711
1714.39,0.506632,0.435676,0.410289,0.322268,0.238446,0.193498,0.167802,0.13617
1715.36,0.509754,0.43614,0.410043,0.321221,0.237606,0.192817,0.167227,0.135474
1716.32,0.510894,0.435747,0.409154,0.31987,0.236668,0.191978,0.166467,0.134742
1717.29,0.510651,0.434443,0.407324,0.31773,0.235341,0.190844,0.165372,0.133901
1718.25,0.508769,0.431924,0.404479,0.314921,0.23366,0.189667,0.164253,0.133086
1719.22,0.505191,0.428777,0.40154,0.312586,0.2322,0.188799,0.163546,0.132518
1720.18,0.500745,0.425278,0.398433,0.310328,0.230727,0.187864,0.162814,0.13191
1721.14,0.495478,0.421151,0.394713,0.307646,0.228956,0.186617,0.16181,0.131098
1722.11,0.489089,0.416194,0.39021,0.304445,0.226794,0.185019,0.160504,0.130073
1723.07,0.481265,0.41033,0.384944,0.30077,0.224273,0.183152,0.158929,0.12888
1724.04,0.472539,0.403993,0.379345,0.296894,0.221673,0.18122,0.157245,0.127637
1725.0,0.463989,0.397797,0.373919,0.293125,0.219244,0.179355,0.155639,0.126435
1725.97,0.455691,0.391649,0.368543,0.289385,0.216843,0.177457,0.154077,0.125203
1726.93,0.447474,0.385467,0.363092,0.285626,0.214336,0.175487,0.152489,0.123918
1727.89,0.439624,0.379536,0.357769,0.281961,0.211794,0.173535,0.150898,0.122658
1728.86,0.431557,0.373405,0.352186,0.278057,0.209004,0.171408,0.149125,0.121278
1729.82,0.42243,0.366435,0.345834,0.27356,0.205722,0.16886,0.146975,0.119538
1730.79,0.414118,0.360053,0.340027,0.269448,0.202682,0.166451,0.144965,0.117855
1731.75,0.408238,0.355418,0.335765,0.266382,0.200402,0.164619,0.143502,0.116658
1732.71,0.402758,0.350857,0.331501,0.263116,0.19797,0.162616,0.141977,0.115491
1733.68,0.393337,0.342782,0.324056,0.25719,0.193644,0.15895,0.139049,0.113265
1734.64,0.382148,0.333298,0.315434,0.25042,0.188881,0.154942,0.135543,0.11057
1735.61,0.375863,0.328126,0.310679,0.246752,0.186394,0.152984,0.133687,0.109156
1736.57,0.371254,0.324293,0.307082,0.243909,0.184412,0.151494,0.132329,0.108128
1737.54,0.366358,0.320037,0.303097,0.240685,0.182049,0.149703,0.130783,0.106937
1738.5,0.360452,0.314735,0.298131,0.236649,0.178988,0.147362,0.12879,0.105376
1739.46,0.352352,0.30738,0.291175,0.231069,0.174732,0.144037,0.125932,0.103135
1740.43,0.343916,0.299667,0.283815,0.225274,0.170387,0.140557,0.122891,0.1008
1741.39,0.337746,0.293978,0.278322,0.22101,0.167229,0.138003,0.120637,0.099111
1742.36,0.33183,0.28849,0.272933,0.2168,0.164076,0.135496,0.11845,0.0974319
1743.32,0.32423,0.281429,0.265986,0.211301,0.159953,0.132266,0.115687,0.0952157
1744.29,0.316312,0.274097,0.258892,0.205646,0.155775,0.128985,0.112943,0.092993
1745.25,0.309403,0.267751,0.252883,0.200859,0.152272,0.126199,0.110636,0.0912067
1746.21,0.302542,0.261483,0.246988,0.19615,0.148808,0.123442,0.108304,0.0895049
1747.18,0.294702,0.254361,0.240245,0.19069,0.144793,0.120266,0.105583,0.0875196
1748.14,0.285718,0.246255,0.232482,0.184389,0.140206,0.116605,0.102519,0.0851926
1749.11,0.276937,0.238332,0.224845,0.17832,0.135807,0.113058,0.0996369,0.0829446
1750.07,0.268504,0.230701,0.217579,0.172654,0.131692,0.109776,0.0969548,0.080853
1751.04,0.258339,0.221572,0.209057,0.165945,0.126894,0.105984,0.0937484,0.0783841
1752.0,0.248028,0.21243,0.20058,0.159202,0.122171,0.102241,0.0905357,0.0759795
1752.96,0.23995,0.20536,0.194007,0.153998,0.118547,0.0993921,0.0881062,0.0742398
1753.93,0.232755,0.199109,0.188139,0.149422,0.115318,0.0968808,0.0860042,0.072745
1754.89,0.22519,0.192563,0.181937,0.144641,0.111896,0.0942182,0.0837898,0.0711185
1755.86,0.216182,0.184823,0.174619,0.139005,0.107848,0.0910693,0.0811197,0.0691181
1756.82,0.205183,0.175417,0.165829,0.132196,0.10302,0.0873202,0.0778808,0.0666768
1757.78,0.194695,0.16649,0.157533,0.125782,0.0985276,0.0838531,0.0749075,0.0644102
1758.75,0.186349,0.159456,0.150961,0.120765,0.0949991,0.0811632,0.0726607,0.0626909
1759.71,0.179025,0.153335,0.145245,0.116429,0.0919024,0.0788003,0.0707315,0.0612582
1760.68,0.170869,0.14653,0.138954,0.111649,0.0884831,0.0761368,0.0685819,0.0597297
1761.64,0.160345,0.137788,0.130886,0.105571,0.0842147,0.0727642,0.0658818,0.0578122
1762.61,0.150185,0.129458,0.123115,0.0998311,0.0802847,0.0696804,0.0634146,0.0559934
1763.57,0.142718,0.123431,0.117432,0.0957239,0.077533,0.0675936,0.0616849,0.0546721
1764.53,0.136192,0.11817,0.112496,0.0921669,0.0751582,0.0658439,0.0601655,0.0535167
1765.5,0.129831,0.112982,0.107694,0.0886612,0.0727977,0.064088,0.05866,0.052403
1766.46,0.123786,0.10799,0.103094,0.0852728,0.0704714,0.0623185,0.0572116,0.0513673
1767.43,0.117208,0.102551,0.0980492,0.0815797,0.0678905,0.060322,0.055619,0.0502198
1768.39,0.110126,0.0967658,0.0926913,0.0776848,0.0651864,0.0582024,0.0539178,0.048928
1769.36,0.104628,0.0923123,0.0886167,0.0746999,0.0631518,0.056576,0.0525936,0.0478848
1770.32,0.100533,0.0889715,0.0855449,0.0723955,0.0615755,0.0552731,0.0515063,0.0470412
1771.28,0.0955025,0.0848158,0.0816502,0.0694552,0.0595143,0.0535651,0.0500099,0.045934
1772.25,0.0884501,0.0790322,0.0763342,0.0655221,0.0567739,0.051401,0.0480478,0.0445458
1773.21,0.0829663,0.0746416,0.0724348,0.0627412,0.0548816,0.0500205,0.0468398,0.043713
1774.18,0.0798085,0.072193,0.0702482,0.0612738,0.0538572,0.0493336,0.0463261,0.0433022
1775.14,0.0768658,0.0699269,0.0681468,0.0598836,0.0528246,0.0486374,0.0458027,0.0428069
1776.1,0.0736091,0.0674249,0.0658373,0.0583077,0.0516758,0.0478395,0.0451562,0.0422166
1777.07,0.0706743,0.0651664,0.0637783,0.05685,0.0506806,0.0471097,0.044552,0.0417218
1778.03,0.0682088,0.0632179,0.0619848,0.0555437,0.0498264,0.0464509,0.0439978,0.0413108
1779.0,0.0658568,0.0613133,0.060197,0.0542158,0.0489365,0.0457734,0.0434105,0.0408709
1779.96,0.063323,0.0592942,0.0582969,0.0527902,0.047959,0.0450066,0.0427667,0.0403779
1780.93,0.0607528,0.0572913,0.0564592,0.0514289,0.0470519,0.0442077,0.0421494,0.0399354
1781.89,0.0586981,0.0556709,0.055037,0.0504016,0.0463832,0.0435989,0.0416796,0.0396392
1782.85,0.0571568,0.0544034,0.0539512,0.0496224,0.0458231,0.0431871,0.0412972,0.0393973
1783.82,0.0556822,0.0531596,0.0528496,0.0488201,0.0451775,0.0427843,0.040871,0.0390763
1784.78,0.0540771,0.0518342,0.0516069,0.0479292,0.0444889,0.042315,0.0404183,0.0386833
1785.75,0.0526393,0.0506918,0.0504778,0.0471689,0.0439844,0.0419035,0.0400757,0.0383598
1786.71,0.0515551,0.0498328,0.0496115,0.0466149,0.0436558,0.0415977,0.0398205,0.0381317
1787.68,0.0506263,0.0490646,0.0488713,0.0461123,0.0433306,0.041297,0.0395429,0.037926
1788.64,0.0497236,0.0483077,0.0481685,0.0455904,0.0429683,0.0409514,0.039247,0.0377336
1789.6,0.0488558,0.0475929,0.0474777,0.0450455,0.042583,0.0405736,0.0389598,0.0375401
1790.57,0.0479744,0.0468669,0.0467314,0.0444185,0.0421247,0.0401585,0.0386316,0.0372643
1791.53,0.0469181,0.0459873,0.0458704,0.0436707,0.041539,0.0396885,0.0382097,0.0368728
1792.5,0.0457518,0.0450581,0.0450791,0.0430247,0.0409867,0.0392868,0.0378136,0.0365454
1793.46,0.0449291,0.0444451,0.044602,0.0427006,0.0406939,0.0391017,0.0375921,0.0363995
1794.43,0.0444478,0.0440585,0.0442639,0.0424785,0.0405127,0.0389729,0.0374313,0.0362659
1795.39,0.0440002,0.0436539,0.0438951,0.0421842,0.040303,0.0387675,0.0372573,0.0360865
1796.35,0.0435114,0.0432601,0.0435678,0.0418982,0.0401514,0.0385777,0.0371413,0.0359735
1797.32,0.0430996,0.0429925,0.0433298,0.0416881,0.0400886,0.0384776,0.037077,0.0359528
1798.28,0.0427519,0.0427722,0.0430659,0.0414546,0.0399648,0.0383442,0.0369604,0.035898
1799.25,0.0423535,0.0424793,0.0427348,0.0411827,0.03973,0.0381075,0.0368044,0.0357564
1800.21,0.0418934,0.0421279,0.0424228,0.0409844,0.0395101,0.0378776,0.0366971,0.0355943
1801.17,0.0414186,0.0417989,0.0421407,0.0408265,0.0393667,0.0377301,0.0366034,0.0354522
1802.14,0.0409526,0.0415295,0.0418648,0.0406394,0.0392729,0.0376563,0.0364828,0.0353423
1803.1,0.0405752,0.0413179,0.0416555,0.040502,0.0392376,0.03766,0.0363788,0.0352857
1804.07,0.0403102,0.0411387,0.041519,0.0404483,0.0392371,0.0376885,0.0362887,0.0352486
1805.03,0.0400928,0.0409885,0.0414075,0.04043,0.0392314,0.0376791,0.0362026,0.0352
1806.0,0.0398644,0.0408419,0.041277,0.040384,0.0391865,0.0375965,0.0361276,0.0351202
1806.96,0.039602,0.0406492,0.0410982,0.0402503,0.0390652,0.0374409,0.0360337,0.0349732
1807.92,0.0393422,0.0404445,0.0409042,0.0400742,0.0388893,0.0372845,0.0359245,0.0347949
1808.89,0.0390974,0.0402638,0.040709,0.0399548,0.0386964,0.0371485,0.0358312,0.0346516
1809.85,0.0387827,0.0400399,0.0404645,0.0398717,0.0384735,0.0369575,0.035736,0.0345394
1810.82,0.0384107,0.0398049,0.0402564,0.039787,0.0383081,0.0367814,0.0356757,0.0345011
1811.78,0.0381475,0.0397099,0.0402403,0.0397607,0.0383397,0.0368075,0.0357055,0.0345802
1812.75,0.037993,0.0396978,0.0403261,0.0397943,0.0384757,0.0369773,0.0357352,0.0346594
1813.71,0.0378316,0.0396282,0.040356,0.0398301,0.0385469,0.0371008,0.0356994,0.0346551
1814.67,0.0376369,0.0395029,0.0403055,0.0398602,0.0385225,0.0371137,0.0356392,0.0346028
1815.64,0.0374209,0.0393687,0.0402271,0.0398894,0.0384741,0.0370814,0.0355806,0.0345397
1816.6,0.0371731,0.0392322,0.0401604,0.0398979,0.0384655,0.037067,0.035524,0.0344908
1817.57,0.0368922,0.0391082,0.0400729,0.0398605,0.0384903,0.0370466,0.0355027,0.0344753
1818.53,0.0366055,0.0390075,0.0399296,0.0397654,0.0384968,0.0369942,0.0355276,0.0344543
1819.5,0.0363246,0.03889,0.0397983,0.0396469,0.0384638,0.0369471,0.0355499,0.0344009
1820.46,0.036043,0.0387398,0.0397406,0.0395718,0.0384275,0.0369223,0.0355479,0.034357
1821.42,0.0358012,0.0386156,0.0396959,0.039566,0.038428,0.0369139,0.03555,0.0343537
1822.39,0.0356675,0.0385673,0.0395929,0.0395938,0.0384607,0.0369439,0.0355746,0.0343767
1823.35,0.0356038,0.0385499,0.0394447,0.0395837,0.0384824,0.036989,0.035592,0.0343687
1824.32,0.0354147,0.0384331,0.0392624,0.0394437,0.0384307,0.036949,0.0355327,0.034243
1825.28,0.0350086,0.0381807,0.0390877,0.0392194,0.038322,0.0368286,0.0354215,0.0340592
1826.24,0.0346878,0.0380266,0.0390376,0.0391523,0.0382841,0.0367958,0.035428,0.0340456
1827.21,0.0346049,0.0380596,0.0390789,0.0392272,0.0382741,0.0368449,0.035523,0.0341637
1828.17,0.0345252,0.0380726,0.0390567,0.0392181,0.0381384,0.0368262,0.035529,0.0341976
1829.14,0.0341189,0.0377918,0.0388014,0.0390193,0.0378948,0.0366552,0.0353566,0.0340032
1830.1,0.0333859,0.0372265,0.0383514,0.0388467,0.0378512,0.0364754,0.0351279,0.0337256
1831.07,0.0328511,0.0368438,0.0380617,0.0388984,0.0380646,0.0364823,0.0350453,0.0336836
1832.03,0.0325853,0.0367538,0.0379825,0.0390025,0.0382558,0.0365814,0.0350848,0.0338167
1832.99,0.0324018,0.0367971,0.0379815,0.0390549,0.0383383,0.0366845,0.0351757,0.0339894
1833.96,0.0322729,0.0368581,0.0379727,0.0390822,0.0383631,0.0367928,0.0352858,0.0341536
1834.92,0.0321816,0.0368667,0.0379075,0.0391118,0.0383735,0.0368816,0.0353874,0.0342593
1835.89,0.0320195,0.0367774,0.0377925,0.0391263,0.0383383,0.0368767,0.0354307,0.0342682
1836.85,0.031729,0.036596,0.0376806,0.0391233,0.0382526,0.0367735,0.0353805,0.0342018
1837.82,0.0314027,0.0364216,0.0376387,0.039148,0.0382118,0.0366967,0.0353042,0.0341087
1838.78,0.0311415,0.0363212,0.0376589,0.0391858,0.0382527,0.0367239,0.0352893,0.0340196
1839.74,0.0309332,0.0362482,0.0376712,0.0391677,0.0383334,0.0368033,0.0353309,0.033972
1840.71,0.0307535,0.036158,0.0376727,0.0391188,0.0384443,0.0368695,0.0353997,0.0340082
1841.67,0.0306408,0.0360797,0.0377036,0.0391191,0.0385406,0.0368743,0.035469,0.0341277
1842.64,0.0305752,0.0360307,0.0377134,0.0391166,0.0384922,0.036776,0.0354476,0.0342393
1843.6,0.0302814,0.0358409,0.0375148,0.0388878,0.0381605,0.0365768,0.0351975,0.0341429
1844.57,0.0296103,0.0353883,0.0370754,0.0384463,0.0377454,0.0364458,0.0348671,0.0338277
1845.53,0.029126,0.035045,0.0367601,0.0382387,0.0376913,0.0364942,0.0348245,0.0336738
1846.49,0.0289702,0.0349053,0.0366373,0.0382649,0.0378727,0.03653,0.034951,0.0336976
1847.46,0.028824,0.0347656,0.0365815,0.038308,0.0380353,0.0364508,0.035033,0.0337197
1848.42,0.0285581,0.034585,0.0365408,0.03832,0.0381029,0.0363791,0.0350408,0.0337294
1849.39,0.0282632,0.0344134,0.0364325,0.0383214,0.0380648,0.0364061,0.0350078,0.0337644
1850.35,0.0280027,0.0342545,0.0362403,0.0383274,0.0379564,0.036471,0.034971,0.0338148
1851.31,0.0278045,0.0341832,0.0361146,0.0383959,0.0379159,0.0365792,0.035007,0.0339073
1852.28,0.0276568,0.0342517,0.036154,0.0385232,0.0380349,0.036748,0.0351248,0.0340399
1853.24,0.0274777,0.0343317,0.0362613,0.0385986,0.038224,0.0368659,0.0352439,0.0341246
1854.21,0.0272539,0.0342935,0.0362992,0.0385677,0.0383387,0.0368655,0.0353281,0.0340998
1855.17,0.0270596,0.0341682,0.0362125,0.0384936,0.0383334,0.0368275,0.03538,0.0339835
1856.14,0.0269049,0.0340228,0.0360131,0.0384344,0.0382478,0.0367768,0.0353644,0.0338107
1857.1,0.0267491,0.0338564,0.0357782,0.0383853,0.0381425,0.0366477,0.0352636,0.0336223
1858.06,0.0265975,0.0336868,0.0356283,0.0383547,0.0380921,0.0365031,0.0351518,0.033491
1859.03,0.0264498,0.033567,0.0355792,0.0383951,0.0381183,0.0364813,0.035103,0.0334702
1859.99,0.0262629,0.0334725,0.0355091,0.0385166,0.0381476,0.0365409,0.0350996,0.033556
1860.96,0.0260271,0.0333603,0.0354005,0.0386473,0.0381582,0.036549,0.035118,0.0337158
1861.92,0.0258024,0.0332857,0.0353873,0.0387111,0.0382196,0.0365253,0.035172,0.0338691
1862.89,0.025669,0.0332965,0.0354987,0.0386955,0.0383161,0.0365535,0.0352389,0.0339312
1863.85,0.0256478,0.0333525,0.035623,0.0386321,0.0383508,0.036593,0.0352798,0.0339307
1864.81,0.0256803,0.0334038,0.0356866,0.0385457,0.0383091,0.0365912,0.0352922,0.0339408
1865.78,0.0256987,0.0334364,0.0356923,0.0384628,0.0382497,0.0366287,0.0352829,0.0339464
1866.74,0.0256822,0.0334557,0.0356671,0.0384469,0.0381945,0.036752,0.0352623,0.0338804
1867.71,0.0255842,0.0333917,0.0355793,0.0384894,0.0380785,0.0367729,0.0352534,0.0337028
1868.67,0.0252922,0.0331341,0.0353615,0.038414,0.0378809,0.0365595,0.0352335,0.0334618
1869.63,0.0248985,0.0328943,0.0351608,0.0382219,0.0378177,0.0364567,0.0351505,0.0333555
1870.6,0.0246436,0.0329235,0.0351202,0.0381674,0.0379821,0.0366847,0.035055,0.0334727
1871.56,0.024571,0.0330769,0.0351366,0.0382847,0.038209,0.0369876,0.0350314,0.0336678
1872.53,0.0246215,0.0331722,0.0351457,0.038457,0.0384086,0.0371446,0.0351216,0.0337988
1873.49,0.0246833,0.0331984,0.0351851,0.0386016,0.0385811,0.0371366,0.0353091,0.033837
1874.46,0.0246193,0.03318,0.0352432,0.0386783,0.0386931,0.0370512,0.0354822,0.0338523
1875.42,0.0244369,0.0330699,0.0352673,0.038684,0.0386863,0.0369678,0.0355094,0.0339131
1876.38,0.0242751,0.0328927,0.0352908,0.0386693,0.0386035,0.0369328,0.0354114,0.0340127
1877.35,0.024214,0.0328017,0.0353981,0.0387171,0.0386075,0.0369878,0.0353812,0.034123
1878.31,0.0242355,0.0328736,0.0356006,0.0388426,0.0387552,0.037128,0.0355381,0.0342261
1879.28,0.0242689,0.0330188,0.0358075,0.0389793,0.0389153,0.0372722,0.0357398,0.0342845
1880.24,0.0242283,0.0331433,0.035912,0.0391217,0.0390414,0.0373626,0.0358003,0.0342966
1881.21,0.0240979,0.0332433,0.0359162,0.0393136,0.0392209,0.0374099,0.0357771,0.0343138
1882.17,0.0239311,0.0333128,0.035901,0.0395024,0.0393781,0.0374181,0.0358105,0.0343378
1883.13,0.0237627,0.0332936,0.0358607,0.0395524,0.0393252,0.0373858,0.0358611,0.0343162
1884.1,0.0236362,0.0332158,0.0357494,0.0394094,0.0391284,0.0373474,0.0358523,0.0342684
1885.06,0.0236393,0.0332429,0.0356774,0.0392549,0.0390563,0.0373495,0.0358571,0.034296
1886.03,0.0237702,0.0334234,0.0357832,0.0393367,0.0391803,0.0374272,0.0359189,0.03442
1886.99,0.02389,0.0336251,0.0359731,0.0396059,0.0393298,0.0375686,0.0359394,0.0345355
1887.96,0.0238964,0.0337404,0.0360718,0.0398156,0.0393675,0.0376857,0.03588,0.0345709
1888.92,0.023821,0.0337466,0.0360851,0.0398785,0.0393741,0.0377203,0.0358519,0.0345976
1889.88,0.023719,0.0336605,0.0361202,0.0398564,0.0395184,0.0377379,0.0359355,0.0346945
1890.85,0.023577,0.0335122,0.0361703,0.0397629,0.0397005,0.0378166,0.0360393,0.0347551
1891.81,0.0234219,0.0333377,0.0362309,0.0396596,0.0397717,0.0379331,0.0360762,0.0346726
1892.78,0.0233379,0.033237,0.0363529,0.0396732,0.0398017,0.0380397,0.0360505,0.0344909
1893.74,0.0233444,0.0333134,0.0364751,0.0398163,0.0398862,0.0381223,0.0360154,0.0343388
1894.7,0.0233653,0.0335077,0.0364929,0.0400022,0.0400108,0.038194,0.0360388,0.0343184
1895.67,0.023354,0.033631,0.0364818,0.0401826,0.0400657,0.0382191,0.0361145,0.0343845
1896.63,0.0233537,0.0336076,0.0365538,0.0403594,0.0400022,0.0381793,0.036202,0.0344684
1897.6,0.0233793,0.0335362,0.0366395,0.0405525,0.0399653,0.0381937,0.0363564,0.034643
1898.56,0.0233637,0.0334871,0.0366463,0.0407195,0.040079,0.0383147,0.0365973,0.0349129
1899.53,0.0232579,0.0334156,0.0365767,0.0407275,0.0402273,0.038378,0.0367659,0.035079
1900.49,0.0231004,0.0333254,0.0364698,0.0405454,0.0402441,0.0382648,0.0367253,0.0349961
1901.45,0.0229438,0.0333469,0.0363894,0.0403695,0.0401645,0.0381012,0.0365697,0.034769
1902.42,0.0228057,0.0335202,0.0364118,0.0404177,0.0401101,0.038058,0.0364594,0.0345699
1903.38,0.0227174,0.0337082,0.0365312,0.0406844,0.0401503,0.0381845,0.0364552,0.0344801
1904.35,0.0227378,0.0338339,0.0366916,0.040986,0.0403442,0.0384539,0.0366089,0.0345547
1905.31,0.0228649,0.0339685,0.0369068,0.0411718,0.0406731,0.0387508,0.036929,0.0347875
1906.28,0.0230062,0.0341474,0.0372379,0.0412595,0.041025,0.038933,0.037271,0.0350877
1907.24,0.0231339,0.0343448,0.0376929,0.0413786,0.0413613,0.0390423,0.0375025,0.0353874
1908.2,0.0233183,0.0345654,0.0381738,0.0415891,0.0416589,0.0392146,0.0376508,0.0356067
1909.17,0.0234722,0.0347245,0.0384431,0.0417927,0.0417391,0.0393669,0.0377014,0.0356519
1910.13,0.0233779,0.0346186,0.0382759,0.0418705,0.0414979,0.0393082,0.0375198,0.0355735
1911.1,0.0231122,0.0343152,0.0378717,0.0418995,0.0412081,0.039139,0.0372347,0.0355336
1912.06,0.0229493,0.0341955,0.0376865,0.0420595,0.0411898,0.0391747,0.0371609,0.0356211
1913.03,0.0229704,0.0344248,0.037781,0.0423328,0.0414172,0.0395068,0.0373057,0.0358227
1913.99,0.0231018,0.0347698,0.0378473,0.042494,0.0416583,0.0398589,0.0374625,0.0360373
1914.95,0.0232601,0.0349603,0.037773,0.042442,0.0417865,0.0399736,0.0375543,0.0361452
1915.92,0.0233543,0.0349916,0.0377392,0.0423385,0.0417992,0.0399115,0.0375647,0.0361347
1916.88,0.0232362,0.0349456,0.0377961,0.0423157,0.0416399,0.0397709,0.0373988,0.0360304
1917.85,0.0228216,0.0348334,0.0378195,0.0423574,0.0413702,0.0395865,0.0371097,0.0358451
1918.81,0.0223946,0.0347876,0.037886,0.0424626,0.0413354,0.0395181,0.0370319,0.0357353
1919.77,0.022222,0.0349091,0.038097,0.0425956,0.0415602,0.0396153,0.0372651,0.0357766
1920.74,0.0222599,0.0350553,0.0383266,0.0427409,0.0418206,0.0398104,0.037631,0.0358441
1921.7,0.022468,0.0350807,0.0384794,0.0430276,0.0421238,0.0401024,0.0380024,0.0359131
1922.67,0.0226729,0.0349125,0.0384604,0.0433879,0.0423817,0.0403062,0.0381987,0.0360303
1923.63,0.0226233,0.0346187,0.038175,0.0434488,0.0423057,0.0401486,0.0380454,0.0361041
1924.6,0.0224862,0.0344706,0.0378259,0.0432372,0.0420747,0.0398339,0.0377246,0.0360541
1925.56,0.0224282,0.0345461,0.0376657,0.0430207,0.0420357,0.0396886,0.0375433,0.0359443
1926.52,0.0223046,0.0346353,0.0377869,0.0428334,0.0421647,0.0397984,0.0376263,0.0358717
1927.49,0.0221174,0.0346712,0.0381898,0.0427554,0.0423339,0.0401352,0.0379023,0.0358984
1928.45,0.0220638,0.0348459,0.0386644,0.0429274,0.042514,0.0404647,0.0381595,0.0360019
1929.42,0.022152,0.0351877,0.0389422,0.0432105,0.0426936,0.0405002,0.0382815,0.0361227
1930.38,0.0222866,0.0354645,0.0390791,0.0433917,0.0429475,0.0403704,0.0384612,0.0362584
1931.35,0.0223758,0.0355191,0.0392235,0.0435036,0.0432997,0.0403389,0.0388284,0.0363715
1932.31,0.0222397,0.0354299,0.0392209,0.0436329,0.0434817,0.0403116,0.0390251,0.0363399
1933.27,0.0219778,0.0354399,0.0389851,0.0437864,0.0433427,0.0402024,0.038758,0.036253
1934.24,0.022024,0.0357278,0.0388768,0.0440105,0.0432429,0.0402406,0.0384454,0.0364253
1935.2,0.0224169,0.036211,0.0392039,0.0443324,0.043538,0.0405914,0.0386017,0.0368859
1936.17,0.0227494,0.0366519,0.0397496,0.0446578,0.0440627,0.0410944,0.0390554,0.0373264
1937.13,0.0228101,0.0368347,0.0401342,0.0448645,0.0444116,0.0414189,0.0393514,0.0375613
1938.09,0.0226942,0.0367177,0.0403133,0.0448593,0.0444545,0.0413844,0.0394187,0.0376555
1939.06,0.0225972,0.0365455,0.0404748,0.0446482,0.0444,0.041196,0.0394792,0.0377273
1940.02,0.0226709,0.0365604,0.040633,0.0444823,0.0443908,0.0411731,0.0396576,0.0377648
1940.99,0.0227894,0.0366155,0.0405141,0.0445436,0.0442441,0.0412844,0.0398245,0.0376008
1941.95,0.0226178,0.0364175,0.0398895,0.0445696,0.0437827,0.0412806,0.039698,0.037139
1942.92,0.0221595,0.0361116,0.0391733,0.0443598,0.0433729,0.0411937,0.0392625,0.0366638
1943.88,0.0218354,0.0360214,0.0390542,0.044238,0.0434802,0.0412512,0.0389504,0.0365863
1944.84,0.0217364,0.0359863,0.039449,0.0443316,0.0438801,0.0413669,0.0389963,0.0368834
1945.81,0.021713,0.0358833,0.0399139,0.0444857,0.0442028,0.0414032,0.0393036,0.0372997
1946.77,0.0217912,0.0359775,0.0401935,0.044693,0.0444115,0.0414803,0.0396695,0.0376133
1947.74,0.0220033,0.0362793,0.0402376,0.0449882,0.0445677,0.0417042,0.0398766,0.0377201
1948.7,0.0221722,0.0363229,0.040122,0.0452171,0.0446017,0.0419351,0.0398004,0.0376068
1949.67,0.0221085,0.0359716,0.0400613,0.045286,0.0445482,0.0419748,0.039514,0.0373028
1950.63,0.021753,0.035687,0.04019,0.0454033,0.0445515,0.041756,0.0392841,0.0369249
1951.59,0.0211539,0.0357751,0.0403059,0.0456889,0.0446275,0.0413963,0.0393649,0.0367266
1952.56,0.0206837,0.0361649,0.0402257,0.0460049,0.0448003,0.0412409,0.0398425,0.0369956
1953.52,0.0209221,0.0368205,0.0401308,0.0462466,0.0450513,0.0416636,0.0404854,0.037679
1954.49,0.0217455,0.037489,0.0401851,0.0462487,0.0451251,0.0425201,0.0407649,0.038277
1955.45,0.0222461,0.0376597,0.0402928,0.0459427,0.0449562,0.0431667,0.0405478,0.0384479
1956.42,0.0220908,0.037316,0.0404296,0.0457135,0.0448195,0.0433615,0.0404233,0.038402
1957.38,0.0219158,0.0369093,0.0406834,0.0458744,0.0449095,0.0435337,0.0408518,0.0385169
1958.34,0.022191,0.0367228,0.0409342,0.0462092,0.0451866,0.0439497,0.0415498,0.0388709
1959.31,0.0227032,0.0367984,0.0409244,0.0463814,0.0454357,0.0442637,0.0419214,0.0391567
1960.27,0.0230724,0.0370238,0.0405886,0.0464019,0.0455773,0.0440138,0.0417581,0.0390774
1961.24,0.0231846,0.0371627,0.040164,0.0465698,0.0457696,0.0433242,0.0413292,0.0387977
1962.2,0.0231051,0.0371421,0.0400823,0.0469963,0.0459413,0.0428987,0.0408952,0.0386992
1963.16,0.0228473,0.0371518,0.0405328,0.0474818,0.0458805,0.043145,0.0405077,0.0388862
1964.13,0.0225891,0.0372719,0.0412445,0.0478499,0.0457571,0.0437188,0.0402803,0.0392645
1965.09,0.022687,0.0372848,0.041816,0.0477642,0.0458307,0.0440807,0.040333,0.0397008
1966.06,0.0230206,0.0370703,0.0419031,0.0468887,0.045955,0.0441388,0.040598,0.0399487
1967.02,0.0229251,0.0369061,0.0414805,0.0458591,0.04592,0.0441928,0.0409076,0.0397827
1967.99,0.0222756,0.0370902,0.0412458,0.0456847,0.0459552,0.0444463,0.0411666,0.0393538
1968.95,0.0218389,0.0375978,0.0417688,0.0462284,0.0462954,0.044905,0.0415657,0.0392179
1969.91,0.0219974,0.0382057,0.0426396,0.0469005,0.0466944,0.0453584,0.0422341,0.0397278
1970.88,0.0221803,0.0384927,0.0429953,0.0473442,0.0467677,0.0452014,0.0427174,0.0404565
1971.84,0.0218504,0.0382386,0.0423368,0.0473096,0.0464936,0.0441797,0.0427028,0.0406121
1972.81,0.0214312,0.0380463,0.0412781,0.0471939,0.046292,0.0432389,0.0428062,0.0401789
1973.77,0.0213884,0.0385087,0.0409657,0.0475801,0.0463063,0.0434662,0.0433016,0.0397686
1974.74,0.0212938,0.0391253,0.0413571,0.0479362,0.0459952,0.0445075,0.043291,0.0395009
1975.7,0.020803,0.0391412,0.0414005,0.0474025,0.0451527,0.0450943,0.0423669,0.0391115
1976.66,0.0201699,0.0384678,0.0407339,0.046302,0.0444969,0.0447488,0.041316,0.0386959
1977.63,0.0195224,0.0374284,0.0400554,0.0456865,0.0446369,0.0440496,0.0408392,0.0385928
1978.59,0.0190159,0.0365809,0.0400836,0.0460066,0.0453228,0.0436038,0.0410703,0.0389668
1979.56,0.0190438,0.036263,0.0405932,0.0466462,0.0459563,0.0435521,0.0415915,0.0396621
1980.52,0.0196163,0.0361961,0.0407417,0.0468166,0.0461851,0.0436956,0.0416552,0.0402564
1981.49,0.0203427,0.0360933,0.0401869,0.0465203,0.0460014,0.0437523,0.041247,0.0404848
1982.45,0.020845,0.0360346,0.0394869,0.0461561,0.0457487,0.0437755,0.0410448,0.0405601
1983.41,0.0209144,0.036095,0.0393179,0.0458018,0.0458011,0.0440784,0.0412988,0.0407407
1984.38,0.0206892,0.036129,0.0396155,0.0454495,0.0460632,0.0445953,0.0417226,0.0408076
1985.34,0.0205927,0.0360438,0.0399745,0.0453827,0.0462312,0.0449686,0.0420287,0.0405527
1986.31,0.0207791,0.036089,0.0403867,0.0458984,0.0462803,0.045213,0.0420534,0.0403416
1987.27,0.0209564,0.0365082,0.0408613,0.0468083,0.0462054,0.0454187,0.0417035,0.0404546
1988.23,0.0209466,0.0370596,0.0411152,0.0474794,0.0459915,0.0453048,0.0411706,0.040666
1989.2,0.0210566,0.0374871,0.0411927,0.0477367,0.0460338,0.0449023,0.0410679,0.0409241
1990.16,0.0216156,0.03795,0.0414061,0.0480984,0.0466067,0.0447006,0.0417038,0.0413412
1991.13,0.0223898,0.0383125,0.0416436,0.0485468,0.0472416,0.0447958,0.0425381,0.0415225
1992.09,0.0228037,0.0380865,0.0415849,0.0483737,0.047324,0.0448906,0.0428068,0.0410465
1993.06,0.0228036,0.0376633,0.0413977,0.0477771,0.0469623,0.0449873,0.0425715,0.0404268
1994.02,0.0227016,0.0377777,0.0415104,0.0476345,0.0466537,0.0453642,0.042511,0.0402864
1994.98,0.0224966,0.0380758,0.0419475,0.047886,0.0466145,0.0459202,0.0427957,0.040423
1995.95,0.0222499,0.0379621,0.0423963,0.0480037,0.0468737,0.0461419,0.043051,0.0405428
1996.91,0.0220716,0.0376442,0.04252,0.0479105,0.0472607,0.0457567,0.043124,0.0408472
1997.88,0.0217285,0.0375433,0.0422062,0.0477353,0.0473527,0.0451679,0.043312,0.0414218
1998.84,0.0211188,0.0375861,0.0417732,0.0474113,0.0469663,0.0450288,0.0437328,0.0417159
1999.81,0.020702,0.0376044,0.0417018,0.0471071,0.0466416,0.0454612,0.0441715,0.0414111
2000.77,0.0210049,0.0377856,0.0420431,0.0474294,0.0470686,0.0460622,0.0445567,0.0411455
2001.73,0.0219875,0.0383014,0.0424372,0.0484105,0.048034,0.0466468,0.0449567,0.0415637
2002.7,0.0229496,0.038919,0.0425863,0.049061,0.0485708,0.0471343,0.0451726,0.0423306
2003.66,0.0231971,0.0393288,0.0425437,0.048869,0.0483219,0.047138,0.0449266,0.042788
2004.63,0.0228179,0.0394965,0.0425895,0.0486942,0.0480246,0.0467277,0.0445316,0.0429297
2005.59,0.0224163,0.0395613,0.0428751,0.0493272,0.0483222,0.0466809,0.044733,0.0431755
2006.56,0.0222981,0.0395887,0.0432838,0.0502285,0.0488859,0.0471233,0.0456051,0.0436175
2007.52,0.0222453,0.0393918,0.0435019,0.0503436,0.0490473,0.0471107,0.0462058,0.043735
2008.48,0.0219263,0.0388314,0.0432572,0.0494635,0.0486536,0.0462446,0.0458008,0.0430647
2009.45,0.0214971,0.0382335,0.0426307,0.0483024,0.0480298,0.0454215,0.0448465,0.0421178
2010.41,0.0215147,0.0380381,0.0421277,0.0476741,0.047622,0.0455429,0.044293,0.0418747
2011.38,0.0220914,0.0383781,0.0422997,0.0478313,0.0478533,0.0466244,0.0445787,0.0426206
2012.34,0.0226205,0.0390049,0.0429548,0.048463,0.0487532,0.048094,0.0454981,0.0437526
2013.3,0.0225165,0.0393985,0.0433391,0.0492186,0.0496431,0.0491701,0.0464709,0.0443577
2014.27,0.0218892,0.0393693,0.043309,0.0498684,0.0498273,0.0492199,0.0469407,0.0440104
2015.23,0.0213427,0.039179,0.0432648,0.0501042,0.0494003,0.0482143,0.0467409,0.0432082
2016.2,0.0211912,0.0388543,0.0432784,0.0496816,0.0488089,0.0468886,0.0459422,0.0428144
2017.16,0.0212253,0.0383432,0.0432834,0.0488326,0.0483738,0.0465169,0.0449201,0.0431321
2018.13,0.0211937,0.0379469,0.0432916,0.0482139,0.0482302,0.0475301,0.0444871,0.0436036
2019.09,0.0209943,0.0377674,0.0429475,0.0481832,0.0480437,0.0486048,0.0448024,0.0435615
2020.05,0.020794,0.0376409,0.0421145,0.0485537,0.0476474,0.0486296,0.0451252,0.0430989
2021.02,0.020993,0.0376444,0.0416626,0.0490364,0.0476504,0.0482861,0.0453852,0.0429737
2021.98,0.0213542,0.0378577,0.0422594,0.0493798,0.0482656,0.0483912,0.04616,0.0434542
2022.95,0.0211507,0.0379025,0.0429637,0.049199,0.0486759,0.048373,0.0470229,0.0437138
2023.91,0.0207637,0.0376212,0.0426317,0.0485343,0.048468,0.0479021,0.047174,0.0434024
2024.88,0.0211946,0.0376698,0.0417783,0.0481735,0.0482383,0.0479612,0.0469625,0.0434805
2025.84,0.0220071,0.0382079,0.041411,0.0483312,0.0483336,0.0488041,0.0469694,0.0441938
2026.8,0.0220606,0.0383358,0.0413864,0.0481458,0.0482952,0.0491674,0.046982,0.0443205
2027.77,0.0215114,0.0377568,0.0410647,0.0472944,0.0478418,0.0484534,0.0467719,0.0433341
2028.73,0.0210802,0.0371207,0.0404314,0.0465454,0.0474395,0.047366,0.046457,0.0423761
2029.7,0.0207677,0.0368309,0.0400889,0.0465675,0.0475214,0.0463669,0.0459691,0.0425423
2030.66,0.0205974,0.0370141,0.0405937,0.0473617,0.0479619,0.0458062,0.0454116,0.0435999
2031.62,0.0208658,0.0376149,0.0417227,0.0483959,0.0484108,0.0463859,0.0453454,0.0445861
2032.59,0.0211847,0.0379735,0.042493,0.0488776,0.048413,0.0476416,0.0457747,0.0446695
2033.55,0.0208201,0.0375709,0.0422363,0.0484252,0.0476381,0.0479747,0.0458484,0.0436178
2034.52,0.0199442,0.0369469,0.0414187,0.0474308,0.0465332,0.0471252,0.0451483,0.0420995
2035.48,0.0194306,0.0367512,0.0409564,0.0465289,0.0459956,0.0463875,0.0443022,0.041114
2036.45,0.0196107,0.0368064,0.0411165,0.0461259,0.0463196,0.0464145,0.0440882,0.0411841
2037.41,0.0201733,0.0369509,0.0416649,0.0465539,0.0472416,0.0467902,0.0447888,0.042273
2038.37,0.0207304,0.0372368,0.0422747,0.0477597,0.0483701,0.0470976,0.0460107,0.0437665
2039.34,0.0209362,0.0373725,0.0425438,0.0488353,0.0490635,0.0473373,0.0466903,0.0448716
2040.3,0.0207425,0.0373334,0.0423268,0.0489168,0.0489332,0.0476884,0.0461983,0.0453665
2041.27,0.020475,0.0374453,0.041822,0.0482283,0.0485189,0.0480535,0.0452831,0.0454105
2042.23,0.020277,0.0374696,0.0412989,0.0474544,0.0485033,0.0480662,0.0449204,0.0449779
2043.2,0.020025,0.0371099,0.0410717,0.0468764,0.0487762,0.047772,0.0450212,0.0441308
2044.16,0.0197035,0.0367425,0.0411181,0.0466014,0.0488721,0.0475304,0.0451033,0.0433437
2045.12,0.0193717,0.0365298,0.0408117,0.0466749,0.0485733,0.0473022,0.0449452,0.0429368
2046.09,0.0191252,0.0361617,0.0399702,0.0469514,0.0480388,0.0469359,0.04455,0.0426557
2047.05,0.0190794,0.0358366,0.0394214,0.0472214,0.0475583,0.0467128,0.0442919,0.0422787
2048.02,0.0191704,0.0360023,0.0396532,0.0472682,0.0472475,0.0468066,0.0444477,0.0420104
2048.98,0.0192278,0.0363718,0.0400843,0.0470358,0.047131,0.0469232,0.0446835,0.042006
2049.95,0.0192025,0.0363903,0.0402194,0.0468634,0.0472659,0.0470154,0.0448433,0.0422614
2050.91,0.0192261,0.0361595,0.0402687,0.0471272,0.0476354,0.0473708,0.0452482,0.0428153
2051.87,0.0194404,0.0361118,0.0403986,0.0477203,0.048,0.0478385,0.0458083,0.043459
2052.84,0.0197417,0.0362697,0.0404574,0.0481953,0.048026,0.0479403,0.0460624,0.0437572
2053.8,0.0198905,0.0362885,0.0403354,0.0481948,0.0476927,0.0475273,0.0458444,0.0435422
2054.77,0.0197986,0.0360332,0.0400582,0.0477151,0.0473447,0.0469084,0.0453353,0.0431025
2055.73,0.0195664,0.035765,0.0398271,0.0471204,0.0472425,0.04653,0.0448641,0.0428312
2056.69,0.019386,0.0356798,0.0399457,0.0468115,0.0473304,0.0465335,0.0446847,0.0427884
2057.66,0.0194431,0.0357514,0.0403783,0.0468702,0.0474502,0.0467017,0.0447063,0.0428477
2058.62,0.0197264,0.0359048,0.0406416,0.0470556,0.0475452,0.0468456,0.0446978,0.0430012
2059.59,0.0199887,0.0359485,0.0404152,0.0471194,0.0476466,0.046936,0.0446861,0.0432141
2060.55,0.0199573,0.0357804,0.0399981,0.0470291,0.047797,0.0470154,0.0448031,0.0433658
2061.52,0.0196826,0.0356866,0.0399318,0.0469063,0.0480289,0.0472643,0.0450548,0.0434838
2062.48,0.0195089,0.0358217,0.0403048,0.046873,0.0482738,0.0477928,0.0454293,0.0437531
2063.44,0.0195886,0.0359975,0.040781,0.0469924,0.0484114,0.048468,0.0459561,0.0443162
2064.41,0.0197692,0.0361749,0.0411327,0.0472186,0.0484699,0.0490877,0.0465414,0.0450029
2065.37,0.0198008,0.036242,0.0411914,0.047275,0.0484174,0.0492369,0.046778,0.0451662
2066.34,0.0195828,0.0359899,0.0407893,0.0469411,0.0480864,0.0485169,0.0463036,0.0443451
2067.3,0.0193879,0.0357855,0.0402708,0.046506,0.0476308,0.0473679,0.0453839,0.0431419
2068.27,0.0195424,0.0360285,0.040145,0.0463983,0.0473203,0.0466993,0.0446627,0.0426248
2069.23,0.0199632,0.036379,0.0402582,0.0465932,0.0471126,0.0467222,0.0445198,0.0429851
2070.19,0.0202939,0.0364164,0.0402739,0.0468105,0.0469658,0.0469395,0.0448562,0.0435299
2071.16,0.0203033,0.036236,0.0402917,0.0468964,0.0469454,0.0469918,0.0452504,0.0437812
2072.12,0.020042,0.03601,0.040301,0.0467446,0.047047,0.0469009,0.0452997,0.0438393
2073.09,0.0198181,0.0357851,0.0401111,0.0463879,0.0473092,0.0468742,0.0450243,0.043969
2074.05,0.0198948,0.0357264,0.039901,0.0461574,0.0476816,0.0471141,0.0448524,0.0442564
2075.02,0.0201213,0.035951,0.0399568,0.0462457,0.0479213,0.0475791,0.0450581,0.0445008
2075.98,0.0201638,0.0362291,0.0402316,0.0464515,0.0479034,0.0480219,0.0454649,0.0445003
2076.94,0.0200533,0.0362714,0.0405496,0.0466165,0.0477682,0.0482066,0.0458313,0.0444141
2077.91,0.0200655,0.0361128,0.0407748,0.0467373,0.0477166,0.0480474,0.0460983,0.0445062
2078.87,0.0202423,0.0359579,0.0407802,0.0467226,0.0477493,0.0477646,0.0462083,0.0447278
2079.84,0.0204197,0.0358996,0.0406131,0.0465549,0.0477161,0.0476649,0.0461309,0.0448416
2080.8,0.0204665,0.0358781,0.0404413,0.0463633,0.0475687,0.0477082,0.0459668,0.044711
2081.76,0.0203452,0.0357708,0.0402469,0.0461893,0.0473747,0.0476502,0.0457472,0.0443792
2082.73,0.0201597,0.0356419,0.0399966,0.0460761,0.047225,0.0474003,0.0454258,0.0440203
2083.69,0.0200797,0.0357479,0.0398826,0.046123,0.0471728,0.0470848,0.0451654,0.0438017
2084.66,0.0201415,0.0360484,0.0399818,0.0462019,0.0471175,0.0469541,0.0451761,0.0437594
2085.62,0.0202632,0.0361579,0.0400813,0.0461186,0.0469351,0.0470996,0.0452938,0.0437819
2086.59,0.0203807,0.0359142,0.039989,0.0459907,0.0467224,0.0472488,0.0451727,0.0437162
2087.55,0.0204339,0.035536,0.0397393,0.0460055,0.0466425,0.0470753,0.0447794,0.0435309
2088.51,0.0203913,0.0353164,0.0395613,0.0461021,0.0467141,0.0466425,0.0444028,0.0433247
2089.48,0.0203647,0.0353866,0.0396126,0.0461322,0.0469157,0.0463064,0.0443209,0.0431855
2090.44,0.0204724,0.0356182,0.0397423,0.0460861,0.0472021,0.0462243,0.0445586,0.0431622
2091.41,0.0205875,0.0357638,0.0397178,0.0460244,0.0473702,0.0461891,0.0448419,0.0432521
2092.37,0.0205277,0.0357647,0.0395665,0.045919,0.0472009,0.0460296,0.0449202,0.0433539
2093.34,0.0203761,0.0357211,0.0394945,0.0457661,0.0467625,0.0458595,0.0448475,0.043387
2094.3,0.0203344,0.0356517,0.0395689,0.0456675,0.0463702,0.0457739,0.044714,0.0433661
2095.26,0.0205053,0.0355706,0.0396442,0.0456258,0.0462105,0.045659,0.04447,0.0432983
2096.23,0.0208518,0.0355391,0.0395923,0.0455508,0.0461861,0.0454657,0.0441802,0.0432
2097.19,0.0211278,0.0355452,0.0394564,0.0454472,0.0461609,0.0453354,0.0440789,0.0431993
2098.16,0.0210683,0.0356139,0.039325,0.0453523,0.0460888,0.0453211,0.0442497,0.0433634
2099.12,0.0207512,0.0357337,0.0391939,0.045274,0.0459531,0.0453206,0.044421,0.0435272
2100.09,0.0205319,0.0356989,0.0390782,0.0452295,0.04588,0.0453443,0.0443656,0.0435343
2101.05,0.0205764,0.0354541,0.0390677,0.0452146,0.0460727,0.0454927,0.044297,0.0434316
2102.01,0.0206832,0.0352505,0.039185,0.0452231,0.0464199,0.0457079,0.0444403,0.0433148
2102.98,0.0206702,0.0352137,0.0393464,0.0452362,0.0465787,0.0458413,0.0446568,0.0432186
2103.94,0.0205699,0.0351543,0.0393876,0.0451394,0.0464993,0.0458582,0.0447296,0.0431593
2104.91,0.0203838,0.0349313,0.0391884,0.0448297,0.0463551,0.0457885,0.0445708,0.0431164
2105.87,0.0201181,0.0347284,0.0388492,0.0444467,0.0461213,0.0456284,0.0442503,0.0429937
2106.83,0.0199676,0.0347705,0.0385389,0.0443162,0.0457599,0.0454363,0.043999,0.0427349
2107.8,0.0200914,0.0349517,0.038354,0.0445643,0.0454805,0.0453847,0.0439993,0.0425031
2108.76,0.0203687,0.0350566,0.0383945,0.0449759,0.0454615,0.0455726,0.0442137,0.0425505
2109.73,0.0205533,0.0351111,0.0385837,0.0452886,0.0456356,0.045825,0.0444315,0.0428534
2110.69,0.0205578,0.035183,0.0386213,0.0453245,0.0457852,0.0458356,0.0444226,0.0431095
2111.66,0.0205146,0.0351937,0.0384406,0.0449794,0.0457402,0.0455473,0.0441472,0.0431219
2112.62,0.0205724,0.0351128,0.038338,0.044458,0.045554,0.0451988,0.0438051,0.0429653
2113.58,0.0206888,0.0350181,0.0384733,0.0441622,0.0453843,0.044995,0.043633,0.0428068
2114.55,0.0207412,0.034969,0.0386616,0.0441365,0.0453207,0.0449506,0.0436998,0.0427374
2115.51,0.0207322,0.034932,0.0387062,0.0440944,0.0453702,0.0449461,0.0438618,0.0427238
2116.48,0.0206622,0.0347797,0.0385598,0.0439415,0.0453978,0.0448486,0.0439112,0.0426574
2117.44,0.0204663,0.0344762,0.03828,0.0438096,0.0452823,0.0446929,0.0437975,0.0425195
2118.41,0.0202547,0.034238,0.0380571,0.0437623,0.0451588,0.0446264,0.0436745,0.0424212
2119.37,0.0202765,0.0343178,0.0380743,0.0437887,0.0451943,0.0446922,0.0437275,0.0424359
2120.33,0.0205633,0.0346226,0.0382723,0.0438615,0.0452871,0.0448552,0.0439219,0.0425699
2121.3,0.0209252,0.0348236,0.0384571,0.0439573,0.0453082,0.0451006,0.0440571,0.042827
2122.26,0.0212375,0.0348284,0.0385492,0.0440832,0.0453228,0.0453094,0.0440412,0.0430596
2123.23,0.0214466,0.034761,0.0385643,0.0441603,0.0453024,0.0452797,0.0438609,0.0430414
2124.19,0.0214643,0.0346341,0.0385505,0.0440859,0.0451132,0.0450054,0.04353,0.0428042
2125.15,0.0213027,0.0344117,0.0385663,0.0439043,0.0448683,0.0446676,0.043179,0.0425034
2126.12,0.0211462,0.0342121,0.0385688,0.0437242,0.0447722,0.0444387,0.0429297,0.0422029
2127.08,0.021121,0.0342569,0.0385228,0.0436333,0.0447776,0.0443988,0.0428067,0.0420452
2128.05,0.0211583,0.0346632,0.0385373,0.0436334,0.0447243,0.0444045,0.0428064,0.0421384
2129.01,0.0212107,0.0352691,0.0386349,0.043657,0.0445875,0.044236,0.0428948,0.042334
2129.98,0.0213892,0.0357465,0.0387292,0.0438104,0.044512,0.0440528,0.0430623,0.0425022
2130.94,0.0217389,0.0358888,0.0388536,0.0442009,0.0446548,0.0442523,0.0432947,0.0426632
2131.9,0.0221905,0.0357481,0.0390487,0.0446017,0.0449605,0.0448097,0.0433896,0.0427392
2132.87,0.0225618,0.0354956,0.0391201,0.0447066,0.0451372,0.0452145,0.0431055,0.0426252
2133.83,0.0226179,0.0353207,0.0389483,0.0444774,0.0450453,0.0450967,0.0425898,0.0423962
2134.8,0.0224828,0.0353321,0.0387719,0.0440905,0.0449581,0.0445827,0.0422844,0.0420979
2135.76,0.0226512,0.0355399,0.0388319,0.043911,0.0451909,0.0440942,0.0423769,0.0417067
2136.73,0.0231665,0.0358804,0.0390076,0.0442165,0.045657,0.043946,0.0426809,0.0413826
2137.69,0.0234044,0.0360835,0.0390136,0.0447557,0.0459342,0.0440853,0.0429188,0.041304
2138.65,0.0229579,0.0358604,0.0387344,0.0449667,0.0455898,0.0441911,0.0428903,0.041405
2139.62,0.0222498,0.0354204,0.0383407,0.0445916,0.0446348,0.0440689,0.0425964,0.0414956
2140.58,0.0220056,0.0353162,0.0381263,0.0439338,0.0437314,0.0439557,0.0422252,0.0415562
2141.55,0.0223729,0.0356896,0.0382173,0.0435625,0.0435609,0.0441792,0.042078,0.0418323
2142.51,0.0228627,0.0360586,0.0384711,0.0436342,0.0439849,0.0444598,0.0424141,0.0423112
2143.48,0.0230388,0.0360432,0.0386459,0.0436576,0.0442944,0.0442423,0.042979,0.0424945
2144.44,0.0229645,0.0359802,0.0387354,0.0433149,0.0442695,0.043714,0.0431866,0.042195
2145.4,0.0228725,0.036327,0.038944,0.0430808,0.0442822,0.043564,0.0429016,0.0418223
2146.37,0.0229118,0.0369519,0.0392625,0.0434924,0.0444819,0.0439296,0.0424758,0.0417514
2147.33,0.0233002,0.0374375,0.0395271,0.0443746,0.0446324,0.0442559,0.0423273,0.0420195
2148.3,0.0239118,0.037489,0.0396593,0.0450636,0.0444789,0.044028,0.0424753,0.042283
2149.26,0.0242078,0.0371962,0.0395811,0.0450451,0.0440491,0.0434463,0.0425162,0.042127
2150.22,0.0242561,0.0371557,0.0394554,0.0445449,0.0438125,0.0431918,0.0425269,0.0417353
2151.19,0.0246753,0.0376968,0.0397209,0.0443106,0.0442343,0.0435957,0.0431018,0.0415963
2152.15,0.025421,0.0382303,0.0403144,0.0444661,0.04506,0.0443752,0.0440829,0.0417983
2153.12,0.0258396,0.0380283,0.0406414,0.0443681,0.0454722,0.0448727,0.0445274,0.0422638
2154.08,0.0256982,0.0370923,0.0405679,0.0438216,0.0450151,0.0445522,0.0441245,0.0428598
2155.05,0.0254232,0.035994,0.040576,0.043441,0.0441693,0.0438275,0.0434111,0.0431438
2156.01,0.0255419,0.0355868,0.0410151,0.0438842,0.0440003,0.0438231,0.0426844,0.0429958
2156.97,0.0260949,0.0364528,0.0417072,0.045227,0.0449744,0.0447881,0.0419782,0.042968
2157.94,0.0263542,0.0377489,0.0420126,0.0466054,0.046182,0.0456209,0.0415906,0.0431386
2158.9,0.0254694,0.0378189,0.0414127,0.0468963,0.0465419,0.0454196,0.0417734,0.0428816
2159.87,0.0240412,0.036766,0.0402284,0.0461777,0.0461937,0.0445258,0.0425195,0.042274
2160.83,0.023639,0.0359677,0.0390294,0.0451506,0.0454469,0.0434438,0.0433812,0.041878
2161.8,0.024398,0.0356842,0.0380635,0.0439719,0.0442372,0.0424223,0.0435641,0.0416464
2162.76,0.0251272,0.0355724,0.0377786,0.042949,0.0431063,0.0421787,0.043045,0.0413996
2163.72,0.0250155,0.0355076,0.0382525,0.0426456,0.0426334,0.0429251,0.0426718,0.0411515
2164.69,0.0241171,0.0353307,0.0385113,0.04296,0.0426565,0.0434528,0.0427556,0.0407418
2165.65,0.0230742,0.0350525,0.0379304,0.0432097,0.0430158,0.0430667,0.0426456,0.0401557
2166.62,0.0226268,0.0348679,0.0372088,0.0428848,0.0435977,0.042692,0.0418558,0.039806
2167.58,0.0227743,0.0348174,0.0369486,0.0420502,0.0437847,0.0428821,0.0407769,0.0398566
2168.55,0.0229709,0.0349719,0.0368495,0.0414088,0.0432931,0.0431815,0.0400675,0.040041
2169.51,0.0228849,0.0351849,0.0365141,0.0414034,0.0425468,0.0431569,0.0397725,0.0399511
2170.47,0.0224361,0.0347836,0.0359935,0.041537,0.0418651,0.042456,0.0395184,0.0391749
2171.44,0.0219381,0.0335543,0.0357686,0.0413847,0.0414965,0.0411558,0.0393758,0.0380468
2172.4,0.0219907,0.0324356,0.036146,0.0412337,0.0417941,0.0400987,0.0397505,0.037651
2173.37,0.022613,0.0325123,0.0366961,0.041356,0.0426014,0.0399044,0.0405755,0.0384153
2174.33,0.0231937,0.0338088,0.036971,0.0415985,0.0433479,0.0404153,0.0413207,0.0397213
2175.29,0.0232586,0.0352315,0.0371077,0.0416824,0.0437126,0.0410916,0.0416227,0.0406881
2176.26,0.022752,0.0354798,0.0370588,0.0414977,0.0434703,0.0412447,0.0414004,0.0407283
2177.22,0.0221171,0.0343997,0.0366007,0.0411263,0.0425283,0.0405484,0.040668,0.0400569
2178.19,0.02211,0.0334,0.0362664,0.0407725,0.0415641,0.0396683,0.0397858,0.0395444
2179.15,0.0227796,0.0337302,0.0365151,0.0406261,0.0413446,0.039648,0.0394182,0.039577
2180.12,0.02324,0.03479,0.0367755,0.0407636,0.0416437,0.0406478,0.0396979,0.0396954
2181.08,0.0230671,0.0351783,0.0366769,0.0411894,0.0419186,0.0418362,0.0400405,0.0396748
2182.04,0.0227797,0.0346094,0.0366579,0.0416046,0.0421142,0.042377,0.0399849,0.039883
2183.01,0.0227081,0.0337736,0.0368751,0.0415154,0.0422078,0.0421634,0.0396542,0.0403307
2183.97,0.0227373,0.0333095,0.0371088,0.0410557,0.0420895,0.0417129,0.0395393,0.0407315
2184.94,0.0227729,0.0333995,0.0373147,0.040787,0.0419065,0.041449,0.0399369,0.0410824
2185.9,0.0226473,0.0336831,0.0374592,0.0407551,0.0418149,0.0413531,0.0405069,0.0412627
2186.87,0.0222943,0.0336325,0.0374116,0.0407293,0.0417462,0.0413036,0.0405954,0.0409529
2187.83,0.0220806,0.033271,0.037153,0.0407936,0.0417107,0.0412729,0.0400231,0.0401779
2188.79,0.0222854,0.0331614,0.0368022,0.0409417,0.0418518,0.0412836,0.039428,0.0393475
2189.76,0.0226029,0.0334487,0.0363873,0.0408248,0.0420971,0.0413238,0.0394662,0.0388081
2190.72,0.0226399,0.0335741,0.0358807,0.0404962,0.0422394,0.0412805,0.0398671,0.0385926
2191.69,0.02241,0.0333017,0.0355217,0.0404283,0.0423493,0.0411198,0.0399735,0.0386223
2192.65,0.0220472,0.0330247,0.0354871,0.0404336,0.04248,0.0408316,0.0396235,0.0387209
2193.61,0.0215124,0.0328409,0.0354129,0.0398685,0.042122,0.0402178,0.0389249,0.0384336
2194.58,0.0210107,0.0326119,0.0351265,0.0389947,0.0410649,0.0394828,0.0382217,0.0377526
2195.54,0.0211263,0.0325967,0.035084,0.0387181,0.0402327,0.0394366,0.0381399,0.0375132
2196.51,0.0219276,0.0328508,0.0353996,0.0391254,0.0403501,0.0402138,0.0386115,0.0380765
2197.47,0.0226468,0.0328567,0.0356164,0.0395377,0.040853,0.0409117,0.0388278,0.0388072
2198.44,0.0227469,0.0325075,0.0355273,0.039687,0.0410269,0.0409896,0.0386294,0.0392701
2199.4,0.0225416,0.0323858,0.0352499,0.0397939,0.0409705,0.0407205,0.0385322,0.0394839
2200.36,0.0224789,0.0327185,0.0348946,0.0399117,0.0409877,0.0403572,0.0386611,0.0392688
2201.33,0.0225372,0.0330627,0.034624,0.0399105,0.0410561,0.0399213,0.0388432,0.0385547
2202.29,0.0225343,0.0330886,0.0346458,0.0397596,0.0410754,0.0395115,0.039073,0.0377987
2203.26,0.0223903,0.0328941,0.0349849,0.0395692,0.0410048,0.0392972,0.0392149,0.0374242
2204.22,0.0221095,0.0327091,0.0353443,0.0394072,0.0408155,0.0393504,0.0389675,0.0373856
2205.19,0.0218053,0.0326336,0.0352793,0.0390746,0.0405171,0.0394429,0.038374,0.0374039
2206.15,0.0215475,0.0325472,0.034721,0.0384547,0.0401317,0.0392232,0.0378021,0.0372699
2207.11,0.0214033,0.0323744,0.0342177,0.0379304,0.0397753,0.0388815,0.0374719,0.0370261
2208.08,0.0215776,0.0323196,0.0344237,0.038032,0.0397522,0.0389959,0.0374321,0.0369311
2209.04,0.022031,0.0325277,0.0353452,0.0388847,0.0402118,0.039561,0.0377066,0.0371492
2210.01,0.0223551,0.0327555,0.0361955,0.0399534,0.0407451,0.0399497,0.0380888,0.0375078
2210.97,0.0223578,0.0327247,0.0362499,0.0404634,0.0408153,0.039806,0.0381985,0.0377318
2211.94,0.0223507,0.0325977,0.0357302,0.0403681,0.0405068,0.039453,0.0380286,0.0378315
2212.9,0.0225411,0.0326982,0.0353651,0.0402323,0.0402727,0.0392849,0.0379761,0.0379161
2213.86,0.0226121,0.03293,0.0353583,0.0401473,0.0402219,0.0391205,0.0382204,0.037898
2214.83,0.0224151,0.0329338,0.0353568,0.0397599,0.0401824,0.0387477,0.0385284,0.0376973
2215.79,0.0222911,0.0326463,0.0351096,0.0390675,0.0400259,0.0384688,0.0385961,0.0373839
2216.76,0.0223011,0.0322977,0.034671,0.038366,0.0396336,0.0384033,0.0383042,0.0370412
2217.72,0.0221854,0.0320116,0.0341978,0.0378298,0.0390241,0.0381908,0.0377457,0.0366913
2218.68,0.0220692,0.0317437,0.0338668,0.0375603,0.0385616,0.0377553,0.0371095,0.036391
2219.65,0.0223033,0.0315858,0.0339053,0.0377122,0.0386113,0.0375621,0.0366442,0.0363421
2220.61,0.0228409,0.0317748,0.0344882,0.0382872,0.0390814,0.0379548,0.0366087,0.0366642
2221.58,0.0233122,0.0322883,0.0354071,0.0389039,0.039535,0.0386164,0.0369725,0.0371009
2222.54,0.0235148,0.0328146,0.0359822,0.0391088,0.0395977,0.0389573,0.0373702,0.0373008
2223.51,0.0235187,0.0331722,0.0358083,0.0389652,0.0393362,0.0389307,0.0375898,0.0372871
2224.47,0.0234445,0.0333596,0.0353718,0.038973,0.0392185,0.0389702,0.0377503,0.037281
2225.43,0.0233497,0.0332916,0.0352374,0.0393059,0.0394212,0.0391906,0.0378994,0.0372254
2226.4,0.0232142,0.0329239,0.035187,0.0394894,0.0395852,0.0392666,0.0379069,0.0368833
2227.36,0.0230173,0.0325263,0.0349104,0.0390796,0.0394703,0.0390469,0.0377667,0.0363498
2228.33,0.0228469,0.0323844,0.0346763,0.038421,0.0392118,0.0387394,0.0376224,0.0360534
2229.29,0.0227963,0.0323706,0.0347746,0.0383019,0.0390084,0.038521,0.0375042,0.0361288
2230.26,0.0228783,0.0323574,0.0351636,0.0389203,0.039088,0.0384276,0.0373802,0.0362985
2231.22,0.0230132,0.0325937,0.0356768,0.0396527,0.0395737,0.0385306,0.0373839,0.03643
2232.18,0.0230185,0.0330943,0.0360149,0.0399416,0.0401614,0.0388365,0.0375591,0.0365732
2233.15,0.0229087,0.0334403,0.0359316,0.0398805,0.0404011,0.0391696,0.0376552,0.0366578
2234.11,0.0229578,0.0334378,0.0355655,0.0397239,0.0402541,0.0393271,0.0375327,0.0366414
2235.08,0.0231851,0.0332951,0.0352737,0.0394743,0.0400511,0.0391863,0.0373413,0.0365336
2236.04,0.0233223,0.0332734,0.0352364,0.0391361,0.0399485,0.0387555,0.0372507,0.0362377
2237.01,0.023342,0.0334828,0.0353729,0.0388893,0.0398049,0.0383124,0.0372979,0.0358872
2237.97,0.0234557,0.0338035,0.0355545,0.0388576,0.0396285,0.038174,0.0373048,0.0358582
2238.93,0.0237158,0.0339096,0.0356784,0.0388696,0.0395303,0.0382169,0.0370183,0.0360987
2239.9,0.0239755,0.0335894,0.0356463,0.0387033,0.0393549,0.0381559,0.0365133,0.036213
2240.86,0.0241204,0.0331444,0.0355629,0.0385156,0.0390664,0.0381268,0.0362534,0.036182
2241.83,0.0241688,0.0330758,0.0355985,0.0385981,0.0390188,0.0382736,0.0365547,0.0362418
2242.79,0.0241338,0.0333318,0.0355833,0.0388369,0.0392964,0.0383261,0.0370688,0.0363128
2243.75,0.0239533,0.0334681,0.0353674,0.0388894,0.0395015,0.0382208,0.0372046,0.0361529
2244.72,0.0236905,0.0333605,0.0352325,0.0387178,0.0394423,0.0382423,0.0369359,0.0358595
2245.68,0.0235999,0.0331629,0.035396,0.0386101,0.0393176,0.0383285,0.0366711,0.0357396
2246.65,0.0238161,0.0329745,0.0357049,0.0387717,0.0392737,0.0381729,0.0366121,0.0358064
2247.61,0.0241576,0.0329136,0.0359799,0.039113,0.0392896,0.037839,0.0366458,0.0358695
2248.58,0.0244275,0.033118,0.0361772,0.039437,0.039348,0.0376609,0.0367116,0.0359411
2249.54,0.0247136,0.0335941,0.0363424,0.0396424,0.0394722,0.0378619,0.0369512,0.0361131
2250.5,0.0251128,0.034195,0.0365259,0.0397489,0.0395946,0.0383479,0.0373101,0.0363081
2251.47,0.0254081,0.0346029,0.0366176,0.0398132,0.0395158,0.0386701,0.0374328,0.0363972
2252.43,0.0254049,0.0345763,0.0365087,0.0398334,0.039261,0.0385835,0.0372549,0.0363502
2253.4,0.0252785,0.0343525,0.0363732,0.0398104,0.0391882,0.0384452,0.0370914,0.0362745
2254.36,0.0252829,0.034314,0.0364121,0.0397779,0.0393985,0.038561,0.0370946,0.0362998
2255.33,0.0254213,0.0343935,0.0365031,0.0397291,0.0395444,0.0387239,0.0371936,0.0363477
2256.29,0.0255018,0.0343553,0.0364094,0.039691,0.0394472,0.0386954,0.0373167,0.0362128
2257.25,0.0253468,0.0342301,0.036139,0.0396982,0.0393113,0.0385203,0.0373476,0.0358489
2258.22,0.0249882,0.0340839,0.0358996,0.0396629,0.039243,0.0382998,0.0371613,0.0354073
2259.18,0.0247236,0.0339591,0.0358726,0.0395824,0.0391671,0.0381101,0.0368385,0.0351084
2260.15,0.0248605,0.0340516,0.0360893,0.0396495,0.0391387,0.0380638,0.0366308,0.0350625
2261.11,0.0253285,0.0343726,0.0364094,0.0398901,0.0392115,0.0381501,0.0366252,0.0351728
2262.08,0.0257527,0.0346298,0.036683,0.0400537,0.0392438,0.0382259,0.036614,0.0352819
2263.04,0.0259251,0.0347223,0.0368938,0.0400066,0.0391729,0.0382497,0.036439,0.0353664
2264.0,0.0259271,0.0347804,0.0370485,0.0398815,0.0391491,0.0382305,0.0362753,0.0355242
2264.97,0.0258834,0.0348327,0.0370713,0.039794,0.0392709,0.0381192,0.0363173,0.0357375
2265.93,0.0258292,0.0348446,0.036921,0.0397159,0.0394383,0.037951,0.0364503,0.0358157
2266.9,0.0257849,0.0347991,0.036764,0.0396763,0.039479,0.0378196,0.0365069,0.0356889
2267.86,0.0258366,0.0346999,0.0368556,0.0397813,0.0393495,0.0377497,0.036502,0.0355017
2268.82,0.0259526,0.0346077,0.0371461,0.0399074,0.0391476,0.0377278,0.0364692,0.035344
2269.79,0.0259243,0.0345237,0.0373106,0.0397957,0.0389612,0.0377017,0.036395,0.035184
2270.75,0.0257998,0.0344304,0.0372854,0.039555,0.0388826,0.0376246,0.036323,0.0350704
2271.72,0.0259005,0.0344189,0.0372968,0.0395181,0.0389782,0.03754,0.0362796,0.0350929
2272.68,0.0262489,0.0345142,0.0373969,0.0397167,0.0391637,0.037547,0.036216,0.0352176
2273.65,0.0265409,0.0346038,0.0374698,0.039944,0.0393358,0.037707,0.0361481,0.0353458
2274.61,0.026666,0.0346878,0.0375407,0.040065,0.0394771,0.0379603,0.0361776,0.0353947
2275.57,0.0267554,0.0348816,0.0376842,0.0400731,0.039542,0.03815,0.0363344,0.0353266
2276.54,0.0268023,0.035126,0.0377491,0.0400189,0.0394422,0.0381428,0.0364945,0.0351903
2277.5,0.0267363,0.0352469,0.0375282,0.0399379,0.039194,0.0379329,0.0364774,0.035038
2278.47,0.0266956,0.0352705,0.0371884,0.0398494,0.039006,0.0376957,0.0362572,0.0348712
2279.43,0.0268069,0.0353105,0.0370852,0.0397848,0.0390423,0.0376231,0.0360117,0.0347089
2280.4,0.0270035,0.035318,0.0372381,0.0397791,0.0391923,0.0376875,0.0359275,0.0345901
2281.36,0.0272092,0.0352934,0.0374765,0.0398703,0.039339,0.0377536,0.0360417,0.0345694
2282.32,0.0273798,0.0353688,0.0377498,0.0400228,0.0394871,0.037752,0.0362047,0.0346663
2283.29,0.0274344,0.0355072,0.0379817,0.0401081,0.0395244,0.0376455,0.0362204,0.0347587
2284.25,0.0273567,0.0355775,0.0380856,0.0401177,0.0393824,0.0374796,0.0360996,0.0347349
2285.22,0.0272918,0.0356157,0.0381325,0.0401988,0.0392561,0.0374204,0.0360204,0.0346778
2286.18,0.0274087,0.0356792,0.0381976,0.0403797,0.0392907,0.0375659,0.0360595,0.0347042
2287.14,0.0276738,0.0357558,0.0382656,0.0405375,0.0393853,0.0378179,0.0361711,0.0348295
2288.11,0.0278739,0.0359055,0.0383496,0.0406254,0.0394438,0.0380051,0.0363294,0.0350345
2289.07,0.0278817,0.0361777,0.0384599,0.040694,0.0395093,0.0380505,0.0365238,0.0352829
2290.04,0.0277934,0.0364441,0.0385346,0.0407406,0.0396139,0.0380013,0.036686,0.035513
2291.0,0.027827,0.0365647,0.0385764,0.0407415,0.0397452,0.0380111,0.0367679,0.0356848
2291.97,0.0280963,0.0366147,0.0386751,0.0407705,0.0399452,0.0382205,0.0368604,0.0358103
2292.93,0.0284834,0.0367562,0.0388569,0.0409261,0.0402214,0.0385703,0.0371123,0.0359502
2293.89,0.0287951,0.0369734,0.0390679,0.0411821,0.0404208,0.038875,0.0375088,0.0361443
2294.86,0.0289554,0.0371017,0.0392125,0.0413612,0.0403974,0.0390314,0.0378159,0.0363292
2295.82,0.0289999,0.0370848,0.0392304,0.0413315,0.0402514,0.0390574,0.0378535,0.0364212
2296.79,0.0290459,0.0370792,0.0392573,0.0412877,0.0402506,0.0390691,0.0377764,0.0364967
2297.75,0.0292318,0.0372603,0.0394841,0.0415563,0.0405034,0.0391937,0.0378717,0.0367153
2298.72,0.0295294,0.0375552,0.0398213,0.0420437,0.0408386,0.0394019,0.0381331,0.0370528
2299.68,0.0297383,0.0377226,0.0400183,0.04232,0.0410608,0.0395361,0.0383157,0.037281
2300.64,0.0297457,0.0377233,0.0400297,0.0422498,0.0411588,0.0395302,0.0383185,0.0372475
2301.61,0.0296501,0.0377578,0.0400106,0.0421065,0.041219,0.0395145,0.0382721,0.0370991
2302.57,0.0296214,0.0379367,0.0400933,0.0421228,0.0412915,0.0396481,0.0383188,0.037113
2303.54,0.0297677,0.0381786,0.0403233,0.0423034,0.0414024,0.0399103,0.0384946,0.0373873
2304.5,0.0301166,0.038414,0.0406937,0.0425984,0.0416198,0.0401812,0.0388124,0.0378534
2305.47,0.0306013,0.0386925,0.0411329,0.0429657,0.0420029,0.0404771,0.0392963,0.0384034
2306.43,0.0310565,0.0390531,0.041524,0.0433547,0.0424768,0.0408962,0.0398872,0.0389127
2307.39,0.03135,0.0394275,0.0418292,0.0437531,0.0428513,0.0413522,0.0404406,0.0393319
2308.36,0.0315265,0.0397294,0.0421205,0.0441541,0.043046,0.0416674,0.0408689,0.0397452
2309.32,0.0317027,0.0398914,0.0424122,0.0444909,0.0431825,0.0418596,0.0411687,0.0402094
2310.29,0.0318842,0.0398775,0.0426123,0.0446639,0.0433643,0.04203,0.0413411,0.0406484
2311.25,0.0320401,0.039823,0.0427009,0.0446345,0.0435517,0.0421869,0.0414228,0.0409839
2312.21,0.0322397,0.0399593,0.0428161,0.0445414,0.0437005,0.0423736,0.0415354,0.041243
2313.18,0.0325436,0.0402886,0.043072,0.0446295,0.0438471,0.0426784,0.0417851,0.0414611
2314.14,0.0328927,0.0406076,0.0433864,0.0450002,0.0440685,0.0430737,0.042141,0.0416093
2315.11,0.0332196,0.0408432,0.043636,0.0455374,0.0444114,0.0434555,0.0425352,0.0417583
2316.07,0.0335375,0.0411032,0.0438516,0.0460372,0.044836,0.0437771,0.0429963,0.0421168
2317.04,0.0338739,0.0414988,0.0440948,0.0463928,0.0452981,0.0441053,0.043558,0.0427774
2318.0,0.0341919,0.0420129,0.0443389,0.0466715,0.0457911,0.0445616,0.0441824,0.043588
2318.96,0.0344653,0.0425102,0.0446414,0.0469931,0.0462746,0.0451507,0.0448106,0.0443461
2319.93,0.0347309,0.0428674,0.0451111,0.0474076,0.0467301,0.045717,0.0453377,0.0450126
2320.89,0.0349022,0.0430195,0.0456028,0.0478553,0.0471797,0.0460833,0.0457115,0.0456533
2321.86,0.0348687,0.043034,0.0459377,0.0482368,0.0476076,0.0462795,0.0461313,0.0463441
2322.82,0.0348599,0.0431148,0.0462497,0.0485366,0.0479878,0.0465672,0.0467515,0.0471128
2323.79,0.0351451,0.0432617,0.0466155,0.0487491,0.048221,0.0469825,0.0473441,0.0477231
2324.75,0.0356451,0.0433479,0.0469336,0.0489074,0.0482914,0.0472996,0.0477392,0.0479422
2325.71,0.0362173,0.0435412,0.0472801,0.0491734,0.0485083,0.047555,0.0481327,0.04804
2326.68,0.0368032,0.0440412,0.0477455,0.0495639,0.0490502,0.047914,0.0486523,0.0483896
2327.64,0.0373298,0.044686,0.0482349,0.0499031,0.0496744,0.048301,0.0492014,0.0489616
2328.61,0.0377571,0.0451621,0.0486919,0.0501466,0.0501131,0.0485736,0.049695,0.0495132
2329.57,0.0380324,0.0453473,0.0490832,0.050336,0.0501948,0.0487304,0.0500195,0.0498479
2330.54,0.0381516,0.0453803,0.0492527,0.050446,0.0499409,0.0488608,0.0500664,0.0499028
2331.5,0.0383253,0.0455322,0.0492002,0.0505351,0.0498103,0.0490064,0.0499742,0.049774
2332.46,0.0387406,0.0459219,0.0492199,0.0507,0.0500847,0.0491105,0.0499675,0.0495861
2333.43,0.0394214,0.0464125,0.049537,0.0509722,0.0505116,0.0492226,0.0501051,0.0495304
2334.39,0.0403515,0.0468024,0.0500789,0.0513181,0.0508577,0.0494586,0.0503917,0.0498409
2335.36,0.04145,0.0470596,0.0507875,0.0515738,0.0510324,0.0497049,0.0507585,0.0504306
2336.32,0.0426824,0.0474151,0.0518423,0.051594,0.0509941,0.0497287,0.0509002,0.0508554
2337.28,0.0441959,0.048134,0.053359,0.051637,0.0510204,0.0496311,0.0507808,0.0509581
2338.25,0.0459259,0.0489785,0.0551044,0.0520741,0.0513808,0.0497635,0.0509245,0.0511303
2339.21,0.0472662,0.049353,0.056611,0.0527426,0.0518438,0.0502035,0.0515234,0.0516617
2340.18,0.0474502,0.0491119,0.0572684,0.0531723,0.0521132,0.0507181,0.0521889,0.0524001
2341.14,0.0463087,0.0486803,0.0566457,0.0531693,0.0521955,0.0510359,0.052607,0.0528985
2342.11,0.0444599,0.0483031,0.0550153,0.0528846,0.0520584,0.0510391,0.0526529,0.0528088
2343.07,0.042627,0.0478036,0.0531182,0.0524712,0.0515719,0.0507117,0.0522,0.0522387
2344.03,0.0411354,0.0470691,0.0515253,0.0518693,0.0508256,0.0500238,0.051247,0.0514205
2345.0,0.0400277,0.0463108,0.0504337,0.0510193,0.0500197,0.0490829,0.0499033,0.0502719
2345.96,0.0392799,0.0457775,0.0496238,0.0501466,0.0491917,0.0480803,0.0482804,0.0486357
2346.93,0.0389435,0.0455405,0.0489051,0.0495779,0.0483902,0.0471034,0.0467013,0.0467997
2347.89,0.0391143,0.045684,0.0486004,0.0495013,0.0479213,0.0464326,0.0457701,0.0454981
2348.86,0.0397804,0.0463565,0.0489961,0.0499748,0.048114,0.0464251,0.04586,0.0452452
2349.82,0.0408725,0.0476211,0.0500542,0.0509899,0.0490978,0.0471932,0.0469501,0.0461124
2350.78,0.0423241,0.0492802,0.0515431,0.0524357,0.0507352,0.0486353,0.0487801,0.0479343
2351.75,0.0439493,0.0508706,0.0530735,0.0540376,0.0525592,0.0505071,0.0509168,0.0503392
2352.71,0.0453751,0.0521498,0.0543345,0.0554634,0.0540705,0.0523891,0.0528901,0.0527423
2353.68,0.0463239,0.0533206,0.0554046,0.0565527,0.0552207,0.053857,0.0546139,0.0547342
2354.64,0.0469088,0.0545549,0.0565448,0.0574774,0.056444,0.0549577,0.0565925,0.056548
2355.61,0.0474568,0.0555275,0.0575998,0.0583876,0.0578991,0.0560154,0.0587475,0.0585007
2356.57,0.0481179,0.0557664,0.058091,0.058916,0.0588843,0.0569028,0.0598505,0.0601263
2357.53,0.0487528,0.0556138,0.0582163,0.0588263,0.0588487,0.0574335,0.0596641,0.060881
2358.5,0.0492217,0.0558771,0.0586873,0.0587942,0.0584429,0.0580583,0.05961,0.0613039
2359.46,0.049551,0.0564403,0.059271,0.0593692,0.0585329,0.0588346,0.0601596,0.0619486
2360.43,0.0495953,0.0564454,0.0590276,0.059906,0.0589187,0.0587867,0.0601681,0.0620194
2361.39,0.0490359,0.05574,0.0579969,0.0596279,0.0589674,0.0576345,0.0592191,0.061001
2362.35,0.0480112,0.0550371,0.0570425,0.0587619,0.0585752,0.05647,0.0582558,0.0597637
2363.32,0.0470247,0.0545306,0.0563393,0.0578311,0.0575867,0.0559091,0.0575894,0.0588521
2364.28,0.046306,0.0537319,0.0556046,0.0569176,0.0559175,0.0553751,0.0565915,0.0579486
2365.25,0.0457773,0.0526262,0.0549033,0.0559161,0.0544098,0.0544772,0.0553328,0.056817
2366.21,0.0455683,0.0517889,0.0543586,0.0549951,0.0537819,0.0535718,0.0544133,0.0554474
2367.18,0.0456043,0.0514635,0.0539136,0.0544305,0.0535163,0.0528132,0.0537287,0.053875
2368.14,0.045419,0.0514508,0.0535642,0.0542404,0.052972,0.0520148,0.0528592,0.052302
2369.1,0.0448893,0.051395,0.0532348,0.0541213,0.0522405,0.0510705,0.0516871,0.0508822
2370.07,0.044272,0.0509748,0.0527573,0.0537464,0.0515514,0.0499344,0.0502861,0.0494544
2371.03,0.0437735,0.050271,0.0521565,0.0531475,0.0508751,0.0487503,0.0488739,0.047884
2372.0,0.0435276,0.0496199,0.0516718,0.052542,0.0501108,0.0477549,0.0476538,0.0463341
2372.96,0.0435656,0.0491686,0.0515073,0.0519416,0.0492592,0.0469097,0.0465717,0.0449642
2373.93,0.0437578,0.0489175,0.051529,0.0513121,0.0483812,0.0460702,0.0454215,0.0437159
2374.89,0.0439096,0.0488483,0.051373,0.0507617,0.0475143,0.0452382,0.0441417,0.0424538
2375.85,0.0439215,0.0488713,0.0509744,0.0503353,0.0467227,0.0444224,0.0429099,0.0411641
2376.82,0.0438785,0.0488557,0.0505717,0.0499605,0.0460844,0.0435812,0.0419159,0.0399892
2377.78,0.0439436,0.0488087,0.0503089,0.0496332,0.0455808,0.0427683,0.0411537,0.0390323
2378.75,0.0440466,0.0487646,0.0500822,0.0493213,0.0450784,0.0420529,0.0404515,0.038183
2379.71,0.0441267,0.0487619,0.0499121,0.04902,0.0445721,0.0414963,0.0397351,0.037366
2380.67,0.0442781,0.0488253,0.0499167,0.0487897,0.0441959,0.0411099,0.0390479,0.0366337
2381.64,0.0445428,0.0489294,0.0500371,0.0486496,0.0440078,0.040818,0.0384206,0.0360012
2382.6,0.0448687,0.0490436,0.0501307,0.0485533,0.0439091,0.0405446,0.0378866,0.0354137
2383.57,0.0452245,0.0491876,0.0501958,0.0484641,0.0437796,0.0402698,0.0374942,0.0348195
2384.53,0.0455681,0.0493579,0.0502995,0.0483846,0.0436076,0.0400064,0.0372178,0.0342394
2385.5,0.0458275,0.0495097,0.0504509,0.0483535,0.0434481,0.0397975,0.0369793,0.0337739
2386.46,0.0459756,0.0496204,0.0506044,0.0483919,0.0433273,0.0396693,0.0367511,0.0334634
2387.42,0.0460696,0.0496945,0.050729,0.0484523,0.0432489,0.0395926,0.0365639,0.0332293
2388.39,0.0462004,0.0497837,0.0508646,0.0484766,0.0432207,0.039526,0.0364491,0.033035
2389.35,0.0463906,0.0499633,0.0510191,0.048466,0.0432275,0.0394436,0.0363908,0.0329265
2390.32,0.0466105,0.0502297,0.0511129,0.048486,0.043242,0.0393652,0.0363556,0.0329071
2391.28,0.0468837,0.0505075,0.0511591,0.0486123,0.0432835,0.0393572,0.0363599,0.0329413
2392.25,0.0472326,0.0507302,0.0512767,0.0488097,0.0433877,0.0394159,0.0364044,0.0329988
2393.21,0.0475908,0.0508825,0.0514834,0.0489706,0.0435256,0.0394592,0.0364125,0.0330284
2394.17,0.0479295,0.0510287,0.0517192,0.049122,0.0436594,0.0394887,0.0363838,0.0330289
2395.14,0.0482852,0.0512394,0.0519775,0.0493626,0.0437918,0.039572,0.0364377,0.033056
2396.1,0.0485993,0.051493,0.0522413,0.0496229,0.0438851,0.039681,0.0365843,0.0330703
2397.07,0.0487911,0.0517172,0.0524411,0.0497516,0.0438806,0.0397225,0.0366695,0.032982
2398.03,0.0489421,0.05188,0.0525707,0.0497669,0.0438247,0.0396853,0.0366048,0.0328432
2399.0,0.0491691,0.0520149,0.0527071,0.0497946,0.0438365,0.0396525,0.0364578,0.0327739
2399.96,0.0494541,0.0521751,0.0528869,0.0498607,0.0439372,0.0396992,0.0363282,0.0327755
2400.92,0.0497163,0.0523661,0.0530891,0.0499295,0.0440178,0.0398036,0.0362743,0.0327892
2401.89,0.0499408,0.052575,0.0533285,0.0500345,0.0440453,0.0398956,0.0363382,0.03283
2402.85,0.0502068,0.0528184,0.0536162,0.0502251,0.0441379,0.0399745,0.0365227,0.0329213
2403.82,0.0505621,0.0530833,0.0538604,0.0504444,0.044324,0.0400579,0.0367247,0.0330063
2404.78,0.0509165,0.0533326,0.0539784,0.0505933,0.0444687,0.0401037,0.0368189,0.033035
2405.74,0.0511866,0.0535906,0.0540389,0.0506956,0.0444996,0.040118,0.0368031,0.0330569
2406.71,0.0514334,0.0538811,0.0541557,0.0508497,0.0444782,0.0401639,0.0367573,0.0331272
2407.67,0.0517301,0.0541485,0.054351,0.051034,0.044483,0.0402246,0.0367399,0.0331832
2408.64,0.0520463,0.0543528,0.0545699,0.0511484,0.0445367,0.0402376,0.0367625,0.0331338
2409.6,0.052349,0.0545421,0.0547572,0.0512187,0.04462,0.0402097,0.0367905,0.0330229
2410.57,0.0526691,0.054779,0.054951,0.051367,0.0447352,0.0402258,0.0368233,0.0329838
2411.53,0.0530328,0.0550624,0.0552332,0.0516136,0.0449067,0.0403683,0.0369421,0.0330767
2412.49,0.053428,0.0553319,0.0555719,0.0518594,0.0451046,0.0405972,0.0371567,0.0332287
2413.46,0.0537907,0.0555316,0.0558607,0.0520187,0.0452406,0.0407584,0.0373161,0.0333003
2414.42,0.0540364,0.0556923,0.0560652,0.0520923,0.0452704,0.0407689,0.0373043,0.0332451
2415.39,0.0542319,0.0559137,0.0562467,0.0521631,0.045264,0.0407362,0.0372157,0.0331848
2416.35,0.0545593,0.0562197,0.056503,0.0523093,0.0453253,0.0408136,0.0372228,0.0332158
2417.32,0.0550249,0.056527,0.0568496,0.0525091,0.0454697,0.0409759,0.037372,0.0332737
2418.28,0.0554495,0.0567791,0.0571565,0.0526822,0.045606,0.0410566,0.0375546,0.0332744
2419.24,0.0557348,0.056979,0.0573136,0.0527845,0.0456397,0.0409678,0.0376172,0.033222
2420.21,0.0559803,0.0571462,0.0573956,0.0528655,0.0456348,0.0408122,0.0375331,0.0331842
2421.17,0.0563357,0.0573396,0.0575443,0.0530345,0.0457688,0.0407995,0.0374359,0.0332252
2422.14,0.0567725,0.0576054,0.0577935,0.0532827,0.0460469,0.041005,0.0374289,0.0333141
2423.1,0.0571326,0.0578776,0.0580901,0.0534727,0.0462586,0.0412513,0.0374728,0.0333687
2424.07,0.0574064,0.0580953,0.0584116,0.0536005,0.0463012,0.041356,0.0375157,0.0333988
2425.03,0.0577517,0.058358,0.058766,0.0538069,0.0463114,0.0413627,0.0375994,0.0334911
2425.99,0.0582249,0.05876,0.0590886,0.0540936,0.0464222,0.0413968,0.0377434,0.0336479
2426.96,0.0586884,0.0591989,0.0593047,0.0543093,0.046603,0.0414737,0.0378579,0.0337382
2427.92,0.0590336,0.0595472,0.0594851,0.0543914,0.0467608,0.0415583,0.0378898,0.0336693
2428.89,0.0593316,0.0598291,0.0597236,0.054415,0.0468458,0.0416422,0.0378848,0.0335338
2429.85,0.0596699,0.0600875,0.0599639,0.0544606,0.0468498,0.0417031,0.0378415,0.0334712
2430.81,0.0600195,0.0602948,0.060131,0.0545571,0.0467987,0.0417211,0.0377286,0.033475
2431.78,0.0603619,0.0604892,0.0602711,0.054698,0.0467628,0.0417178,0.0376214,0.0334826
2432.74,0.0607477,0.0607587,0.0604698,0.0548489,0.0467956,0.0417166,0.0376247,0.0335129
2433.71,0.0611665,0.0610803,0.060755,0.0549824,0.0468738,0.0417242,0.0377325,0.0335784
2434.67,0.061556,0.0613997,0.0610908,0.0551431,0.046991,0.0417658,0.0378746,0.0336187
2435.64,0.0619277,0.0617435,0.0614105,0.0553974,0.0471851,0.0418688,0.0380107,0.0335889
2436.6,0.0623142,0.0621106,0.0616761,0.055706,0.0474071,0.0420106,0.038134,0.0335266
2437.56,0.0627188,0.062431,0.0619284,0.0559805,0.0475673,0.0421618,0.0382558,0.0335241
2438.53,0.0632004,0.0626943,0.062257,0.0562206,0.0476927,0.0423378,0.0384108,0.0336379
2439.49,0.0637963,0.0629847,0.062669,0.0564644,0.0478521,0.0425143,0.0385984,0.0338284
2440.46,0.0643845,0.0633496,0.0630223,0.0566938,0.0480086,0.0426019,0.0387217,0.0340033
2441.42,0.0648126,0.063741,0.0632024,0.0568764,0.0480981,0.0425895,0.0387093,0.034088
2442.39,0.065077,0.0640815,0.0633009,0.0570188,0.0481616,0.0425597,0.0386289,0.0340542
2443.35,0.0653007,0.0643166,0.0634831,0.0571305,0.0482828,0.0425674,0.0385752,0.0339405
2444.31,0.0655961,0.0644621,0.0637555,0.0572152,0.0484612,0.0426192,0.0385624,0.0338357
2445.28,0.0659543,0.0645979,0.0639978,0.0573385,0.0486235,0.0426919,0.0385628,0.0337947
2446.24,0.0663071,0.06482,0.0641795,0.0575711,0.0487324,0.0427594,0.0385823,0.0338206
2447.21,0.0666716,0.0651902,0.0643967,0.0578476,0.0488259,0.0428477,0.0386639,0.0339054
2448.17,0.0670914,0.0656264,0.064694,0.0580449,0.0489509,0.0429672,0.0387973,0.0340046
2449.13,0.0675137,0.0659599,0.0650117,0.0581536,0.0491004,0.0430539,0.0389024,0.0340502
2450.1,0.0678711,0.0661714,0.0653124,0.0582414,0.0492301,0.0431088,0.0389426,0.0340422
2451.06,0.0681995,0.0663979,0.0656156,0.0583541,0.0493339,0.0432136,0.0389454,0.0340343
2452.03,0.0685579,0.0667305,0.0659345,0.0585175,0.0494313,0.043347,0.0389082,0.0340479
2452.99,0.0689232,0.0671362,0.0662834,0.0587493,0.0495014,0.043434,0.0388151,0.0340843
2453.96,0.0692787,0.0675447,0.0666816,0.0590524,0.0495515,0.0434974,0.0387475,0.0341491
2454.92,0.0696795,0.0679338,0.0670943,0.0593919,0.0496459,0.0435756,0.0388287,0.0342131
2455.88,0.0701472,0.0683274,0.0674636,0.0596939,0.0497934,0.0436743,0.0390481,0.0342497
2456.85,0.0706294,0.0687121,0.0677785,0.0599094,0.0499351,0.0437982,0.0392926,0.0342781
2457.81,0.0710344,0.0689601,0.0680156,0.0600187,0.0500088,0.0438622,0.0394775,0.0342667
2458.78,0.0713077,0.0690156,0.0681388,0.0600529,0.0500144,0.0437808,0.0395563,0.0341704
2459.74,0.0715815,0.0691127,0.0682551,0.0601774,0.0500526,0.0436779,0.0395714,0.0341054
2460.71,0.0720445,0.0694784,0.0685559,0.0605182,0.0502021,0.043717,0.0396351,0.0342196
2461.67,0.0726177,0.0699858,0.0690439,0.0609514,0.0504246,0.0438681,0.0397585,0.0344735
2462.63,0.0730808,0.0704158,0.0695252,0.0613074,0.0506516,0.0440449,0.0398735,0.0347436
2463.6,0.0734168,0.0707814,0.0698857,0.0615653,0.0508469,0.0442244,0.0399578,0.0349399
2464.56,0.0737361,0.0711627,0.0701905,0.0617257,0.0510053,0.0443654,0.0399994,0.0349736
2465.53,0.0740824,0.071511,0.0704987,0.0617733,0.0511477,0.0444207,0.0399837,0.0348298
2466.49,0.0744787,0.0717939,0.0707582,0.0617777,0.0512917,0.0444049,0.0399511,0.0346493
2467.46,0.0749358,0.0721011,0.0709155,0.0618471,0.0514426,0.0443791,0.0399629,0.0345961
2468.42,0.0754025,0.0724755,0.0710192,0.0620207,0.0516269,0.0444557,0.0400332,0.0346821
2469.38,0.0758491,0.0728382,0.0711931,0.0622798,0.0518568,0.044745,0.040152,0.0348125
2470.35,0.0762937,0.0731471,0.0715163,0.0626053,0.0520582,0.045177,0.0403239,0.0349572
2471.31,0.0767174,0.0734295,0.0719385,0.0629644,0.0521524,0.045501,0.0405369,0.0351405
2472.28,0.0770785,0.0737063,0.0723602,0.063303,0.0521751,0.0455719,0.0407483,0.0353177
2473.24,0.0773699,0.0740101,0.0727561,0.0635951,0.0522079,0.0455126,0.0408853,0.0354123
2474.2,0.0776249,0.0743341,0.0731326,0.0638271,0.0522694,0.0455042,0.0408763,0.0353873
2475.17,0.0779132,0.0746225,0.0734592,0.0639917,0.0523514,0.0455667,0.0407895,0.0352509
2476.13,0.0782719,0.0749049,0.0737304,0.0641393,0.0524719,0.0456373,0.0407941,0.0351038
2477.1,0.078629,0.0752392,0.0739921,0.0643246,0.0526315,0.0457227,0.040901,0.0350766
2478.06,0.0788948,0.075584,0.0742995,0.064536,0.0527945,0.0458512,0.0409757,0.0351557
2479.03,0.0791202,0.0759174,0.0746834,0.0647783,0.0529718,0.045992,0.0409973,0.0352476
2479.99,0.0794258,0.0763001,0.0750834,0.0650879,0.0532201,0.0461321,0.0410696,0.0353653
2480.95,0.079796,0.076694,0.0753761,0.0653848,0.0534999,0.0462891,0.041215,0.0355237
2481.92,0.0801284,0.0769506,0.0755438,0.0655429,0.0536891,0.0464227,0.0413403,0.0355826
2482.88,0.0804168,0.0770686,0.0757082,0.0656484,0.0537973,0.0465176,0.0414025,0.0354673
2483.85,0.0807131,0.0772293,0.0759661,0.0659055,0.053968,0.0466423,0.0414801,0.0353721
2484.81,0.0810131,0.0775472,0.0762809,0.0662851,0.0542245,0.0467899,0.0416298,0.0354745
2485.78,0.0812792,0.0779408,0.0765596,0.0665569,0.0544299,0.0468763,0.0417804,0.0356783
2486.74,0.0814988,0.0782614,0.0767916,0.0666526,0.0545278,0.0468915,0.0418465,0.0358247
2487.7,0.0816911,0.0785001,0.0770377,0.0667128,0.0546158,0.0468699,0.041848,0.0359049
2488.67,0.0818979,0.0787603,0.0772958,0.0668288,0.0547538,0.0468428,0.0418527,0.0359715
2489.63,0.0821342,0.0790522,0.0774739,0.0669826,0.0548691,0.0468621,0.041881,0.0359889
2490.6,0.0823518,0.0793054,0.0775364,0.0671458,0.0548998,0.0469478,0.0419166,0.0358747
2491.56,0.0825253,0.0795193,0.0776103,0.0673186,0.0549006,0.0470783,0.0419535,0.035695
2492.53,0.0827042,0.079765,0.077847,0.0675426,0.0549563,0.0472532,0.041999,0.0356628
2493.49,0.0829299,0.0800706,0.0782033,0.0678319,0.0551047,0.0474745,0.0420765,0.035871
2494.45,0.0832099,0.0803518,0.0785125,0.0680933,0.0553282,0.0476996,0.04221,0.0361607
2495.42,0.0835148,0.0805222,0.0787182,0.0682194,0.0555208,0.0478473,0.042346,0.0363037
2496.38,0.083732,0.0806095,0.0788614,0.0682245,0.0555531,0.047854,0.0423861,0.036234
2497.35,0.0837995,0.0806792,0.0789699,0.0682367,0.0554522,0.0477772,0.0423598,0.0360737
2498.31,0.0838465,0.0807468,0.0790924,0.0683706,0.0554155,0.0477537,0.0423946,0.0359735
2499.27,0.0840007,0.0808296,0.0792913,0.0686284,0.0555881,0.0478173,0.0424925,0.0359733
2500.24,0.0842144,0.0809899,0.0795645,0.0689451,0.0559011,0.0479088,0.0425604,0.0360475
2501.2,0.0844297,0.0812656,0.0798488,0.0692511,0.056192,0.0480081,0.0426249,0.0361999
2502.17,0.0847053,0.0816125,0.0800875,0.0694633,0.0564094,0.0481123,0.0427699,0.0364135
2503.13,0.085068,0.0819576,0.0802857,0.0695591,0.0565849,0.0482118,0.0429325,0.0366093
2504.1,0.0854072,0.082265,0.0804892,0.06965,0.0566863,0.0483283,0.0429863,0.036719
2505.06,0.0856106,0.0825304,0.0807103,0.0698433,0.0566858,0.0484747,0.0429649,0.03673
2506.02,0.0857014,0.0827485,0.0809293,0.0701147,0.0567019,0.0486363,0.0430099,0.036685
2506.99,0.0857882,0.0829053,0.0811563,0.0703932,0.0568494,0.0488128,0.0431572,0.036656
2507.95,0.0859381,0.0830112,0.0814055,0.0706202,0.0570448,0.0489766,0.0433255,0.0366667
2508.92,0.0861053,0.0831124,0.0816124,0.070727,0.057134,0.0490464,0.0434165,0.036671
2509.88,0.0862025,0.0832351,0.0816932,0.0707175,0.057091,0.048996,0.043361,0.036633
2510.85,0.0862572,0.0833743,0.0816864,0.0707171,0.0570439,0.0488998,0.0432126,0.0365774
2511.81,0.0864133,0.0835559,0.0817321,0.0708292,0.0571476,0.0488531,0.0431526,0.0365775
2512.77,0.0867569,0.0838084,0.0819214,0.0710272,0.0574117,0.0489268,0.0432893,0.0367154
2513.74,0.0871857,0.084052,0.0822041,0.0711942,0.057673,0.049107,0.043518,0.0369529
2514.7,0.0875029,0.0841689,0.0824606,0.0712472,0.0577712,0.0492602,0.0436378,0.03711
2515.67,0.0876603,0.084226,0.0826864,0.0712837,0.0577729,0.0493153,0.0436151,0.0371237
2516.63,0.0877939,0.0844017,0.0829658,0.0714638,0.0578996,0.0493605,0.0436195,0.0371225
2517.6,0.0880016,0.0846765,0.0832433,0.0717393,0.0581593,0.0494549,0.0437441,0.0371491
2518.56,0.0882566,0.0849065,0.0833814,0.071942,0.0583371,0.049559,0.0439173,0.0371205
2519.52,0.0885223,0.0851117,0.0834315,0.0720556,0.0583823,0.0496617,0.0440962,0.0370589
2520.49,0.0887722,0.0853705,0.0835661,0.0721904,0.0584215,0.0497807,0.0442614,0.0370642
2521.45,0.0889728,0.0856147,0.083811,0.0723966,0.0584859,0.0498962,0.0443186,0.0371457
2522.42,0.089192,0.0857823,0.0840929,0.0726392,0.0585593,0.0500023,0.0442792,0.0372792
2523.38,0.0895593,0.0859852,0.0843947,0.0728827,0.058682,0.0501465,0.04434,0.0374907
2524.34,0.0900312,0.0863329,0.0846829,0.0730942,0.058844,0.0503527,0.0445631,0.037733
2525.31,0.0903888,0.0867223,0.0849127,0.0732365,0.0589892,0.0505548,0.0447628,0.0378641
2526.27,0.0905105,0.0869757,0.0851187,0.073311,0.0590974,0.0506421,0.0448271,0.0378537
2527.24,0.0905322,0.08708,0.085291,0.0733512,0.0591737,0.050586,0.0448245,0.0377926
2528.2,0.0906685,0.0871486,0.085349,0.0734013,0.0592617,0.0505089,0.0448118,0.0377258
2529.17,0.0909351,0.0872605,0.0853339,0.0735033,0.0594026,0.0505459,0.0447939,0.0376714
2530.13,0.0911999,0.0874429,0.0853718,0.0736561,0.059542,0.0506958,0.0447785,0.0376737
2531.09,0.0913781,0.0876746,0.0854768,0.0737976,0.05957,0.0508516,0.0447284,0.0377243
2532.06,0.091463,0.0878715,0.0856024,0.0738647,0.0594626,0.0508966,0.0446024,0.0377372
2533.02,0.0915573,0.0880174,0.0858104,0.073905,0.0593697,0.0508472,0.0445048,0.0376771
2533.99,0.0917738,0.0881998,0.0861617,0.0740191,0.0594543,0.0508623,0.0445691,0.0376158
2534.95,0.0920525,0.0884393,0.086542,0.0742101,0.0596815,0.0510141,0.0447436,0.0376187
2535.92,0.0923133,0.0886727,0.0868128,0.0744578,0.0599331,0.0512246,0.0449186,0.037711
2536.88,0.0925754,0.0888513,0.0869783,0.074751,0.0601617,0.0513889,0.0450704,0.0379006
2537.84,0.0928058,0.0889735,0.0871122,0.0749804,0.0603323,0.0514185,0.0451853,0.0381094
2538.81,0.0929736,0.0891093,0.0872834,0.0750678,0.0603989,0.0513176,0.045252,0.0382238
2539.77,0.093158,0.0893193,0.0875002,0.0750914,0.0603808,0.0512177,0.0452891,0.0382321
2540.74,0.0933969,0.0895442,0.087668,0.0751299,0.060375,0.0512054,0.0452932,0.0381872
2541.7,0.09362,0.0897162,0.0877259,0.0751919,0.0604504,0.0512547,0.0452447,0.0381237
2542.66,0.0937845,0.0898763,0.0877735,0.0752873,0.0605722,0.0513363,0.0451926,0.0380799
2543.63,0.0939269,0.0900722,0.0879259,0.0754075,0.0606619,0.0514175,0.0452403,0.0381026
2544.59,0.0941026,0.0902893,0.088144,0.0755181,0.0606856,0.0514529,0.0453918,0.0382018
2545.56,0.094338,0.0905371,0.0883332,0.0756147,0.0606906,0.0514658,0.0455453,0.0383418
2546.52,0.0946198,0.0908361,0.0885019,0.075723,0.0607711,0.0515168,0.0456726,0.0384644
2547.49,0.0949126,0.0911038,0.0887039,0.0758626,0.0609485,0.0515954,0.0457982,0.0385143
2548.45,0.0951691,0.0912232,0.0889203,0.076012,0.061123,0.0516354,0.0458474,0.0384784
2549.41,0.0953575,0.0912356,0.0891081,0.0761212,0.0612198,0.0516406,0.0457677,0.0384009
2550.38,0.0955126,0.0913214,0.0892813,0.0762047,0.0612878,0.0517034,0.0456827,0.0383402
2551.34,0.0957096,0.0915417,0.0894595,0.0763399,0.0613781,0.0518475,0.0457016,0.0383264
2552.31,0.0959525,0.0917667,0.0896424,0.0765494,0.0614544,0.0519845,0.0457663,0.0383713
2553.27,0.0961389,0.0919161,0.0898531,0.0767822,0.061486,0.0520812,0.0458165,0.0384717
2554.24,0.0962,0.0920501,0.0900858,0.0769698,0.0615116,0.0522006,0.0458846,0.0385863
2555.2,0.0962282,0.0922206,0.0902817,0.0770819,0.0615767,0.0523402,0.0459942,0.0386577
2556.16,0.0963559,0.0924136,0.0904091,0.0771746,0.06168,0.0523941,0.0460968,0.0386439
2557.13,0.0965658,0.0925752,0.0904737,0.0772951,0.0617789,0.0523306,0.0461346,0.0385391
2558.09,0.0967407,0.0926465,0.0904925,0.0773741,0.0618313,0.052248,0.0461112,0.0384033
2559.06,0.096814,0.0926051,0.090485,0.0773387,0.0618164,0.052214,0.046038,0.038317
2560.02,0.0967908,0.0924828,0.0904482,0.0772337,0.0617122,0.0521985,0.0459126,0.0382956
2560.99,0.0967402,0.092397,0.090419,0.0771586,0.0615499,0.052184,0.0458099,0.0383036
2561.95,0.0967607,0.0924722,0.0904884,0.077161,0.0614578,0.0522207,0.0458413,0.0383329
2562.91,0.0968567,0.0926577,0.0906324,0.0772124,0.0614989,0.0523323,0.0460114,0.0384098
2563.88,0.0969554,0.092806,0.0907457,0.0772795,0.0615962,0.0524661,0.0462036,0.0385462
2564.84,0.0970404,0.0929125,0.0908555,0.0773711,0.0617207,0.0525752,0.0462823,0.0387205
2565.81,0.0971194,0.0930283,0.0910157,0.0774699,0.0619019,0.0526431,0.0462276,0.0388684
2566.77,0.0971549,0.0930709,0.0911284,0.0774899,0.0620388,0.0526517,0.046159,0.0388974
2567.73,0.0971176,0.0929838,0.0911067,0.0773953,0.0620062,0.0526241,0.0461588,0.0387869
2568.7,0.0970099,0.0928699,0.091,0.0773028,0.0618699,0.0526118,0.0461679,0.0386315
2569.66,0.0968638,0.0928232,0.090871,0.07734,0.061802,0.0526145,0.0461473,0.0385441
2570.63,0.0967538,0.0928378,0.0907559,0.077451,0.0618782,0.0526095,0.0461607,0.0385711
2571.59,0.0967168,0.0928605,0.0906931,0.0774904,0.0619964,0.0525977,0.0462153,0.038666
2572.56,0.0967149,0.0928548,0.0906646,0.0774433,0.0620131,0.0525899,0.0462576,0.0387272
2573.52,0.0967175,0.0928688,0.0906086,0.0773997,0.0619517,0.0525987,0.0462847,0.0387009
2574.48,0.0967002,0.0929497,0.0905066,0.0773942,0.0619156,0.0526027,0.0462728,0.0385906
2575.45,0.0966372,0.0930283,0.0904107,0.0774084,0.061894,0.0525588,0.0461777,0.0384064
2576.41,0.0965834,0.093026,0.0904021,0.0774527,0.0618395,0.0524903,0.0460539,0.0382206
2577.38,0.096611,0.0929612,0.090489,0.0775365,0.0617956,0.0524624,0.0459799,0.03816
2578.34,0.0966671,0.0928888,0.0905725,0.0776083,0.0618085,0.0524834,0.0459511,0.0382502
2579.31,0.0966662,0.0928367,0.0905765,0.0776115,0.061849,0.0525188,0.0459461,0.0384089
2580.27,0.096623,0.0928141,0.0905639,0.0775627,0.0618964,0.0525626,0.0459929,0.0385724
2581.23,0.096567,0.0928236,0.0906519,0.0775183,0.0619628,0.0526226,0.0461245,0.0387034
2582.2,0.0964991,0.0928364,0.090829,0.077514,0.0620284,0.0526731,0.0463057,0.0387533
2583.16,0.0964522,0.0927985,0.0909374,0.0775494,0.0620585,0.0526733,0.0464266,0.0387035
2584.13,0.0964314,0.0927044,0.090882,0.0775733,0.0620419,0.052634,0.0464021,0.0386087
2585.09,0.0963824,0.0926165,0.0907666,0.0775442,0.0619902,0.0526388,0.0462929,0.0385532
2586.06,0.0962899,0.0925868,0.0907109,0.0775044,0.0619276,0.0527128,0.0462412,0.0385555
2587.02,0.096178,0.092595,0.0906511,0.0774981,0.0618622,0.052745,0.0462554,0.0385687
2587.98,0.0960457,0.0925697,0.0904868,0.0774807,0.0617817,0.0526791,0.0462248,0.0385502
2588.95,0.0959029,0.0924796,0.0902735,0.0773884,0.061695,0.0526041,0.0461381,0.0384775
2589.91,0.0958087,0.0923817,0.0901287,0.0772455,0.0616514,0.0525763,0.0460837,0.0383905
2590.88,0.0957884,0.0923012,0.0900598,0.0771176,0.061649,0.0525391,0.0460875,0.0383817
2591.84,0.0957476,0.0921767,0.0899937,0.0770006,0.0615899,0.052436,0.0460966,0.0384502
2592.8,0.0956106,0.0920201,0.0899174,0.0768821,0.0614579,0.0523107,0.0460919,0.0385115
2593.77,0.0954682,0.091915,0.0898609,0.0767926,0.0613566,0.0522371,0.046088,0.0385389
2594.73,0.0954049,0.091838,0.0898015,0.0767126,0.061298,0.0522111,0.0460412,0.0385335
2595.7,0.0953693,0.0917226,0.0897175,0.0766047,0.0612167,0.0521958,0.0459175,0.0384741
2596.66,0.0953602,0.0916163,0.0896534,0.0765051,0.0611426,0.0521736,0.0458119,0.038365
2597.63,0.0954636,0.0915951,0.0896466,0.0764581,0.0611536,0.0521378,0.0458152,0.0382438
2598.59,0.0956256,0.0916226,0.0896342,0.0764458,0.0612301,0.052102,0.0458567,0.038162
2599.55,0.0956757,0.0916146,0.0895221,0.0764344,0.0612775,0.0520783,0.0458522,0.0381534
2600.52,0.0955938,0.0915694,0.0893572,0.0764347,0.0612638,0.0520517,0.0458341,0.0381881
2601.48,0.0954958,0.0915316,0.0892768,0.0764564,0.0612245,0.0520043,0.0458201,0.0382065
2602.45,0.0954373,0.0915042,0.0892824,0.0764367,0.061161,0.0519445,0.0457666,0.0381892
2603.41,0.09542,0.0914693,0.0892453,0.0763185,0.0610543,0.0519099,0.04568,0.0381578
2604.38,0.0954363,0.091404,0.0891106,0.0761366,0.0609189,0.0518979,0.0456182,0.0381356
2605.34,0.0954591,0.0912831,0.0889525,0.0759555,0.0607893,0.0518478,0.0456097,0.0381258
2606.3,0.0954933,0.0911488,0.0888701,0.075818,0.0607059,0.0517541,0.0456198,0.0381132
2607.27,0.095554,0.0910911,0.0888757,0.0757518,0.0606946,0.0516689,0.045583,0.0380754
2608.23,0.0956113,0.0911186,0.0888687,0.0757458,0.0607304,0.0516084,0.0454974,0.0380265
2609.2,0.095628,0.0911245,0.0887571,0.075734,0.0607372,0.0515574,0.0454367,0.0379963
2610.16,0.0955853,0.0910006,0.0885714,0.0756389,0.0606469,0.0514955,0.0454198,0.0379331
2611.12,0.0954931,0.0907734,0.0883981,0.0754499,0.0604739,0.0514191,0.0453719,0.0377738
2612.09,0.0954002,0.0905937,0.0882837,0.0752586,0.0602986,0.051367,0.0452609,0.0375942
2613.05,0.095338,0.0905533,0.0882279,0.0751625,0.0601694,0.0513539,0.0451448,0.0375136
2614.02,0.0952945,0.0905797,0.0882087,0.0751422,0.060073,0.051322,0.0450698,0.0375157
2614.98,0.0952937,0.0905643,0.0882173,0.0751233,0.0599985,0.0512496,0.0450441,0.0375206
2615.95,0.0954027,0.0905052,0.0882387,0.0750866,0.0599735,0.0512059,0.045072,0.037533
2616.91,0.095597,0.0904604,0.0882163,0.0750191,0.0600051,0.0512112,0.0451235,0.0375924
2617.87,0.0957291,0.0904371,0.0881283,0.0749077,0.060022,0.0511887,0.0451221,0.0376681
2618.84,0.0956945,0.0903916,0.0880302,0.074812,0.0599432,0.0511051,0.0450294,0.0376986
2619.8,0.0955439,0.0903039,0.0879483,0.0747794,0.0597967,0.0510093,0.0449081,0.0376775
2620.77,0.0953981,0.0902,0.0878327,0.0747432,0.0596775,0.0509339,0.0448352,0.0376368
2621.73,0.0953204,0.0901005,0.0876635,0.0746065,0.0596063,0.0508598,0.0447892,0.0375739
2622.7,0.0952893,0.0899994,0.0875024,0.0743758,0.0595214,0.0507555,0.0447015,0.0374633
2623.66,0.095267,0.0898958,0.0873932,0.074172,0.0593868,0.0506278,0.0445768,0.0373304
2624.62,0.0952521,0.0897944,0.0873133,0.074092,0.0592451,0.0505274,0.0444863,0.0372332
2625.59,0.0952524,0.0897012,0.0872523,0.0740968,0.0591673,0.0504937,0.0444692,0.0372054
2626.55,0.0952705,0.0896414,0.0872205,0.0740946,0.0591749,0.0505198,0.0444964,0.0372428
2627.52,0.0953057,0.089622,0.0871764,0.0740415,0.059209,0.050547,0.0445082,0.0372784
2628.48,0.0953301,0.089609,0.0870773,0.0739481,0.0592025,0.0505169,0.0444683,0.037227
2629.45,0.0953089,0.0895764,0.086981,0.0738732,0.0591684,0.0504558,0.0444037,0.0371115
2630.41,0.0952309,0.0895139,0.0869446,0.0738334,0.0591337,0.0504069,0.0443599,0.0370285
2631.37,0.0951111,0.0894011,0.0868975,0.0737527,0.0590685,0.0503136,0.0443181,0.0369983
2632.34,0.0950061,0.0892455,0.086785,0.0736231,0.0589803,0.0501493,0.0442589,0.0369822
2633.3,0.0949745,0.0891387,0.0866925,0.0735448,0.0589311,0.0500522,0.0442401,0.0369771
2634.27,0.0949915,0.0891669,0.0866828,0.0735313,0.0589152,0.0501203,0.0442822,0.0369726
2635.23,0.0949769,0.0892463,0.0866908,0.0734876,0.058857,0.0502277,0.0443011,0.036928
2636.19,0.0949217,0.0892311,0.0866643,0.07339,0.0587334,0.0502311,0.0442395,0.0368691
2637.16,0.0949053,0.0891517,0.0866464,0.0733136,0.0586197,0.0501705,0.0441443,0.0368737
2638.12,0.0949628,0.0891262,0.086671,0.0732967,0.0585938,0.0501357,0.0440821,0.0369384
2639.09,0.0950345,0.0891566,0.0866936,0.0733029,0.0586281,0.0501352,0.0440628,0.0369814
2640.05,0.0950646,0.0891803,0.0866665,0.073299,0.0586364,0.0501403,0.0440528,0.0369628
2641.02,0.0950548,0.0891705,0.0865946,0.073277,0.0585885,0.0501089,0.0440151,0.0369072
2641.98,0.0950357,0.089121,0.0864979,0.0732373,0.0585193,0.0500099,0.0439449,0.0368429
2642.94,0.0950319,0.0890507,0.0864083,0.0731964,0.0584761,0.0498862,0.0438871,0.036791
2643.91,0.095046,0.0890161,0.0863732,0.0731567,0.0584772,0.049811,0.0438855,0.0367717
2644.87,0.0950589,0.0890396,0.0863814,0.0730921,0.0584844,0.0497903,0.0439012,0.036778
2645.84,0.0950594,0.0890689,0.0863791,0.0730181,0.0584565,0.0497917,0.0438679,0.0367899
2646.8,0.0950854,0.0890618,0.0863732,0.0729929,0.0584165,0.0498077,0.0438267,0.0368054
2647.77,0.0951625,0.0890453,0.0863846,0.0730164,0.0583937,0.0498142,0.0438609,0.0368184
2648.73,0.0952356,0.0890408,0.0863732,0.0730267,0.0583719,0.0497726,0.0439397,0.0368186
2649.69,0.0952666,0.089014,0.0863102,0.0729925,0.0583278,0.049705,0.0439665,0.036807
2650.66,0.0952903,0.0889523,0.0862325,0.07293,0.0582521,0.0496591,0.0439021,0.0367754
2651.62,0.0953343,0.088905,0.0862051,0.0728652,0.0581734,0.0496339,0.0437827,0.0367171
2652.59,0.0953895,0.0888874,0.0862494,0.0728116,0.0581558,0.0496009,0.0436826,0.0366444
2653.55,0.0954383,0.0888497,0.0862955,0.0727725,0.0581955,0.0495525,0.0436556,0.0365712
2654.52,0.0954766,0.0887863,0.0862768,0.072752,0.0581991,0.0495116,0.043686,0.0365239
2655.48,0.0955226,0.0887422,0.0862284,0.0727428,0.0581256,0.0495067,0.0437135,0.0365288
2656.44,0.095581,0.088719,0.0862032,0.0727229,0.0580457,0.0495323,0.0437076,0.0365595
2657.41,0.0956217,0.0887033,0.0861932,0.0726913,0.0580238,0.0495549,0.0436931,0.0365735
2658.37,0.095628,0.0887159,0.0861667,0.0726631,0.058041,0.0495603,0.0436901,0.0365757
2659.34,0.0956331,0.0887604,0.0861124,0.0726407,0.0580575,0.0495669,0.0436865,0.0365925
2660.3,0.0956726,0.0888108,0.0860568,0.0726199,0.0580594,0.0495841,0.043677,0.0366247
2661.26,0.0957232,0.0888553,0.0860339,0.0725985,0.0580423,0.0495824,0.0436733,0.0366463
2662.23,0.0957464,0.0888888,0.0860343,0.0725713,0.0580051,0.0495329,0.0436819,0.0366436
2663.19,0.09575,0.0888751,0.0860241,0.0725311,0.0579483,0.0494546,0.0436937,0.0366263
2664.16,0.0957649,0.0887809,0.0859951,0.0724687,0.0578723,0.0493953,0.0436902,0.0365985
2665.12,0.0958035,0.0886537,0.0859595,0.0723889,0.0577993,0.0493841,0.043663,0.0365705
2666.09,0.0958404,0.0885703,0.085916,0.0723192,0.0577564,0.0493953,0.04361,0.0365529
2667.05,0.0958312,0.08852,0.0858456,0.072281,0.0577333,0.0493691,0.0435308,0.0365232
2668.01,0.0957701,0.0884534,0.0857414,0.0722648,0.0577048,0.0492898,0.0434518,0.0364682
2668.98,0.0957114,0.0883913,0.0856303,0.0722411,0.0576764,0.0492068,0.0434145,0.0364282
2669.94,0.0957046,0.0883661,0.0855384,0.0721805,0.057661,0.0491596,0.0434151,0.0364367
2670.91,0.0957121,0.0883307,0.085448,0.0720638,0.0576282,0.0491201,0.0433951,0.0364448
2671.87,0.0956689,0.0882361,0.0853327,0.0719028,0.057536,0.0490468,0.0433153,0.0363741
2672.84,0.0956092,0.0881274,0.0852102,0.0717681,0.0574098,0.0489724,0.0432149,0.0362497
2673.8,0.0956016,0.0880565,0.0851135,0.0717222,0.0573187,0.0489536,0.0431544,0.036169
2674.76,0.0956235,0.0879836,0.0850347,0.0717029,0.0572657,0.0489538,0.0431194,0.036143
2675.73,0.0956411,0.0878744,0.084951,0.0716106,0.0572082,0.0489013,0.0430709,0.0361191
2676.69,0.095696,0.0877943,0.084904,0.0714937,0.0571658,0.0488231,0.0430461,0.0361134
2677.66,0.0958052,0.087795,0.0849402,0.0714527,0.0571627,0.0487934,0.0430918,0.0361697
2678.62,0.0958996,0.087812,0.0849761,0.0714364,0.0571386,0.0488097,0.0431459,0.0362444
2679.59,0.0959457,0.0877801,0.0849081,0.0713477,0.0570663,0.0488293,0.0431201,0.0362608
2680.55,0.0960215,0.0877458,0.0848042,0.0712421,0.057033,0.0488516,0.0430555,0.0362396
2681.51,0.0961974,0.0877711,0.0847863,0.0712254,0.0570858,0.0488852,0.0430528,0.0362633
2682.48,0.0964195,0.087826,0.0848294,0.0712623,0.0571377,0.0489057,0.0431012,0.0363316
2683.44,0.0965832,0.087855,0.0848371,0.0712535,0.0571017,0.0488932,0.043117,0.0363727
2684.41,0.0966792,0.0878678,0.0848007,0.071201,0.0570095,0.048866,0.0430856,0.0363751
2685.37,0.0967756,0.0878883,0.0847669,0.071151,0.0569392,0.0488375,0.0430493,0.0363732
2686.33,0.0968926,0.0878831,0.084727,0.0710836,0.0568993,0.0487792,0.0430154,0.0363473
2687.3,0.0970115,0.0878306,0.0846464,0.0709816,0.0568516,0.0486825,0.042964,0.0362673
2688.26,0.0971559,0.087778,0.0845415,0.070892,0.0567879,0.0485911,0.0429111,0.0361775
2689.23,0.0973439,0.08775,0.0844446,0.0708316,0.0567163,0.0485264,0.0428821,0.0361303
2690.19,0.097518,0.0877182,0.0843656,0.0707468,0.0566201,0.0484598,0.0428499,0.0361082
2691.16,0.0976249,0.0876841,0.0843159,0.0706121,0.0564823,0.0483759,0.042786,0.0360794
2692.12,0.0977244,0.0876799,0.0843101,0.0704747,0.0563435,0.0483001,0.042722,0.036063
2693.08,0.097917,0.0877117,0.084343,0.0703921,0.0562785,0.0482589,0.0426942,0.0360923
2694.05,0.0981952,0.0877519,0.0843769,0.0703655,0.0562868,0.0482519,0.0426861,0.0361398
2695.01,0.0984705,0.087777,0.0843777,0.0703361,0.0562832,0.0482607,0.0426668,0.0361382
2695.98,0.0986934,0.087791,0.0843609,0.0702518,0.0562126,0.0482587,0.0426301,0.0360771
2696.94,0.0988753,0.0877944,0.0843483,0.0701112,0.0560947,0.0482137,0.0425777,0.0360044
2697.91,0.0990691,0.0877883,0.0843298,0.0699472,0.0559844,0.0481232,0.0425177,0.0359596
2698.87,0.0993272,0.0878153,0.0843085,0.0698207,0.055933,0.0480377,0.0424635,0.0359479
2699.83,0.099629,0.0879065,0.0843106,0.0697757,0.055927,0.0479986,0.0424131,0.0359284
2700.8,0.0999121,0.0880217,0.0843412,0.0697714,0.0558891,0.0479738,0.0423549,0.0358647
2701.76,0.10017,0.0880998,0.0843746,0.0697308,0.0557835,0.0479122,0.0422863,0.0357953
2702.73,0.100428,0.088117,0.0843753,0.0696386,0.055651,0.047813,0.042217,0.0357654
2703.69,0.100682,0.0880978,0.0843275,0.0695342,0.0555383,0.0477046,0.0421601,0.035747
2704.65,0.100931,0.0880976,0.0842565,0.06944,0.0554538,0.0476029,0.0421161,0.0357076
2705.62,0.101212,0.088142,0.0842047,0.069337,0.0553752,0.0475144,0.0420777,0.0356654
2706.58,0.101544,0.0882054,0.0841793,0.0692182,0.055278,0.0474461,0.0420424,0.0356357
2707.55,0.101883,0.0882842,0.0841574,0.0691214,0.0551743,0.0473991,0.0420067,0.0356073
2708.51,0.102189,0.0884132,0.084152,0.0690799,0.0551089,0.0473775,0.0419778,0.0355789
2709.48,0.102472,0.0885822,0.084207,0.0690824,0.0550904,0.0473826,0.0419723,0.0355661
2710.44,0.102758,0.0887158,0.0843038,0.0690823,0.0550571,0.0473708,0.0419634,0.035564
2711.4,0.103058,0.0887644,0.0843737,0.0690309,0.0549596,0.0472915,0.0418971,0.0355386
2712.37,0.103358,0.0887732,0.0844043,0.0689146,0.0548305,0.0471636,0.0417893,0.0354814
2713.33,0.103624,0.0888136,0.0844308,0.0687725,0.05472,0.0470307,0.0417034,0.0354272
2714.3,0.103874,0.0888899,0.084462,0.0686666,0.05464,0.0469139,0.0416457,0.0353982
2715.26,0.104181,0.08897,0.0844871,0.068617,0.0545943,0.0468384,0.041591,0.0353781
2716.23,0.10456,0.0890495,0.0845136,0.0685865,0.0545743,0.0468115,0.0415554,0.0353389
2717.19,0.104929,0.0891452,0.0845593,0.068548,0.0545409,0.0468038,0.0415515,0.0352722
2718.15,0.105223,0.0892675,0.0846257,0.0685124,0.0544668,0.0467982,0.0415457,0.0352023
2719.12,0.105444,0.0894039,0.0846785,0.0684759,0.0543515,0.0467898,0.0415072,0.0351513
2720.08,0.105645,0.0895269,0.0846862,0.0684048,0.0542048,0.0467488,0.0414363,0.0351101
2721.05,0.10591,0.0896529,0.0847031,0.0683129,0.0540787,0.0466654,0.0413577,0.0350818
2722.01,0.106293,0.0898346,0.084821,0.0682758,0.0540443,0.046581,0.0413105,0.035089
2722.98,0.106717,0.0900393,0.0849968,0.0682971,0.0540656,0.0465071,0.0412853,0.0351037
2723.94,0.10706,0.0901721,0.0850955,0.0682869,0.0540357,0.0464181,0.0412309,0.035075
2724.9,0.107365,0.0902608,0.0851326,0.0682453,0.0539688,0.0463524,0.0411668,0.0350337
2725.87,0.107778,0.0904312,0.0852604,0.0682755,0.053962,0.0463681,0.041168,0.0350459
2726.83,0.108296,0.0907083,0.0855057,0.0683931,0.0540085,0.0464286,0.0412336,0.0351025
2727.8,0.10878,0.0910046,0.0857397,0.0685091,0.0540364,0.046472,0.0412858,0.0351466
2728.76,0.109165,0.0912551,0.0858928,0.0685709,0.0540354,0.0464992,0.0412884,0.0351406
2729.72,0.109515,0.0914698,0.0860126,0.0685953,0.0540313,0.0465074,0.0412826,0.035089
2730.69,0.109905,0.0916936,0.0861467,0.0686183,0.0540353,0.0464708,0.0413003,0.035046
2731.65,0.110346,0.091934,0.086293,0.068663,0.0540474,0.0464184,0.0413082,0.0350467
2732.62,0.110795,0.0921413,0.0864316,0.0687055,0.0540508,0.0463917,0.0412673,0.0350498
2733.58,0.111202,0.0922981,0.0865519,0.0686945,0.0540233,0.0463652,0.041202,0.0350162
2734.55,0.111547,0.0924495,0.0866635,0.0686446,0.0539703,0.0463249,0.0411649,0.0349795
2735.51,0.111876,0.0926263,0.0868072,0.0686416,0.0539231,0.0463263,0.0411709,0.0349969
2736.47,0.112273,0.0928492,0.087033,0.0687338,0.0539193,0.0464047,0.0412133,0.0350804
2737.44,0.112758,0.0931384,0.0873237,0.0688736,0.0539684,0.0465127,0.0412758,0.0351776
2738.4,0.113256,0.0934482,0.0875893,0.068975,0.0540226,0.0465759,0.0413022,0.035224
2739.37,0.113725,0.0937138,0.0877869,0.0690266,0.054038,0.046574,0.0412618,0.0352228
2740.33,0.114187,0.0939494,0.0879685,0.0691003,0.0540394,0.0465473,0.0412178,0.0352212
2741.3,0.114662,0.0942146,0.0881942,0.0692279,0.0540741,0.0465457,0.0412446,0.0352364
2742.26,0.115145,0.0945253,0.0884647,0.0693628,0.0541412,0.0465801,0.0413371,0.0352585
2743.22,0.115618,0.0948342,0.0887346,0.0694625,0.0541895,0.0466196,0.0414205,0.0352782
2744.19,0.116062,0.0950989,0.0889557,0.0695275,0.0541847,0.0466359,0.0414298,0.0352905
2745.15,0.11649,0.0953344,0.0891018,0.0695743,0.0541485,0.0466319,0.0413811,0.0353034
2746.12,0.116928,0.095586,0.0892138,0.0696311,0.0541325,0.0466361,0.0413402,0.0353257
2747.08,0.117391,0.0958753,0.0894083,0.0697382,0.0541789,0.0466833,0.0413433,0.0353539
2748.05,0.117864,0.0961809,0.0897312,0.0699037,0.0542867,0.0467722,0.0413904,0.0353945
2749.01,0.118349,0.0965015,0.0901066,0.0701119,0.0544308,0.0468847,0.0414898,0.035475
2749.97,0.118897,0.0968863,0.0904852,0.0703664,0.0546064,0.0470369,0.0416508,0.0355963
2750.94,0.119515,0.0973358,0.0908529,0.070639,0.0547922,0.047218,0.0418296,0.0356994
2751.9,0.120106,0.0977768,0.0911594,0.0708623,0.0549313,0.0473554,0.0419536,0.0357425
2752.87,0.1206,0.098149,0.0913761,0.0710037,0.0549965,0.047411,0.0419956,0.0357615
2753.83,0.121011,0.0984389,0.09153,0.071065,0.0550142,0.0474127,0.0419897,0.0357834
2754.79,0.121389,0.0986802,0.0916899,0.0711019,0.0550479,0.0474172,0.0420074,0.0358011
2755.76,0.121783,0.098931,0.0919349,0.0712311,0.0551564,0.0474797,0.0420901,0.0358476
2756.72,0.122196,0.0992093,0.0922648,0.0714755,0.0553104,0.0475841,0.0421992,0.0359395
2757.69,0.122599,0.0994889,0.0926078,0.0717256,0.0554333,0.0476665,0.0422978,0.0360301
2758.65,0.122997,0.0997631,0.0929265,0.071921,0.0555308,0.0477382,0.0424098,0.0361112
2759.62,0.123429,0.100065,0.0932287,0.0720898,0.0556547,0.0478593,0.0425389,0.0362134
2760.58,0.123893,0.100419,0.0935179,0.0722467,0.0557916,0.0480206,0.0426429,0.0363179
2761.54,0.124351,0.100812,0.0937924,0.072395,0.0558942,0.0481647,0.042706,0.0363853
2762.51,0.124784,0.101187,0.0940637,0.0725481,0.0559637,0.0482747,0.0427509,0.0364263
2763.47,0.125199,0.10149,0.0943507,0.0727087,0.0560478,0.0483692,0.0428096,0.0364895
2764.44,0.125598,0.101737,0.0946517,0.0728793,0.0561761,0.0484574,0.0429083,0.0365882
2765.4,0.125986,0.101977,0.0949385,0.0730641,0.0563205,0.048546,0.0430475,0.0366847
2766.37,0.126387,0.102244,0.0952099,0.0732544,0.0564398,0.0486421,0.0431971,0.0367673
2767.33,0.126803,0.102545,0.0954968,0.0734434,0.0565335,0.0487427,0.0433144,0.0368623
2768.29,0.127213,0.102869,0.0957895,0.0736457,0.0566251,0.0488651,0.0433799,0.0369736
2769.26,0.127614,0.103199,0.0960506,0.0738653,0.0567186,0.0490291,0.0434259,0.0370824
2770.22,0.128001,0.103524,0.0962756,0.0740545,0.0567948,0.0491849,0.0434968,0.0371653
2771.19,0.128362,0.103819,0.0964722,0.0741683,0.0568537,0.049264,0.0435951,0.0372122
2772.15,0.128734,0.104083,0.0966412,0.074246,0.0569226,0.04929,0.0436936,0.0372502
2773.12,0.129144,0.104361,0.0968094,0.07437,0.0570089,0.0493447,0.043777,0.0373124
2774.08,0.129574,0.104707,0.0970452,0.074581,0.0571227,0.0494824,0.0438823,0.0374209
2775.04,0.13006,0.105146,0.0974201,0.0748763,0.0573207,0.0497223,0.044076,0.0376046
2776.01,0.130655,0.105658,0.0979177,0.075222,0.0576169,0.050027,0.0443427,0.037849
2776.97,0.131287,0.106167,0.0984193,0.0755528,0.057916,0.0502978,0.0445806,0.0380718
2777.94,0.131838,0.106584,0.0988312,0.0758207,0.058121,0.0504781,0.044736,0.0382193
2778.9,0.132284,0.106906,0.09916,0.0760349,0.0582461,0.0506172,0.0448484,0.0383275
2779.86,0.13268,0.107192,0.0994453,0.0762294,0.0583762,0.0507843,0.0449709,0.0384442
2780.83,0.133091,0.107462,0.0997121,0.0764193,0.0585404,0.0509781,0.0451144,0.0385506
2781.79,0.133551,0.107711,0.0999914,0.0765978,0.0586934,0.0511578,0.0452731,0.0386255
2782.76,0.134048,0.107977,0.100298,0.0767625,0.0588127,0.0513104,0.0454478,0.0387126
2783.72,0.134549,0.108293,0.100622,0.0769334,0.0589252,0.0514446,0.0456284,0.0388501
2784.69,0.135045,0.108649,0.100964,0.0771279,0.0590423,0.0515688,0.0457919,0.0390118
2785.65,0.135531,0.108996,0.101314,0.077325,0.0591437,0.0517036,0.0459188,0.0391498
2786.61,0.135987,0.10928,0.101611,0.0775002,0.0592334,0.0518662,0.046008,0.0392495
2787.58,0.13642,0.10954,0.101836,0.0776929,0.0593615,0.052054,0.0461036,0.0393494
2788.54,0.136895,0.109885,0.102084,0.077967,0.0595691,0.0522806,0.0462791,0.0395144
2789.51,0.137432,0.11035,0.10244,0.0783002,0.0598264,0.0525552,0.0465567,0.0397555
2790.47,0.137949,0.110845,0.102862,0.0786185,0.0600604,0.0528419,0.0468843,0.0400233
2791.44,0.138413,0.111296,0.103273,0.0789226,0.0602599,0.0531146,0.0472066,0.0402965
2792.4,0.138886,0.111703,0.10363,0.0792269,0.0604665,0.0533733,0.0474888,0.040567
2793.36,0.139352,0.112052,0.103912,0.0794631,0.0606483,0.0535949,0.047684,0.0407659
2794.33,0.139724,0.112327,0.104144,0.0796114,0.0607499,0.0537726,0.0477861,0.0408534
2795.29,0.140062,0.112578,0.104408,0.0797759,0.0608435,0.0539631,0.0478988,0.0409294
2796.26,0.140496,0.112875,0.104749,0.080009,0.0610236,0.0542277,0.0481347,0.0411201
2797.22,0.141019,0.113238,0.105147,0.0802626,0.0612643,0.0545869,0.0484994,0.0414345
2798.18,0.141586,0.113675,0.105593,0.0805408,0.0615253,0.0550337,0.048941,0.0418074
2799.15,0.14218,0.114167,0.106073,0.0808724,0.0618019,0.0555076,0.049384,0.0421731
2800.11,0.142732,0.114628,0.106513,0.0812011,0.062047,0.0559189,0.0497483,0.0424884
2801.08,0.14319,0.114988,0.106856,0.0814696,0.0622284,0.0562633,0.0500405,0.0427721
2802.04,0.143601,0.115268,0.107125,0.0817009,0.0624005,0.0566204,0.0503333,0.0430745
2803.01,0.144036,0.115563,0.107399,0.0819466,0.0626199,0.0570225,0.0506698,0.0434061
2803.97,0.144499,0.115926,0.10772,0.0822167,0.0628585,0.0574259,0.0510574,0.0437408
2804.93,0.144944,0.116305,0.108058,0.0824659,0.0630565,0.0578037,0.051472,0.0440581
2805.9,0.145361,0.116638,0.108373,0.0826662,0.0632198,0.0581876,0.0518819,0.0443807
2806.86,0.145783,0.116936,0.108672,0.0828411,0.0633897,0.0586084,0.0522889,0.0447475
2807.83,0.146194,0.117219,0.108969,0.0830214,0.0635661,0.0590522,0.0526979,0.0451433
2808.79,0.146586,0.117523,0.109288,0.0832616,0.0637705,0.0595189,0.053118,0.0455355
2809.76,0.147032,0.117924,0.109675,0.0836099,0.0640631,0.0600532,0.0535868,0.0459446
2810.72,0.147522,0.118384,0.110101,0.0839952,0.0643966,0.0606377,0.0540893,0.0463885
2811.68,0.147948,0.118764,0.11046,0.0842998,0.0646452,0.0611827,0.054555,0.0468452
2812.65,0.148325,0.119055,0.110751,0.0845183,0.0648096,0.0616841,0.0549838,0.0473219
2813.61,0.14874,0.119359,0.111076,0.0847204,0.0649845,0.0622161,0.0554325,0.0478388
2814.58,0.14917,0.119691,0.111444,0.0849575,0.065195,0.0627828,0.0559131,0.0483529
2815.54,0.149573,0.120002,0.11178,0.0852369,0.0654145,0.0633248,0.0563984,0.0488127
2816.51,0.149966,0.120293,0.11207,0.085515,0.0656262,0.0638043,0.0568575,0.0492169
2817.47,0.150344,0.120586,0.11235,0.085753,0.0658124,0.0642293,0.0572773,0.0495814
2818.43,0.150689,0.120872,0.112634,0.0859611,0.0659723,0.064661,0.057695,0.0499459
2819.4,0.15104,0.121163,0.112919,0.0861642,0.066133,0.0651449,0.0581488,0.05035
2820.36,0.15143,0.121466,0.113198,0.0863706,0.0663128,0.0656144,0.0585922,0.0507374
2821.33,0.151814,0.12174,0.113456,0.086553,0.0664953,0.0659605,0.058942,0.051007
2822.29,0.15216,0.121991,0.113701,0.0866983,0.0666598,0.0661861,0.0591924,0.0511703
2823.25,0.152506,0.122276,0.113961,0.0868788,0.0668182,0.0663956,0.0594088,0.0513376
2824.22,0.152872,0.12259,0.11425,0.087141,0.0669822,0.0666394,0.0596345,0.0515567
2825.18,0.153235,0.122878,0.114534,0.0874061,0.0671324,0.0668551,0.0598459,0.0517574
2826.15,0.153588,0.123127,0.114752,0.087602,0.0672586,0.0669858,0.0599921,0.0518654
2827.11,0.153915,0.123346,0.114904,0.0877319,0.06736,0.0670476,0.0600452,0.0518883
2828.08,0.154188,0.123527,0.115051,0.0877999,0.0674189,0.0670604,0.0600173,0.0518801
2829.04,0.154439,0.123701,0.115228,0.0878386,0.0674582,0.0670197,0.0599627,0.0518927
2830.0,0.154705,0.123924,0.11543,0.0879218,0.0675449,0.0669424,0.0599355,0.0519286
2830.97,0.154975,0.124184,0.115641,0.0880522,0.0676793,0.0668546,0.0599083,0.0519093
2831.93,0.155227,0.124395,0.11581,0.0881553,0.0677756,0.0667282,0.0597875,0.0517602
2832.9,0.155447,0.124529,0.115902,0.0882009,0.0677848,0.0665304,0.0595708,0.0515322
2833.86,0.155663,0.124668,0.115985,0.0882433,0.067767,0.0662987,0.0593616,0.0513374
2834.83,0.155939,0.124881,0.116129,0.0883366,0.0677917,0.0660686,0.0591694,0.0511831
2835.79,0.156273,0.125137,0.11631,0.0884681,0.0678447,0.0658935,0.0589765,0.0510541
2836.75,0.156594,0.125389,0.116487,0.0886091,0.0679092,0.0659682,0.0589751,0.051088
2837.72,0.156875,0.125654,0.116687,0.0887673,0.0680224,0.0664005,0.0593227,0.0513887
2838.68,0.157147,0.125956,0.116971,0.0889652,0.0682106,0.0669795,0.0598459,0.0518271
2839.65,0.157453,0.126288,0.117386,0.089243,0.0684881,0.0676529,0.0604917,0.0523985
2840.61,0.157815,0.126643,0.117946,0.0896592,0.0688868,0.0689254,0.0617128,0.0535139
2841.58,0.158202,0.127021,0.118602,0.0902216,0.0694058,0.0712097,0.0638549,0.05549
2842.54,0.158544,0.127407,0.119239,0.0908313,0.0699558,0.0739786,0.0663843,0.0578587
2843.5,0.158827,0.127755,0.119688,0.0913007,0.070355,0.0758538,0.068014,0.059418
2844.47,0.159078,0.128002,0.119821,0.0914703,0.0704343,0.075727,0.0677711,0.0592076
2845.43,0.159323,0.128124,0.119688,0.0913478,0.0702102,0.0738783,0.0659787,0.0574955
2846.4,0.159583,0.128197,0.119499,0.0911097,0.0698919,0.0716003,0.0638383,0.0554297
2847.36,0.159866,0.128383,0.11947,0.0909718,0.069687,0.0698722,0.0622164,0.0538655
2848.32,0.160145,0.12877,0.119664,0.0910334,0.0696584,0.0688573,0.0612481,0.0529455
2849.29,0.160413,0.129272,0.119971,0.0912388,0.069774,0.0683589,0.0607866,0.0525128
2850.25,0.160724,0.129755,0.120274,0.0915028,0.0699979,0.0682766,0.0607528,0.0524699
2851.22,0.161085,0.130153,0.120564,0.0917814,0.0702697,0.0685712,0.0610515,0.0527392
2852.18,0.161413,0.130442,0.120879,0.0920498,0.0705181,0.0691281,0.0615369,0.0532213
2853.15,0.161646,0.130635,0.121219,0.0923148,0.0707531,0.0698589,0.0621787,0.0538779
2854.11,0.161818,0.13079,0.121553,0.0925889,0.0710235,0.0707262,0.0629914,0.0546566
2855.07,0.161991,0.130966,0.121883,0.0928612,0.0713176,0.0716814,0.0638981,0.0554634
2856.04,0.162199,0.131178,0.122244,0.0931415,0.0716021,0.0726717,0.0648238,0.0562801
2857.0,0.162432,0.131414,0.122617,0.0934341,0.0718689,0.0736034,0.0657338,0.0571146
2857.97,0.162645,0.131639,0.122944,0.0937028,0.07211,0.0744139,0.0665898,0.0579233
2858.93,0.162822,0.131857,0.123241,0.0939701,0.0723481,0.0751923,0.0673904,0.0586956
2859.9,0.163002,0.132124,0.123573,0.0943163,0.0726365,0.076013,0.0681605,0.0594498
2860.86,0.163211,0.13245,0.123925,0.0947159,0.0729695,0.0767929,0.0688855,0.0601518
2861.82,0.163436,0.132775,0.124256,0.0950516,0.0732992,0.0774587,0.0695429,0.0607815
2862.79,0.163664,0.133056,0.124581,0.0952962,0.0736079,0.0780255,0.0701236,0.0613464
2863.75,0.163864,0.133291,0.124899,0.0955145,0.073873,0.0784776,0.0705686,0.0617742
2864.72,0.164023,0.133487,0.125165,0.0957356,0.074061,0.0787547,0.0707993,0.0619923
2865.68,0.164206,0.133689,0.125388,0.0959662,0.0742004,0.0788508,0.0708484,0.0620679
2866.64,0.164448,0.133962,0.12563,0.0962277,0.0743623,0.078871,0.0708679,0.0621213
2867.61,0.164666,0.134296,0.125901,0.0964902,0.0745539,0.078917,0.0709552,0.0621708
2868.57,0.164813,0.134609,0.12615,0.0966995,0.0747278,0.0789249,0.0710354,0.0621581
2869.54,0.164977,0.134854,0.126355,0.0968719,0.074875,0.0788264,0.0710192,0.0621072
2870.5,0.165204,0.135061,0.126539,0.0970453,0.0750044,0.0787175,0.0709508,0.0621012
2871.47,0.16539,0.135258,0.126719,0.0972023,0.0751075,0.0786306,0.0708633,0.0620781
2872.43,0.165464,0.135451,0.126915,0.097336,0.0752193,0.0785024,0.0707433,0.0619552
2873.39,0.165531,0.135665,0.12718,0.0975223,0.0754095,0.0784378,0.0706967,0.0618897
2874.36,0.165713,0.135926,0.127523,0.0978215,0.0756721,0.0785161,0.0707675,0.0619877
2875.32,0.165977,0.136233,0.127839,0.0981666,0.0759168,0.0785345,0.070749,0.0620302
2876.29,0.16621,0.136552,0.128047,0.0984474,0.0760972,0.0783475,0.0705298,0.0618708
2877.25,0.166366,0.136831,0.128185,0.0986318,0.0762545,0.0780596,0.0702425,0.0616393
2878.22,0.166485,0.137041,0.128309,0.0987683,0.076413,0.0778136,0.0700098,0.0614698
2879.18,0.166611,0.137214,0.128445,0.0989421,0.0765542,0.0777502,0.0699471,0.0614591
2880.14,0.166744,0.137401,0.128637,0.0991828,0.0766918,0.0778742,0.0700857,0.0615985
2881.11,0.166848,0.137611,0.128878,0.0994185,0.0768554,0.0778959,0.0701714,0.0616211
2882.07,0.166905,0.137822,0.129095,0.0995959,0.0770297,0.0776232,0.0699933,0.0613434
2883.04,0.166949,0.138009,0.129273,0.0997428,0.0771873,0.0772489,0.0696897,0.0609455
2884.0,0.16703,0.138189,0.129471,0.0998962,0.0773509,0.0770641,0.0695188,0.0607156
2884.97,0.167143,0.138391,0.129714,0.100079,0.0775567,0.0772401,0.0696492,0.0608385
2885.93,0.167256,0.138605,0.129987,0.100295,0.077788,0.0777161,0.0700315,0.0612793
2886.89,0.16736,0.138787,0.130253,0.100513,0.0779972,0.0780949,0.0703231,0.0616868
2887.86,0.16744,0.138932,0.130449,0.100716,0.0781548,0.0780455,0.0702685,0.0617462
2888.82,0.167475,0.13909,0.130565,0.100898,0.0782826,0.0777777,0.0700712,0.0615988
2889.79,0.167488,0.139291,0.130695,0.101057,0.0784689,0.0778095,0.070164,0.0616746
2890.75,0.16751,0.139487,0.130929,0.101258,0.0787839,0.0784726,0.0708246,0.0622835
2891.71,0.167547,0.139604,0.131223,0.101563,0.079153,0.0795734,0.0718748,0.0632636
2892.68,0.167615,0.139651,0.131446,0.101868,0.0794099,0.0804008,0.0726446,0.0639607
2893.64,0.167717,0.139714,0.13154,0.102051,0.0795077,0.0805034,0.0727094,0.0639829
2894.61,0.167799,0.139841,0.131564,0.10216,0.0795695,0.0802419,0.0724388,0.0637155
2895.57,0.167798,0.14,0.131609,0.102308,0.0797103,0.0801744,0.0723809,0.0637001
2896.54,0.167719,0.140142,0.131725,0.102522,0.0799253,0.0804753,0.0726662,0.0640574
2897.5,0.16765,0.140272,0.131915,0.102789,0.0801732,0.081076,0.0731904,0.0646487
2898.46,0.167657,0.140436,0.132154,0.103085,0.0804487,0.0818115,0.0738395,0.0652899
2899.43,0.167683,0.140639,0.132421,0.103363,0.0807449,0.0825364,0.0745393,0.0658792
2900.39,0.167643,0.140838,0.132712,0.103631,0.0810519,0.0833218,0.0753336,0.0665247
2901.36,0.167567,0.141,0.132981,0.103922,0.0813542,0.0841811,0.0761807,0.0672662
2902.32,0.167529,0.141086,0.13313,0.104176,0.0815815,0.0847617,0.0767481,0.067811
2903.29,0.167537,0.14108,0.133166,0.104334,0.0817133,0.084903,0.0768961,0.0680185
2904.25,0.167561,0.141075,0.133237,0.104481,0.0818656,0.0850266,0.0770096,0.0682147
2905.21,0.167597,0.141179,0.133432,0.104718,0.0821203,0.085527,0.077456,0.0686953
2906.18,0.167625,0.141389,0.133703,0.105031,0.0824385,0.0863937,0.0782536,0.0694626
2907.14,0.16763,0.141627,0.133979,0.105366,0.0827718,0.0874589,0.0792717,0.0703952
2908.11,0.167632,0.141828,0.134217,0.105677,0.0830932,0.0884726,0.0802366,0.0712437
2909.07,0.167643,0.141989,0.134407,0.105917,0.0833894,0.0891488,0.0808231,0.071745
2910.04,0.167653,0.142153,0.134573,0.106101,0.0836756,0.089468,0.0810381,0.0719381
2911.0,0.167656,0.142367,0.13474,0.1063,0.0839528,0.0897382,0.0812207,0.0721268
2911.96,0.167661,0.142626,0.134949,0.106555,0.0841969,0.0902751,0.0816567,0.0725468
2912.93,0.167682,0.142844,0.135224,0.106859,0.0844153,0.0911118,0.0823649,0.073197
2913.89,0.167726,0.142977,0.135515,0.107186,0.0846614,0.0919888,0.0831439,0.0739004
2914.86,0.167777,0.143104,0.135766,0.107487,0.0849708,0.0926807,0.0838151,0.0745099
2915.82,0.167799,0.143283,0.136008,0.107767,0.0853255,0.0932923,0.0844521,0.0750985
2916.78,0.16779,0.143447,0.136316,0.108129,0.0857277,0.0941811,0.0853596,0.0759351
2917.75,0.167773,0.143584,0.136706,0.108634,0.0862379,0.0956497,0.086795,0.0772376
2918.71,0.16775,0.143784,0.137102,0.109154,0.0868441,0.0975089,0.0885307,0.078822
2919.68,0.167713,0.144051,0.137418,0.109511,0.0873934,0.09907,0.0899156,0.0801426
2920.64,0.167692,0.144268,0.137656,0.109717,0.0877752,0.0999744,0.0906852,0.0809448
2921.61,0.167705,0.144383,0.137848,0.109908,0.0880531,0.10057,0.0912155,0.0815146
2922.57,0.167713,0.144447,0.137973,0.110145,0.0883016,0.101099,0.091715,0.0820148
2923.53,0.167677,0.144499,0.138009,0.110371,0.0884686,0.101217,0.0918149,0.0821256
2924.5,0.167592,0.144536,0.137991,0.110486,0.0885162,0.100636,0.0912391,0.08163
2925.46,0.167476,0.144534,0.137979,0.110477,0.0885296,0.0996347,0.0903144,0.0808233
2926.43,0.167347,0.144502,0.137994,0.110458,0.0886024,0.0987838,0.0896251,0.0802062
2927.39,0.167189,0.144498,0.138021,0.110535,0.0887469,0.0984949,0.0895068,0.0800992
2928.36,0.166983,0.144524,0.138049,0.110661,0.0889283,0.0986584,0.0897865,0.0803828
2929.32,0.166763,0.144513,0.138067,0.110745,0.0891168,0.0988147,0.0900139,0.0806332
2930.28,0.166574,0.14446,0.138081,0.110837,0.0893352,0.0988978,0.0901515,0.0807907
2931.25,0.166419,0.144437,0.138142,0.111059,0.0896527,0.0993057,0.0906109,0.081263
2932.21,0.166286,0.144448,0.138311,0.111413,0.0900883,0.100223,0.0915612,0.0822452
2933.18,0.16614,0.144423,0.13854,0.111774,0.0905489,0.101429,0.0927652,0.083492
2934.14,0.165951,0.144361,0.138699,0.112064,0.0909278,0.102613,0.0939625,0.084697
2935.11,0.165718,0.144312,0.138713,0.112302,0.091224,0.103594,0.0950235,0.0857236
2936.07,0.165467,0.144253,0.138642,0.112504,0.0914957,0.104312,0.0958338,0.0865143
2937.03,0.165219,0.144151,0.138595,0.112646,0.0917589,0.104753,0.0963088,0.0870324
2938.0,0.164956,0.144039,0.138586,0.112742,0.091987,0.105007,0.0965564,0.0873565
2938.96,0.164631,0.143927,0.138545,0.112822,0.0921565,0.105164,0.0967329,0.0875846
2939.93,0.164261,0.14378,0.138459,0.112878,0.0922795,0.105213,0.0968454,0.087726
2940.89,0.16391,0.143572,0.138367,0.112901,0.0924009,0.105236,0.0969502,0.0878605
2941.85,0.163593,0.143321,0.138253,0.112893,0.092534,0.105343,0.0971238,0.0880413
2942.82,0.163288,0.143118,0.138095,0.112873,0.0926478,0.105388,0.0972367,0.0881339
2943.78,0.162991,0.143027,0.137947,0.112883,0.092751,0.105273,0.0972205,0.0881314
2944.75,0.162698,0.142944,0.13784,0.112941,0.0928993,0.105212,0.0972654,0.0882499
2945.71,0.162401,0.142755,0.137744,0.113013,0.0931121,0.105409,0.0975194,0.0885796
2946.68,0.162141,0.142556,0.13768,0.11308,0.0933511,0.105838,0.097945,0.0890477
2947.64,0.161944,0.1425,0.1377,0.113191,0.0935812,0.106412,0.0984853,0.0896335
2948.6,0.16174,0.142541,0.137753,0.113357,0.0937917,0.107,0.0990341,0.0902518
2949.57,0.161446,0.142488,0.137718,0.113467,0.0939483,0.107365,0.0993722,0.0906596
2950.53,0.161072,0.142249,0.137563,0.113412,0.0940141,0.10742,0.0994435,0.0907956
2951.5,0.160725,0.141957,0.137374,0.11327,0.0940401,0.107324,0.0994054,0.0908312
2952.46,0.160502,0.141788,0.137229,0.113204,0.0941302,0.10719,0.0993575,0.0908496
2953.43,0.160405,0.141731,0.13712,0.113269,0.0943047,0.107033,0.0992989,0.0908296
2954.39,0.160357,0.141677,0.137016,0.11338,0.094474,0.10686,0.0991863,0.0907639
2955.35,0.160254,0.141591,0.136932,0.113461,0.0945761,0.106884,0.0991687,0.0908507
2956.32,0.160026,0.141477,0.136886,0.113536,0.094673,0.107471,0.0996324,0.0914662
2957.28,0.159684,0.141305,0.136822,0.113609,0.0948101,0.108292,0.10039,0.0923696
2958.25,0.159282,0.141038,0.136619,0.113553,0.0948882,0.108322,0.100564,0.0926323
2959.21,0.158851,0.140703,0.136277,0.113314,0.0948417,0.107411,0.0999516,0.0920407
2960.17,0.158421,0.140382,0.135975,0.113076,0.094796,0.106666,0.0994415,0.0915289
2961.14,0.15803,0.140136,0.135858,0.113037,0.0949034,0.106966,0.09981,0.0919048
2962.1,0.157674,0.139989,0.135885,0.113184,0.0951655,0.108091,0.100926,0.0930179
2963.07,0.157298,0.139913,0.135937,0.113382,0.0954668,0.109304,0.102152,0.0942206
2964.03,0.156867,0.139818,0.135922,0.113528,0.0957042,0.110236,0.103135,0.0951907
2965.0,0.156418,0.139631,0.135797,0.113612,0.0958809,0.111036,0.104009,0.0960804
2965.96,0.155989,0.13937,0.135604,0.113667,0.0960644,0.11185,0.104917,0.0970184
2966.92,0.155528,0.139064,0.135376,0.113632,0.0962293,0.112369,0.105531,0.0977211
2967.89,0.154977,0.13867,0.135033,0.113383,0.096258,0.112089,0.105326,0.0977291
2968.85,0.154378,0.138186,0.134549,0.112994,0.0961725,0.111238,0.104566,0.097223
2969.82,0.153804,0.137711,0.134089,0.112731,0.0961751,0.110893,0.104367,0.0971367
2970.78,0.153243,0.137281,0.133788,0.112677,0.0963675,0.111641,0.10526,0.097975
2971.75,0.152634,0.136819,0.133545,0.11267,0.096605,0.112867,0.106547,0.09918
2972.71,0.151962,0.136299,0.133188,0.112559,0.0966873,0.113603,0.107286,0.0999262
2973.67,0.151261,0.135781,0.132687,0.112327,0.0965756,0.113377,0.107109,0.0998831
2974.64,0.150572,0.135297,0.132157,0.112025,0.0963731,0.112362,0.106224,0.0992388
2975.6,0.149909,0.134809,0.13167,0.111684,0.096171,0.111213,0.105204,0.0984845
2976.57,0.149235,0.134265,0.131174,0.111289,0.095987,0.110524,0.104565,0.0980692
2977.53,0.148536,0.133677,0.130639,0.1109,0.0958482,0.110453,0.104509,0.0981812
2978.5,0.147896,0.133149,0.130164,0.110684,0.0958555,0.111066,0.105168,0.0989286
2979.46,0.147355,0.132742,0.12986,0.110717,0.0960779,0.112495,0.106615,0.100374
2980.42,0.146833,0.132405,0.129695,0.110835,0.0963963,0.11429,0.108358,0.102075
2981.39,0.146284,0.132066,0.129486,0.110769,0.0965421,0.115071,0.10916,0.102863
2982.35,0.145743,0.131705,0.129071,0.110408,0.0963761,0.113844,0.108169,0.101938
2983.32,0.145221,0.131322,0.128504,0.109908,0.0960643,0.111536,0.106208,0.100145
2984.28,0.14471,0.13091,0.127958,0.109478,0.0958479,0.109853,0.104797,0.0989639
2985.24,0.144213,0.130446,0.127492,0.109152,0.0957489,0.109184,0.104296,0.0986724
2986.21,0.143702,0.129943,0.127037,0.108863,0.095643,0.108831,0.104071,0.0985875
2987.17,0.143146,0.129449,0.126566,0.108597,0.0954957,0.108318,0.10367,0.0983036
2988.14,0.142576,0.128972,0.126099,0.108354,0.0953639,0.107607,0.103059,0.0978476
2989.1,0.142019,0.128485,0.125621,0.108095,0.0952507,0.106857,0.102395,0.0973772
2990.07,0.14145,0.128002,0.125115,0.107815,0.0951267,0.106424,0.102022,0.097188
2991.03,0.140836,0.127527,0.124613,0.107533,0.095,0.106416,0.102086,0.0973549
2991.99,0.140218,0.127048,0.124118,0.107208,0.0948665,0.106256,0.102054,0.0973724
2992.96,0.139674,0.126612,0.12361,0.106843,0.0947287,0.105455,0.101424,0.0968699
2993.92,0.139224,0.126271,0.123162,0.106579,0.0946678,0.104539,0.100671,0.0963197
2994.89,0.13881,0.125983,0.122871,0.106505,0.0947396,0.104253,0.100508,0.0962886
2995.85,0.138372,0.125668,0.122648,0.10646,0.0948322,0.104272,0.100627,0.0964586
2996.82,0.137898,0.125291,0.1223,0.10624,0.0947912,0.103744,0.100208,0.0961571
2997.78,0.137421,0.124896,0.121816,0.105881,0.0946529,0.102764,0.0993325,0.0955062
2998.74,0.136964,0.124548,0.121376,0.105576,0.0945939,0.102277,0.0989086,0.0952911
2999.71,0.136528,0.12425,0.121099,0.105436,0.0946915,0.102692,0.0993496,0.0958546
3000.67,0.136114,0.123951,0.120914,0.105394,0.0948549,0.103388,0.100056,0.0966664
3001.64,0.135736,0.123631,0.120684,0.105315,0.0949578,0.103613,0.100286,0.0970597
3002.6,0.135415,0.123319,0.120405,0.105204,0.0949888,0.103492,0.100197,0.0971429
3003.57,0.135166,0.123054,0.120201,0.105199,0.0950708,0.103799,0.100597,0.0976213
3004.53,0.134963,0.122855,0.120118,0.105314,0.0952792,0.104695,0.101623,0.098627
3005.49,0.13477,0.122701,0.120025,0.105362,0.0954788,0.105278,0.10233,0.0993234
3006.46,0.134596,0.122556,0.119815,0.10523,0.0955121,0.104958,0.102138,0.0992011
3007.42,0.134498,0.122433,0.119585,0.105047,0.0954676,0.104446,0.101767,0.0989413
3008.39,0.134503,0.122381,0.119487,0.104983,0.0955382,0.104594,0.102033,0.0993115
3009.35,0.134587,0.122393,0.119519,0.105043,0.0957255,0.105196,0.102704,0.100082
3010.31,0.134703,0.122404,0.119545,0.105092,0.0958603,0.105455,0.102999,0.10049
3011.28,0.13481,0.122407,0.119458,0.105044,0.0958667,0.10503,0.102618,0.100255
3012.24,0.134891,0.122451,0.119284,0.104948,0.0958556,0.104336,0.102016,0.0998163
3013.21,0.134925,0.122541,0.11916,0.104879,0.0959349,0.103961,0.101758,0.0997108
3014.17,0.13491,0.122646,0.119188,0.104865,0.0960966,0.104114,0.101963,0.10008
3015.14,0.134907,0.122751,0.119332,0.104947,0.0962899,0.104555,0.102359,0.100678
3016.1,0.134976,0.122851,0.119494,0.105125,0.0964563,0.104718,0.102487,0.101
3017.06,0.135098,0.122949,0.119643,0.105298,0.0965617,0.104228,0.102101,0.100748
3018.03,0.135179,0.123046,0.119776,0.105372,0.0966331,0.103397,0.101494,0.100236
3018.99,0.135128,0.123152,0.119843,0.105376,0.0967383,0.102834,0.101134,0.0999818
3019.96,0.134948,0.123275,0.119851,0.105432,0.0969527,0.102836,0.101224,0.100183
3020.92,0.134753,0.12339,0.119916,0.105647,0.0973019,0.103367,0.101771,0.100797
3021.89,0.134629,0.123464,0.120093,0.10599,0.0977194,0.104153,0.102592,0.101623
3022.85,0.134515,0.123478,0.120239,0.106299,0.0980764,0.104618,0.103136,0.102178
3023.81,0.13428,0.123387,0.120206,0.106454,0.0983053,0.104441,0.103043,0.102176
3024.78,0.133885,0.123198,0.120047,0.106517,0.0984849,0.104094,0.102757,0.102019
3025.74,0.133398,0.123017,0.119876,0.106597,0.0987095,0.104119,0.102825,0.102186
3026.71,0.132873,0.122905,0.119737,0.106707,0.0989849,0.104445,0.103197,0.102635
3027.67,0.132333,0.122818,0.119651,0.106837,0.0993049,0.104873,0.103692,0.10318
3028.64,0.131821,0.122668,0.119577,0.106978,0.0996628,0.10534,0.104244,0.10374
3029.6,0.131339,0.122402,0.119429,0.107101,0.100038,0.105772,0.104744,0.10429
3030.56,0.130828,0.122037,0.119223,0.107208,0.100424,0.106174,0.105206,0.104913
3031.53,0.130265,0.121644,0.119028,0.107306,0.100772,0.106519,0.105651,0.105564
3032.49,0.129711,0.121288,0.118815,0.107363,0.101004,0.106645,0.10592,0.106001
3033.46,0.129171,0.120969,0.118515,0.107359,0.101144,0.106571,0.105973,0.106194
3034.42,0.128554,0.120607,0.118131,0.107302,0.101295,0.106525,0.106023,0.106403
3035.38,0.127842,0.120149,0.117707,0.107207,0.101509,0.106634,0.106241,0.106791
3036.35,0.127157,0.119685,0.117295,0.107106,0.101768,0.106795,0.106546,0.107235
3037.31,0.126566,0.119319,0.116934,0.107041,0.102037,0.106862,0.106762,0.10756
3038.28,0.125984,0.119005,0.116609,0.106991,0.102278,0.106851,0.106882,0.107784
3039.24,0.125343,0.118644,0.116301,0.106899,0.102469,0.106926,0.107076,0.10808
3040.21,0.124692,0.118228,0.116017,0.106782,0.102648,0.107257,0.10752,0.108631
3041.17,0.124112,0.117791,0.115742,0.106706,0.102878,0.10782,0.108163,0.109424
3042.13,0.123615,0.117352,0.115427,0.106647,0.103146,0.108332,0.108721,0.110165
3043.1,0.12311,0.116899,0.115059,0.106527,0.103345,0.10854,0.108975,0.110597
3044.06,0.12251,0.116393,0.114652,0.106339,0.103404,0.108481,0.10899,0.110786
3045.03,0.12185,0.115838,0.11422,0.106147,0.103411,0.108383,0.109007,0.110967
3045.99,0.121207,0.115293,0.11376,0.105997,0.103466,0.108371,0.109159,0.111251
3046.96,0.120606,0.114814,0.11329,0.1059,0.103564,0.108386,0.109376,0.111596
3047.92,0.120043,0.114439,0.112885,0.105855,0.103697,0.108392,0.109585,0.111964
3048.88,0.119509,0.114155,0.112573,0.105813,0.103871,0.10842,0.109778,0.112313
3049.85,0.118994,0.113874,0.112282,0.105704,0.104047,0.108471,0.109961,0.112605
3050.81,0.118472,0.113519,0.111955,0.105533,0.104202,0.108599,0.110207,0.112959
3051.78,0.117889,0.113109,0.111598,0.105358,0.10436,0.108889,0.110602,0.113512
3052.74,0.117245,0.112704,0.111224,0.105205,0.104533,0.109254,0.11109,0.114159
3053.7,0.1166,0.112341,0.110854,0.105077,0.104712,0.109524,0.111554,0.114721
3054.67,0.116022,0.111998,0.110527,0.104993,0.1049,0.109686,0.111951,0.115206
3055.63,0.115535,0.111625,0.110242,0.104967,0.105123,0.109853,0.112282,0.115705
3056.6,0.115077,0.111212,0.109952,0.104971,0.10537,0.110086,0.112576,0.11624
3057.56,0.114573,0.110789,0.109646,0.104956,0.105609,0.110383,0.112891,0.116809
3058.53,0.114034,0.110391,0.109358,0.104906,0.105827,0.110749,0.113246,0.117402
3059.49,0.1135,0.110043,0.109093,0.104837,0.106002,0.111124,0.113612,0.117964
3060.45,0.113002,0.109749,0.108837,0.104768,0.106125,0.11142,0.113984,0.118469
3061.42,0.112562,0.109472,0.108587,0.10471,0.106251,0.111662,0.114385,0.118983
3062.38,0.11213,0.10917,0.108314,0.104637,0.106423,0.111939,0.114831,0.119596
3063.35,0.111652,0.108857,0.108003,0.104533,0.106652,0.112269,0.11532,0.120325
3064.31,0.11116,0.108605,0.107733,0.104471,0.106957,0.112623,0.115832,0.12109
3065.28,0.110703,0.108413,0.107558,0.104497,0.107299,0.112961,0.116334,0.121772
3066.24,0.110256,0.108164,0.107389,0.104531,0.107582,0.113253,0.116807,0.122321
3067.2,0.109805,0.107819,0.107125,0.104483,0.107789,0.113503,0.117231,0.122793
3068.17,0.109366,0.10747,0.106783,0.1044,0.107991,0.113739,0.117593,0.12327
3069.13,0.1089,0.107159,0.106454,0.104374,0.108227,0.113989,0.117907,0.123774
3070.1,0.108345,0.106839,0.1062,0.104408,0.108474,0.114275,0.118227,0.124288
3071.06,0.107762,0.106501,0.105991,0.104448,0.10871,0.114605,0.118647,0.124835
3072.03,0.1073,0.106221,0.105792,0.104496,0.108971,0.114998,0.119202,0.125481
3072.99,0.106999,0.10606,0.105631,0.1046,0.109299,0.115477,0.119801,0.126249
3073.95,0.106768,0.105963,0.105519,0.10474,0.109678,0.116007,0.120389,0.127058
3074.92,0.106525,0.105814,0.105421,0.104841,0.110045,0.116514,0.121004,0.127822
3075.88,0.106251,0.105602,0.105333,0.104891,0.110361,0.116957,0.121626,0.128538
3076.85,0.105946,0.105419,0.105267,0.104962,0.110665,0.117377,0.122204,0.129252
3077.81,0.105622,0.105302,0.105195,0.10511,0.111038,0.11785,0.122771,0.130002
3078.77,0.10529,0.105185,0.105096,0.10529,0.111478,0.118367,0.123355,0.130789
3079.74,0.104941,0.105016,0.105004,0.105429,0.111915,0.118852,0.123904,0.131574
3080.7,0.104573,0.104836,0.104942,0.105506,0.112332,0.119283,0.12442,0.132363
3081.67,0.104205,0.10468,0.104852,0.105551,0.112738,0.119693,0.124966,0.133179
3082.63,0.103829,0.104512,0.104657,0.105594,0.113098,0.120084,0.12554,0.133967
3083.6,0.10346,0.104328,0.104392,0.105663,0.113413,0.120459,0.126092,0.134676
3084.56,0.103152,0.104168,0.104198,0.105765,0.113748,0.120876,0.126623,0.135369
3085.52,0.1029,0.104025,0.104125,0.105877,0.114112,0.121395,0.127203,0.136125
3086.49,0.102642,0.103871,0.104111,0.106008,0.114476,0.121982,0.127895,0.136954
3087.45,0.102358,0.103727,0.104111,0.106197,0.114856,0.12254,0.128672,0.137818
3088.42,0.102045,0.103587,0.104091,0.106407,0.115257,0.123034,0.129427,0.138649
3089.38,0.101688,0.103405,0.104006,0.10658,0.115642,0.123505,0.130101,0.139389
3090.35,0.101315,0.103219,0.103903,0.106742,0.116019,0.124,0.130714,0.140098
3091.31,0.101007,0.103135,0.103869,0.106951,0.116426,0.124551,0.131319,0.140891
3092.27,0.100765,0.103121,0.103876,0.107182,0.116838,0.125168,0.131952,0.14175
3093.24,0.100501,0.103057,0.10384,0.107372,0.117212,0.1258,0.132602,0.142586
3094.2,0.100187,0.102949,0.103769,0.107526,0.117591,0.126374,0.133259,0.143424
3095.17,0.0998854,0.10287,0.103718,0.107708,0.118069,0.126918,0.133973,0.144343
3096.13,0.0996233,0.102808,0.10368,0.107941,0.118658,0.12754,0.134784,0.145337
3097.1,0.0993783,0.102741,0.103629,0.108182,0.11927,0.128235,0.135616,0.146335
3098.06,0.0991567,0.102686,0.103598,0.108386,0.1198,0.128894,0.136394,0.147282
3099.02,0.0989679,0.102625,0.10363,0.108558,0.120225,0.12951,0.137144,0.148174
3099.99,0.098772,0.102539,0.103707,0.108736,0.120634,0.130185,0.13792,0.149034
3100.95,0.09851,0.102445,0.103737,0.108955,0.121114,0.130915,0.138709,0.149873
3101.92,0.0981619,0.102326,0.103663,0.109206,0.121644,0.131568,0.139466,0.150712
3102.88,0.0977795,0.102179,0.103562,0.109455,0.122143,0.132101,0.140196,0.151608
3103.84,0.0974606,0.102055,0.103526,0.109683,0.122592,0.13261,0.14094,0.152591
3104.81,0.0972397,0.101997,0.103524,0.109895,0.123076,0.133193,0.141708,0.153634
3105.77,0.0970414,0.101999,0.103514,0.110139,0.123643,0.133878,0.142517,0.154722
3106.74,0.0968078,0.102042,0.103545,0.110452,0.124246,0.134625,0.143381,0.155817
3107.7,0.0965821,0.102092,0.103647,0.110791,0.124826,0.135373,0.144241,0.156837
3108.67,0.0963945,0.102084,0.103742,0.111093,0.125357,0.136087,0.145047,0.157755
3109.63,0.0961935,0.101998,0.103777,0.111379,0.125863,0.136816,0.145867,0.158653
3110.59,0.0959469,0.101916,0.103838,0.111705,0.12644,0.137615,0.146771,0.159635
3111.56,0.0956724,0.101899,0.103967,0.112047,0.127084,0.13841,0.147677,0.160724
3112.52,0.0953825,0.101897,0.10406,0.112345,0.127665,0.139113,0.148485,0.161857
3113.49,0.0951053,0.101888,0.104049,0.112612,0.12816,0.139808,0.14927,0.162949
3114.45,0.0948835,0.101938,0.103991,0.112901,0.128701,0.140626,0.150166,0.163993
3115.42,0.0946911,0.102014,0.103976,0.113213,0.12935,0.141505,0.151145,0.165043
3116.38,0.0944489,0.101978,0.104041,0.113496,0.130028,0.142266,0.152063,0.166103
3117.34,0.0941545,0.101815,0.104147,0.113741,0.130643,0.142887,0.152885,0.167132
3118.31,0.0939064,0.101684,0.104267,0.114028,0.13121,0.143525,0.153714,0.168148
3119.27,0.0937613,0.101678,0.104411,0.114411,0.131806,0.144281,0.154607,0.169183
3120.24,0.0936408,0.101712,0.104525,0.114807,0.132446,0.145093,0.155494,0.170227
3121.2,0.0934562,0.101685,0.104569,0.115117,0.133097,0.145883,0.156341,0.171279
3122.16,0.0932239,0.101624,0.104612,0.115408,0.133747,0.146662,0.157229,0.172373
3123.13,0.0929637,0.101595,0.104709,0.115775,0.134392,0.147474,0.158199,0.173489
3124.09,0.0926395,0.101607,0.104822,0.11617,0.135009,0.148317,0.159189,0.174565
3125.06,0.0922646,0.10164,0.104923,0.116541,0.135607,0.149135,0.160152,0.175623
3126.02,0.0919143,0.101672,0.105028,0.116898,0.136225,0.149892,0.161086,0.176732
3126.99,0.0916474,0.101696,0.105133,0.117236,0.136884,0.150622,0.162007,0.177896
3127.95,0.0914664,0.10174,0.105202,0.117592,0.137555,0.151382,0.162971,0.179081
3128.91,0.0913236,0.101829,0.105236,0.118047,0.138243,0.152221,0.164013,0.180262
3129.88,0.0911685,0.101925,0.105288,0.118548,0.13899,0.153128,0.165057,0.18139
3130.84,0.0909836,0.101961,0.105405,0.118976,0.139772,0.154009,0.166017,0.182464
3131.81,0.0907742,0.101935,0.105585,0.119354,0.140477,0.154823,0.166908,0.18357
3132.77,0.0905585,0.101925,0.105784,0.119767,0.141054,0.155631,0.167777,0.184744
3133.74,0.0903698,0.102012,0.10595,0.120199,0.141614,0.156463,0.168664,0.185913
3134.7,0.0902336,0.102173,0.106077,0.120628,0.142298,0.157333,0.169642,0.187034
3135.66,0.0901172,0.102283,0.106201,0.121091,0.143117,0.158301,0.170756,0.188156
3136.63,0.0899461,0.102298,0.106345,0.121599,0.143967,0.159348,0.171942,0.189345
3137.59,0.0897143,0.102325,0.10651,0.122114,0.144776,0.16037,0.173096,0.19059
3138.56,0.0894914,0.102435,0.106681,0.122596,0.145531,0.161337,0.174131,0.191813
3139.52,0.0892918,0.102563,0.106832,0.123023,0.146213,0.162259,0.175009,0.192955
3140.49,0.0890757,0.102651,0.106984,0.123434,0.146832,0.163112,0.175841,0.194038
3141.45,0.0888558,0.102716,0.107187,0.123912,0.147463,0.163927,0.176819,0.195122
3142.41,0.0886634,0.102775,0.10742,0.124453,0.14817,0.164772,0.177954,0.196248
3143.38,0.0884797,0.102842,0.107619,0.124977,0.14894,0.165635,0.179084,0.197447
3144.34,0.0882829,0.102953,0.107785,0.125449,0.149739,0.166508,0.180132,0.198727
3145.31,0.0880744,0.103098,0.107951,0.125884,0.150566,0.167428,0.181133,0.200034
3146.27,0.0878399,0.103192,0.108114,0.126301,0.151419,0.16837,0.182107,0.20128
3147.23,0.0875719,0.103221,0.108264,0.126736,0.152268,0.169286,0.183081,0.202443
3148.2,0.0873343,0.103291,0.108422,0.127232,0.153116,0.170219,0.184134,0.203591
3149.16,0.0872168,0.103454,0.108637,0.127811,0.153992,0.171231,0.185289,0.204799
3150.13,0.0872105,0.103641,0.108915,0.128437,0.154852,0.172287,0.186503,0.206095
3151.09,0.0872041,0.103788,0.10919,0.129025,0.155625,0.173318,0.18773,0.207435
3152.06,0.0870965,0.103871,0.109417,0.129506,0.156343,0.174307,0.188911,0.208737
3153.02,0.0868698,0.1039,0.109618,0.129906,0.157082,0.175238,0.189973,0.209971
3153.98,0.0865792,0.103927,0.109801,0.130338,0.157819,0.176098,0.190921,0.211171
3154.95,0.0863266,0.104005,0.109956,0.130864,0.158527,0.17693,0.191869,0.212359
3155.91,0.0861975,0.104169,0.110135,0.131424,0.1593,0.177811,0.19292,0.213554
3156.88,0.0861424,0.104377,0.110365,0.131926,0.160181,0.178763,0.194025,0.214769
3157.84,0.0860206,0.104511,0.110571,0.132363,0.161059,0.179743,0.195073,0.21596
3158.81,0.0858021,0.104547,0.110727,0.13282,0.161881,0.180715,0.19608,0.217109
3159.77,0.0855679,0.104628,0.110928,0.133389,0.162706,0.1817,0.197134,0.218258
3160.73,0.0853695,0.104826,0.111222,0.134045,0.163524,0.182739,0.19824,0.219412
3161.7,0.0852101,0.105032,0.111507,0.134657,0.164265,0.183801,0.199324,0.220558
3162.66,0.0850589,0.105136,0.111694,0.135159,0.164941,0.184776,0.200336,0.221725
3163.63,0.0848944,0.105179,0.111842,0.135635,0.165635,0.185654,0.20132,0.222937
3164.59,0.084787,0.105277,0.11208,0.136208,0.166427,0.186589,0.202392,0.224207
3165.56,0.0847962,0.105482,0.112442,0.136885,0.167343,0.187657,0.203594,0.225541
3166.52,0.0848136,0.105706,0.112816,0.137551,0.168299,0.188718,0.204821,0.22685
3167.48,0.0846951,0.105833,0.113057,0.138096,0.169168,0.189627,0.205926,0.227997
3168.45,0.08446,0.105882,0.113163,0.13851,0.169945,0.190418,0.206876,0.229021
3169.41,0.0842181,0.105952,0.113258,0.138865,0.170731,0.191241,0.207797,0.230112
3170.38,0.0840216,0.106106,0.113448,0.139269,0.171587,0.192195,0.208842,0.231344
3171.34,0.0838778,0.10634,0.113741,0.139787,0.172492,0.193251,0.210022,0.232628
3172.3,0.0837849,0.106581,0.11408,0.140392,0.173394,0.194299,0.211213,0.233872
3173.27,0.0837002,0.106766,0.114386,0.141016,0.174254,0.19527,0.212324,0.235065
3174.23,0.0835647,0.10691,0.114606,0.141627,0.175052,0.196194,0.213354,0.236241
3175.2,0.0833844,0.107047,0.114766,0.142226,0.175775,0.197119,0.214332,0.237388
3176.16,0.0832375,0.107154,0.114948,0.142813,0.176494,0.198066,0.215305,0.238504
3177.13,0.0831913,0.107218,0.1152,0.143377,0.177334,0.199077,0.216356,0.239712
3178.09,0.0832052,0.10732,0.115473,0.143921,0.178294,0.200142,0.217517,0.241067
3179.05,0.0831683,0.107528,0.115691,0.144469,0.179225,0.201158,0.218692,0.242386
3180.02,0.0830621,0.107774,0.115876,0.145031,0.18006,0.202102,0.219768,0.243528
3180.98,0.0829402,0.107955,0.116119,0.145589,0.180845,0.203035,0.220746,0.24458
3181.95,0.0828031,0.108062,0.116425,0.146143,0.18161,0.203929,0.221688,0.245638
3182.91,0.0826631,0.108145,0.116698,0.1467,0.182373,0.204743,0.22263,0.246694
3183.88,0.0825948,0.108255,0.1169,0.147235,0.183144,0.205574,0.22356,0.247732
3184.84,0.0826231,0.108416,0.117115,0.14775,0.183902,0.206537,0.224518,0.248784
3185.8,0.0826796,0.108616,0.117409,0.148307,0.184654,0.207615,0.225585,0.249902
3186.77,0.0826703,0.108831,0.117756,0.148928,0.185448,0.208726,0.22673,0.2511
3187.73,0.0825491,0.109051,0.118094,0.149558,0.186291,0.209819,0.227831,0.2523
3188.7,0.082362,0.109248,0.11838,0.150132,0.187127,0.210825,0.228828,0.253404
3189.66,0.0821937,0.1094,0.118627,0.150635,0.187937,0.211689,0.229753,0.254435
3190.63,0.0820799,0.109553,0.118892,0.151133,0.188774,0.212474,0.230681,0.2555
3191.59,0.0819993,0.109735,0.119182,0.151675,0.18966,0.213288,0.231671,0.256618
3192.55,0.0819165,0.109895,0.119451,0.152231,0.190542,0.214144,0.232694,0.257744
3193.52,0.0818381,0.110014,0.119694,0.152788,0.191388,0.21499,0.233683,0.25889
3194.48,0.0818074,0.110155,0.119971,0.153381,0.192228,0.21583,0.234645,0.260004
3195.45,0.0818094,0.11035,0.120274,0.153993,0.193066,0.216692,0.235627,0.26096
3196.41,0.0817579,0.110542,0.120505,0.154553,0.193834,0.217544,0.236621,0.261798
3197.37,0.081642,0.110694,0.120667,0.155054,0.194505,0.218375,0.237595,0.262698
3198.34,0.0815816,0.11086,0.120891,0.155579,0.195166,0.21924,0.238566,0.263763
3199.3,0.0816308,0.111083,0.121214,0.156183,0.1959,0.220156,0.239574,0.264946
3200.27,0.0816757,0.111326,0.121541,0.156828,0.196712,0.221116,0.240608,0.266108
3201.23,0.0816205,0.111555,0.1218,0.15745,0.197579,0.222086,0.241613,0.267155
3202.2,0.081498,0.111756,0.122003,0.158018,0.198438,0.222979,0.242532,0.268106
3203.16,0.0813828,0.111933,0.12224,0.158558,0.199233,0.223778,0.243369,0.269025
3204.12,0.0813241,0.112127,0.122597,0.159096,0.199996,0.224569,0.244214,0.269964
3205.09,0.0813211,0.112363,0.123016,0.159599,0.200775,0.225398,0.245129,0.270941
3206.05,0.0813126,0.112597,0.123365,0.160064,0.201535,0.226255,0.246021,0.271881
3207.02,0.0812505,0.11279,0.123598,0.160537,0.202195,0.22713,0.246774,0.272674
3207.98,0.0811808,0.11298,0.123767,0.161018,0.202758,0.227982,0.247468,0.27337
3208.95,0.0811868,0.113227,0.123965,0.161508,0.203337,0.22877,0.248292,0.274193
3209.91,0.0812762,0.113503,0.124256,0.162056,0.204014,0.229533,0.249249,0.275244
3210.87,0.081381,0.113729,0.12459,0.162644,0.204741,0.230337,0.250165,0.276335
3211.84,0.0814234,0.113908,0.124863,0.163162,0.205438,0.231148,0.250939,0.277275
3212.8,0.0813862,0.114103,0.125092,0.16359,0.206135,0.231891,0.251622,0.278105
3213.77,0.0813316,0.114326,0.125389,0.164064,0.20692,0.2326,0.252299,0.278962
3214.73,0.0812894,0.114512,0.125756,0.164666,0.207768,0.233362,0.253018,0.279862
3215.69,0.0812327,0.114613,0.126078,0.165279,0.208542,0.234179,0.253794,0.280732
3216.66,0.0811782,0.114658,0.126305,0.165764,0.209162,0.234975,0.254627,0.28152
3217.62,0.081145,0.114708,0.126466,0.16614,0.209678,0.235627,0.255478,0.2822
3218.59,0.0811238,0.114811,0.126619,0.166539,0.210225,0.236103,0.256267,0.28278
3219.55,0.0811458,0.115007,0.126854,0.167017,0.210883,0.236578,0.256967,0.283379
3220.52,0.0812404,0.115281,0.127174,0.167475,0.211585,0.237207,0.257665,0.284113
3221.48,0.0813762,0.115557,0.1275,0.167845,0.212237,0.237939,0.258478,0.284952
3222.44,0.0814958,0.115777,0.127791,0.168192,0.212804,0.238662,0.259349,0.285788
3223.41,0.0815455,0.11595,0.128018,0.168596,0.213271,0.23932,0.260078,0.286556
3224.37,0.0815094,0.11612,0.128165,0.169056,0.213674,0.239917,0.260602,0.287245
3225.34,0.0814298,0.116309,0.128305,0.169531,0.214125,0.240509,0.26103,0.287904
3226.3,0.0813616,0.116494,0.128504,0.169996,0.214706,0.241097,0.261471,0.28859
3227.27,0.0813375,0.116665,0.128762,0.170474,0.215386,0.241623,0.261969,0.28927
3228.23,0.0813776,0.116854,0.129064,0.170972,0.216058,0.242157,0.262531,0.289874
3229.19,0.081475,0.117069,0.129373,0.171437,0.216648,0.242805,0.26317,0.290386
3230.16,0.0815802,0.117286,0.129642,0.171819,0.217151,0.243466,0.263869,0.290864
3231.12,0.0816483,0.117484,0.129871,0.172157,0.217585,0.243991,0.264538,0.29138
3232.09,0.0816769,0.117626,0.130076,0.172514,0.217976,0.244454,0.265124,0.291931
3233.05,0.0816753,0.117714,0.130247,0.172886,0.218372,0.244993,0.26566,0.292465
3234.02,0.0816413,0.11782,0.130396,0.173216,0.218812,0.245552,0.266158,0.292954
3234.98,0.081593,0.117966,0.130548,0.173479,0.219303,0.246019,0.266601,0.293351
3235.94,0.0815846,0.118111,0.130718,0.173748,0.219836,0.246448,0.267034,0.293694
3236.91,0.0816456,0.118273,0.13092,0.174117,0.22039,0.246947,0.267547,0.294118
3237.87,0.0817427,0.118514,0.131169,0.174563,0.22093,0.247524,0.268143,0.294626
3238.84,0.0818487,0.118799,0.131438,0.17499,0.221416,0.248102,0.268741,0.295141
3239.8,0.0819679,0.119026,0.131663,0.175342,0.221831,0.248582,0.269272,0.295695
3240.76,0.0820777,0.119185,0.131837,0.175619,0.222183,0.248917,0.269672,0.296306
3241.73,0.0821374,0.119356,0.132034,0.175859,0.222499,0.249177,0.269947,0.296841
3242.69,0.0821483,0.119554,0.132276,0.176104,0.222809,0.249495,0.270249,0.297195
3243.66,0.0821544,0.119742,0.132515,0.176392,0.223142,0.249949,0.270684,0.297498
3244.62,0.0821879,0.119908,0.132732,0.176735,0.223513,0.250477,0.271132,0.297958
3245.59,0.0822452,0.120037,0.132928,0.177067,0.223907,0.250956,0.27148,0.298513
3246.55,0.0823211,0.120141,0.133098,0.177327,0.224282,0.251349,0.271801,0.298942
3247.51,0.0824128,0.120275,0.13326,0.177563,0.224601,0.251651,0.272149,0.299194
3248.48,0.0825007,0.12045,0.133435,0.17785,0.2249,0.251841,0.272484,0.299349
3249.44,0.0825637,0.120626,0.133606,0.178199,0.225274,0.252012,0.272807,0.299487
3250.41,0.082602,0.120794,0.133764,0.178551,0.22572,0.252321,0.273136,0.299708
3251.37,0.0826381,0.120971,0.133952,0.178818,0.226116,0.252746,0.273454,0.300055
3252.34,0.0826687,0.121131,0.134151,0.178999,0.226398,0.253123,0.273772,0.30044
3253.3,0.0826501,0.121224,0.134252,0.179194,0.226618,0.25337,0.274092,0.300754
3254.26,0.0826212,0.121294,0.134259,0.179464,0.226849,0.253554,0.274398,0.300978
3255.23,0.0827093,0.121447,0.134327,0.17978,0.227137,0.25379,0.274684,0.301159
3256.19,0.0829153,0.121663,0.134526,0.180102,0.227476,0.254126,0.274935,0.301372
3257.16,0.0830995,0.121822,0.13479,0.18041,0.227795,0.254498,0.275145,0.30164
3258.12,0.0831915,0.121933,0.135055,0.180678,0.228021,0.254832,0.27535,0.301939
3259.09,0.0832332,0.122099,0.135304,0.180871,0.228184,0.255119,0.275562,0.302248
3260.05,0.08326,0.12232,0.135535,0.181019,0.228402,0.255349,0.27576,0.302518
3261.01,0.0832776,0.122515,0.13576,0.181227,0.228722,0.255556,0.275961,0.302696
3261.98,0.0833067,0.12265,0.135985,0.181534,0.229048,0.255839,0.276216,0.302818
3262.94,0.0833557,0.122739,0.136201,0.181844,0.229307,0.256176,0.276541,0.302959
3263.91,0.0834029,0.122829,0.136384,0.182063,0.229552,0.256428,0.27687,0.303138
3264.87,0.0834477,0.122972,0.136521,0.182214,0.22986,0.256603,0.277128,0.30336
3265.83,0.0835051,0.123172,0.136645,0.182384,0.230217,0.256834,0.27735,0.303645
3266.8,0.0835523,0.123376,0.136805,0.182609,0.230539,0.257146,0.277621,0.303957
3267.76,0.0835578,0.123542,0.136973,0.182862,0.230787,0.257446,0.277932,0.304198
3268.73,0.0835607,0.123685,0.137118,0.183121,0.231009,0.257664,0.278229,0.304361
3269.69,0.0836315,0.123842,0.137313,0.183401,0.231252,0.257832,0.278503,0.304555
3270.66,0.0837382,0.124005,0.137583,0.183695,0.231492,0.25802,0.278752,0.304784
3271.62,0.0837909,0.124151,0.137802,0.183957,0.231721,0.258234,0.278952,0.304936
3272.58,0.0838033,0.124296,0.137895,0.184157,0.231983,0.258463,0.279093,0.304998
3273.55,0.0838412,0.124465,0.137937,0.184297,0.232234,0.258705,0.279177,0.305051
3274.51,0.083912,0.124661,0.138009,0.184437,0.232392,0.258931,0.279251,0.30514
3275.48,0.0840005,0.124855,0.138125,0.184653,0.232536,0.259126,0.279403,0.305265
3276.44,0.0840769,0.124977,0.138291,0.18493,0.23279,0.259295,0.279613,0.305406
3277.41,0.0840879,0.125014,0.138522,0.18517,0.233104,0.259418,0.279761,0.305532
3278.37,0.0840397,0.12507,0.138786,0.18536,0.233361,0.259557,0.279855,0.305647
3279.33,0.0840183,0.125237,0.13903,0.185589,0.233553,0.259803,0.280044,0.30581
3280.3,0.0840721,0.125486,0.139251,0.185894,0.233749,0.2601,0.280391,0.30609
3281.26,0.0841351,0.125696,0.139429,0.186183,0.233996,0.260339,0.280771,0.306445
3282.23,0.0841335,0.125787,0.139538,0.18639,0.234257,0.260544,0.281039,0.30672
3283.19,0.0841011,0.125825,0.139632,0.186597,0.234467,0.260832,0.281181,0.306847
3284.15,0.0841008,0.125931,0.139789,0.186888,0.234651,0.261233,0.28128,0.30694
3285.12,0.0841257,0.126108,0.140033,0.187187,0.234889,0.261607,0.281399,0.307112
3286.08,0.0841458,0.126275,0.140336,0.18737,0.235207,0.26181,0.281563,0.307323
3287.05,0.0841626,0.126395,0.140604,0.187475,0.235587,0.261885,0.281812,0.307503
3288.01,0.0841762,0.126483,0.140741,0.187618,0.235977,0.261978,0.282151,0.307653
3288.98,0.0841729,0.126571,0.140779,0.187826,0.236277,0.262181,0.282463,0.307785
3289.94,0.0841701,0.126711,0.140847,0.188069,0.236443,0.262501,0.282655,0.307922
3290.9,0.0842066,0.126942,0.141018,0.188362,0.236597,0.262904,0.282819,0.308132
3291.87,0.0842667,0.127229,0.141253,0.188722,0.236871,0.263331,0.283075,0.3084
3292.83,0.0842614,0.127479,0.141482,0.189092,0.237199,0.263695,0.283383,0.308617
3293.8,0.0841358,0.127619,0.141672,0.189399,0.237455,0.263902,0.283642,0.30875
3294.76,0.083983,0.127694,0.141821,0.189661,0.237692,0.264,0.283861,0.308866
3295.73,0.0839596,0.127811,0.141985,0.189949,0.238007,0.26414,0.284096,0.309012
3296.69,0.0840701,0.127989,0.142229,0.190251,0.238364,0.264356,0.284338,0.309183
3297.65,0.0841531,0.12816,0.14252,0.190498,0.238699,0.264576,0.28457,0.309364
3298.62,0.0841079,0.128286,0.142758,0.190688,0.239024,0.264789,0.284831,0.30953
3299.58,0.0839767,0.128374,0.142937,0.190901,0.239345,0.265048,0.285154,0.309675
3300.55,0.0837943,0.128438,0.143116,0.191217,0.239618,0.265394,0.285524,0.309829
3301.51,0.0835783,0.128505,0.14327,0.191636,0.239849,0.265769,0.28588,0.310018
3302.48,0.0834343,0.128607,0.143342,0.192065,0.240109,0.266082,0.286154,0.310283
3303.44,0.0834304,0.128745,0.143382,0.192397,0.240438,0.266353,0.286359,0.310658
3304.4,0.0834538,0.12888,0.143476,0.19261,0.240794,0.266671,0.28658,0.311048
3305.37,0.0833811,0.128966,0.143626,0.192771,0.241113,0.267014,0.286825,0.311293
3306.33,0.0832607,0.128997,0.143805,0.19295,0.241398,0.267284,0.287013,0.311402
3307.3,0.0831996,0.129039,0.143988,0.193184,0.241726,0.267488,0.287137,0.311534
3308.26,0.0832126,0.129149,0.144137,0.193492,0.242113,0.26775,0.287314,0.311714
3309.22,0.083255,0.129314,0.144256,0.193847,0.242475,0.268127,0.287613,0.311859
3310.19,0.0832683,0.129488,0.144382,0.19416,0.242761,0.26848,0.287957,0.312041
3311.15,0.0831849,0.129599,0.144507,0.194394,0.243013,0.268666,0.288236,0.31235
3312.12,0.0830073,0.129597,0.144631,0.194606,0.243284,0.268767,0.288396,0.312662
3313.08,0.0828206,0.129546,0.144803,0.194874,0.243581,0.268967,0.288493,0.312821
3314.05,0.0826622,0.129579,0.145038,0.195205,0.243885,0.269338,0.288661,0.312906
3315.01,0.0824806,0.129712,0.145247,0.19554,0.24418,0.269822,0.288963,0.313054
3315.97,0.0822635,0.129824,0.145354,0.195839,0.244469,0.270296,0.289357,0.313216
3316.94,0.082077,0.129859,0.14541,0.196123,0.244783,0.270638,0.289763,0.313321
3317.9,0.0819356,0.129887,0.145505,0.196389,0.245126,0.27085,0.290057,0.313468
3318.87,0.0817948,0.12997,0.145665,0.196615,0.245471,0.271038,0.29021,0.313769
3319.83,0.081673,0.130118,0.145864,0.19686,0.245848,0.271288,0.290396,0.314188
3320.8,0.0815908,0.130318,0.146047,0.197207,0.246281,0.271627,0.290755,0.3146
3321.76,0.0814648,0.130499,0.146147,0.1976,0.246667,0.272024,0.291189,0.314928
3322.72,0.081224,0.130536,0.146155,0.197908,0.246912,0.272405,0.291535,0.315216
3323.69,0.0809289,0.130384,0.146165,0.198088,0.247113,0.272727,0.291772,0.315499
3324.65,0.0806845,0.130154,0.146265,0.198209,0.247418,0.273003,0.291973,0.31567
3325.62,0.0805218,0.130003,0.146406,0.198355,0.247793,0.273244,0.292177,0.315652
3326.58,0.080391,0.129958,0.146486,0.198575,0.248099,0.273466,0.292426,0.315563
3327.55,0.0802459,0.129964,0.14653,0.198854,0.24831,0.273703,0.292756,0.315601
3328.51,0.0801143,0.130026,0.146631,0.199153,0.248541,0.273991,0.293098,0.315846
3329.47,0.0800041,0.130133,0.146798,0.199446,0.24887600000000001,0.274307,0.293364,0.316201
3330.44,0.0798228,0.130162,0.14691,0.199701,0.24924,0.274554,0.293583,0.316487
3331.4,0.0795277,0.130052,0.146875,0.199913,0.24953,0.274691,0.29382,0.316648
3332.37,0.0792415,0.129942,0.146775,0.200135,0.249777,0.274853,0.294085,0.316812
3333.33,0.0790648,0.129981,0.14675,0.200406,0.250093,0.275197,0.294352,0.317096
3334.29,0.0788783,0.130049,0.146771,0.20067,0.250488,0.275648,0.294621,0.317437
3335.26,0.0785132,0.12991,0.146709,0.200862,0.250834,0.275978,0.294888,0.317722
3336.22,0.0780459,0.129606,0.146586,0.201021,0.251079,0.276153,0.295119,0.317951
3337.19,0.0776966,0.129408,0.146548,0.201222,0.251356,0.276342,0.295317,0.318186
3338.15,0.0775115,0.129412,0.146631,0.201469,0.25172,0.276618,0.295534,0.318422
3339.12,0.0773611,0.129507,0.146732,0.2017,0.252026,0.276895,0.29577,0.318619
3340.08,0.0771438,0.129551,0.146772,0.201848,0.252214,0.277118,0.295961,0.318786
3341.04,0.0768378,0.129451,0.14676,0.201898,0.252409,0.277314,0.296113,0.318915
3342.01,0.0764793,0.129243,0.146757,0.201943,0.252667,0.277508,0.296297,0.318912
3342.97,0.0761602,0.129088,0.14681,0.202113,0.252906,0.277693,0.296482,0.318756
3343.94,0.0759314,0.129043,0.146862,0.202425,0.253104,0.277899,0.29659,0.318627
3344.9,0.0757316,0.12899,0.146804,0.202744,0.253269,0.27815,0.296674,0.318687
3345.87,0.0754907,0.128845,0.146668,0.202929,0.25337,0.278383,0.296807,0.318863
3346.83,0.0751851,0.128649,0.146579,0.202985,0.253469,0.278556,0.296986,0.31901
3347.79,0.0747925,0.128444,0.146513,0.202999,0.253649,0.278735,0.297237,0.319151
3348.76,0.0743471,0.128263,0.146369,0.203029,0.25385,0.278961,0.297556,0.319359
3349.72,0.0739794,0.128158,0.146199,0.203092,0.254007,0.279183,0.297828,0.319543
3350.69,0.0737652,0.128117,0.146136,0.203166,0.254147,0.279347,0.297951,0.31954
3351.65,0.0736054,0.128027,0.146131,0.203177,0.254239,0.279404,0.297883,0.319344
3352.62,0.073362,0.127809,0.146016,0.203124,0.254212,0.279328,0.297647,0.31911
3353.58,0.0730363,0.127508,0.145762,0.203134,0.254163,0.279204,0.297391,0.318945
3354.54,0.0727132,0.127232,0.145494,0.20327,0.254254,0.279168,0.297293,0.318825
3355.51,0.0724131,0.127029,0.145317,0.20342,0.254473,0.279263,0.297365,0.318752
3356.47,0.0720923,0.126849,0.145239,0.203463,0.254721,0.279416,0.297502,0.318797
3357.44,0.0717266,0.126632,0.14518,0.203417,0.254968,0.279566,0.29763,0.318922
3358.4,0.0713338,0.126374,0.145041,0.203361,0.255164,0.279693,0.297721,0.318983
3359.36,0.070953,0.12613,0.144829,0.203341,0.255231,0.27976,0.297754,0.318923
3360.33,0.0706116,0.125955,0.144632,0.203336,0.255174,0.279732,0.297716,0.318796
3361.29,0.0702811,0.125812,0.144442,0.203291,0.255081,0.279615,0.297581,0.318637
3362.26,0.0699177,0.125602,0.144181,0.203216,0.255031,0.279479,0.297372,0.318464
3363.22,0.0695409,0.125326,0.143894,0.203189,0.255038,0.27943,0.297221,0.318383
3364.19,0.0691753,0.125059,0.143711,0.203216,0.255049,0.279502,0.297243,0.318526
3365.15,0.0687838,0.12478,0.143612,0.203206,0.255004,0.279597,0.297383,0.318803
3366.11,0.0683529,0.124428,0.14345,0.203113,0.254911,0.279597,0.297464,0.318905
3367.08,0.0679432,0.124044,0.143173,0.202987,0.254827,0.279503,0.297366,0.318681
3368.04,0.0675897,0.123713,0.142852,0.202893,0.254752,0.279406,0.297135,0.318264
3369.01,0.0672571,0.123441,0.142548,0.202818,0.254656,0.279312,0.296894,0.317801
3369.97,0.0669307,0.12319,0.142293,0.20266,0.254534,0.279109,0.296664,0.317319
3370.94,0.0666487,0.12298,0.142162,0.202396,0.254382,0.278774,0.296401,0.316826
3371.9,0.0664155,0.122858,0.142153,0.202165,0.254236,0.27843,0.296139,0.316413
3372.86,0.0661608,0.122745,0.142089,0.202055,0.254132,0.27814,0.295905,0.31613
3373.83,0.0658055,0.122462,0.141822,0.201979,0.253997,0.277864,0.295653,0.315879
3374.79,0.0653552,0.121994,0.141434,0.201839,0.253793,0.277618,0.295386,0.315578
3375.76,0.0649237,0.121548,0.141127,0.201636,0.253615,0.277459,0.295129,0.315232
3376.72,0.0645953,0.121256,0.140971,0.201425,0.253486,0.27733,0.29484,0.314834
3377.68,0.0643005,0.121018,0.140847,0.201213,0.253288,0.277134,0.294491,0.314411
3378.65,0.0639606,0.120723,0.140614,0.200969,0.252958,0.276897,0.294116,0.314026
3379.61,0.0636351,0.120437,0.140286,0.200715,0.252587,0.276707,0.293744,0.313627
3380.58,0.0633716,0.120254,0.139973,0.200495,0.252291,0.276511,0.293363,0.313085
3381.54,0.0631,0.120115,0.139699,0.200301,0.252082,0.27616,0.292967,0.312444
3382.51,0.0627814,0.11991,0.139394,0.200105,0.251907,0.275652,0.292597,0.311909
3383.47,0.0624523,0.119628,0.13905,0.199896,0.251729,0.275138,0.292264,0.311519
3384.43,0.0621063,0.119304,0.138747,0.19965,0.251505,0.274719,0.291885,0.311081
3385.4,0.0616973,0.118947,0.138508,0.199373,0.251182,0.274382,0.291399,0.310512
3386.36,0.0612237,0.118557,0.138244,0.19911,0.250765,0.274043,0.290866,0.309938
3387.33,0.0607211,0.118141,0.137887,0.198848,0.250326,0.273649,0.290397,0.309445
3388.29,0.0602199,0.117715,0.137461,0.198514,0.249924,0.273276,0.290047,0.30903
3389.26,0.0597299,0.117272,0.137013,0.198092,0.249556,0.273007,0.289731,0.308702
3390.22,0.0592461,0.116794,0.136544,0.197628,0.249183,0.272744,0.289287,0.308368
3391.18,0.0587935,0.116329,0.136078,0.197156,0.248783,0.272335,0.288674,0.307854
3392.15,0.0584462,0.115967,0.135699,0.196738,0.248407,0.271774,0.287999,0.307152
3393.11,0.0582232,0.115706,0.135447,0.196393,0.248108,0.27114,0.287362,0.306391
3394.08,0.0580207,0.11545,0.135232,0.196024,0.247781,0.270469,0.286778,0.305602
3395.04,0.0577252,0.11513,0.134929,0.195566,0.247259,0.269787,0.286231,0.304771
3396.01,0.0573095,0.114715,0.134467,0.195079,0.246559,0.269174,0.285719,0.303982
3396.97,0.0568294,0.114229,0.133882,0.194616,0.245897,0.268723,0.285233,0.303326
3397.93,0.056358,0.113749,0.133308,0.194166,0.245415,0.268399,0.28471,0.302771
3398.9,0.055915,0.11331,0.132853,0.193744,0.24503,0.268033,0.284084,0.302212
3399.86,0.0555241,0.112912,0.132539,0.193426,0.24459,0.267494,0.283383,0.301591
3400.83,0.055237,0.112597,0.132323,0.193168,0.244029,0.266747,0.282679,0.300844
3401.79,0.055034,0.112396,0.132131,0.19282,0.243382,0.265864,0.281957,0.299926
3402.75,0.0548483,0.11225,0.131927,0.19235,0.242758,0.265045,0.281148,0.298954
3403.72,0.0546501,0.112062,0.131713,0.191845,0.242235,0.264418,0.280271,0.298078
3404.68,0.0544062,0.111784,0.131451,0.191388,0.241751,0.263893,0.279442,0.297269
3405.65,0.0540689,0.111413,0.131098,0.190992,0.241193,0.263324,0.278738,0.296438
3406.61,0.0536376,0.11098,0.130653,0.190577,0.240552,0.262711,0.27812,0.295621
3407.58,0.0531787,0.110575,0.130134,0.190086,0.239922,0.262119,0.277485,0.294868
3408.54,0.0527938,0.110259,0.129624,0.189565,0.239352,0.261536,0.276787,0.294117
3409.5,0.0525009,0.10994,0.129204,0.189043,0.238779,0.260894,0.276065,0.293295
3410.47,0.0521723,0.109478,0.128799,0.188438,0.23815,0.260178,0.27534,0.292409
3411.43,0.0517355,0.108913,0.128306,0.18774,0.237498,0.259409,0.274557,0.29148
3412.4,0.0513234,0.108442,0.127808,0.187134,0.236855,0.258596,0.273696,0.290529
3413.36,0.0510807,0.108185,0.127447,0.186756,0.23622,0.257795,0.2728,0.289588
3414.33,0.0509586,0.108057,0.127223,0.186491,0.235571,0.257051,0.271905,0.28864
3415.29,0.0508021,0.107885,0.127012,0.186132,0.234866,0.256277,0.270997,0.287641
3416.25,0.0505435,0.107596,0.126699,0.185603,0.234102,0.255405,0.270068,0.286612
3417.22,0.0502223,0.107216,0.126274,0.184973,0.233355,0.254523,0.269155,0.285626
3418.18,0.0498718,0.106752,0.125797,0.184326,0.232675,0.253703,0.268293,0.284704
3419.15,0.0495006,0.106225,0.125316,0.183707,0.232018,0.252907,0.26746,0.283755
3420.11,0.0491513,0.105778,0.124862,0.183154,0.231308,0.252107,0.266603,0.282715
3421.08,0.0488713,0.105496,0.124449,0.182663,0.23054,0.251321,0.265728,0.281679
3422.04,0.0486361,0.105248,0.124053,0.182185,0.229792,0.250581,0.264868,0.280738
3423.0,0.0483515,0.104854,0.123635,0.181672,0.229117,0.249872,0.263991,0.27983
3423.97,0.0479552,0.104272,0.123171,0.181078,0.228456,0.249118,0.263035,0.278883
3424.93,0.0475032,0.103608,0.122684,0.18038,0.227723,0.248303,0.262034,0.277953
3425.9,0.0470755,0.102985,0.122185,0.17964,0.226918,0.247475,0.261086,0.277112
3426.86,0.0466599,0.102415,0.121651,0.178933,0.226114,0.246617,0.260216,0.27629
3427.82,0.0462276,0.101903,0.121101,0.178258,0.225396,0.245691,0.259364,0.275356
3428.79,0.0458161,0.101512,0.120577,0.177593,0.22476,0.244748,0.258475,0.274304
3429.75,0.0454986,0.101237,0.120102,0.176991,0.224115,0.243863,0.257556,0.273214
3430.72,0.0452922,0.100974,0.11969,0.176484,0.223411,0.243032,0.256654,0.272113
3431.68,0.0450543,0.100626,0.119266,0.175935,0.222637,0.242166,0.255785,0.270997
3432.65,0.0446341,0.100151,0.118717,0.175186,0.221724,0.241229,0.254875,0.269872
3433.61,0.044141,0.0996141,0.118111,0.174345,0.220698,0.240317,0.25388,0.26877
3434.57,0.0437853,0.0991607,0.117615,0.173665,0.219742,0.239524,0.252868,0.267732
3435.54,0.0435776,0.0988595,0.11725,0.173203,0.218958,0.238759,0.251898,0.266746
3436.5,0.0434411,0.0986467,0.116938,0.172811,0.218256,0.237846,0.250945,0.265733
3437.47,0.0433917,0.0984636,0.116689,0.172391,0.21751,0.236773,0.249959,0.264656
3438.43,0.043428,0.098315,0.116527,0.171953,0.216702,0.235725,0.248939,0.263587
3439.4,0.043441,0.0981519,0.116338,0.171471,0.215871,0.234834,0.247903,0.262576
3440.36,0.0433094,0.0978501,0.115969,0.170865,0.215032,0.234026,0.246862,0.261539
3441.32,0.0430049,0.0973657,0.115431,0.17013,0.214231,0.23315,0.245857,0.260407
3442.29,0.0426254,0.0968165,0.114864,0.169363,0.213521,0.23219,0.244937,0.259251
3443.25,0.0422991,0.0963399,0.114357,0.168644,0.212819,0.231243,0.244061,0.258142
3444.22,0.0420346,0.0959089,0.113874,0.167982,0.211988,0.230339,0.243098,0.257048
3445.18,0.0417704,0.0954186,0.113354,0.167374,0.211035,0.229433,0.242005,0.255951
3446.15,0.04149,0.0948862,0.112797,0.166794,0.210064,0.228502,0.240899,0.25486
3447.11,0.0412011,0.0944396,0.112275,0.166204,0.209178,0.227559,0.239876,0.253747
3448.07,0.0409201,0.0941248,0.111844,0.165612,0.208425,0.226611,0.23891,0.252618
3449.04,0.040682,0.0938663,0.111492,0.16505,0.207739,0.225662,0.237963,0.251528
3450.0,0.0404842,0.0935786,0.111154,0.164509,0.207014,0.224733,0.236993,0.25049
3450.97,0.0402781,0.0931932,0.110744,0.163953,0.206201,0.223866,0.235951,0.249464
3451.93,0.0400357,0.0927197,0.110249,0.163333,0.205343,0.223048,0.234904,0.24842
3452.89,0.0397858,0.0922589,0.109756,0.162645,0.204509,0.222208,0.233976,0.24738
3453.86,0.0395646,0.0918461,0.10933,0.161942,0.203722,0.221322,0.233142,0.246384
3454.82,0.0393369,0.0914034,0.10893,0.161228,0.202952,0.220426,0.232243,0.245415
3455.79,0.0390392,0.0908983,0.108462,0.160478,0.202142,0.219507,0.231218,0.244393
3456.75,0.0386724,0.0903616,0.10787,0.159698,0.201277,0.218504,0.230171,0.243282
3457.72,0.0382578,0.0897697,0.107173,0.158869,0.200405,0.217431,0.229189,0.242141
3458.68,0.037846,0.0891437,0.106503,0.158033,0.199578,0.216402,0.228237,0.241046
3459.64,0.037574,0.088633,0.106036,0.157317,0.19879,0.215511,0.227221,0.239988
3460.61,0.0374749,0.0883066,0.10577,0.156751,0.197978,0.214725,0.226104,0.238917
3461.57,0.0373651,0.0880554,0.105478,0.156246,0.19711,0.213948,0.224996,0.237849
3462.54,0.0371041,0.0877393,0.105012,0.155738,0.196247,0.213129,0.224027,0.23685
3463.5,0.0367432,0.0872937,0.104429,0.155178,0.195413,0.212269,0.223152,0.235904
3464.47,0.0363636,0.0867478,0.1038,0.154541,0.19455,0.211391,0.222274,0.234935
3465.43,0.0359979,0.0861859,0.103129,0.153846,0.193649,0.21051,0.221362,0.233926
3466.39,0.0356686,0.085676,0.102474,0.153124,0.192764,0.209588,0.220379,0.232886
3467.36,0.0353963,0.0852411,0.101962,0.152415,0.191936,0.208619,0.219319,0.231835
3468.32,0.0352278,0.0848881,0.101608,0.151768,0.191174,0.207687,0.218284,0.230772
3469.29,0.0352105,0.0846097,0.101303,0.151192,0.190422,0.206816,0.217327,0.229629
3470.25,0.0352857,0.084369,0.100988,0.150658,0.189613,0.205942,0.216358,0.22841
3471.21,0.0353052,0.0841358,0.100689,0.150158,0.188779,0.205039,0.215349,0.22723
3472.18,0.035179,0.0838816,0.100366,0.149631,0.187987,0.20411,0.214382,0.226147
3473.14,0.0349324,0.0835443,0.0999089,0.148962,0.187219,0.203142,0.213457,0.225121
3474.11,0.0346518,0.0830999,0.0993518,0.14816,0.18642,0.202168,0.212503,0.224107
3475.07,0.0344131,0.0826121,0.098862,0.147394,0.185608,0.201251,0.211553,0.223109
3476.04,0.0342126,0.0821484,0.0984708,0.14675,0.184839,0.200418,0.210659,0.222169
3477.0,0.0339799,0.0817022,0.0980327,0.146136,0.184086,0.199646,0.209761,0.221291
3477.96,0.0336848,0.0812402,0.0974633,0.145481,0.183287,0.198874,0.208795,0.220441
3478.93,0.0334072,0.0807978,0.096875,0.144821,0.182462,0.198004,0.20779,0.219563
3479.89,0.0332626,0.0804653,0.0964296,0.144182,0.181665,0.196988,0.206775,0.218566
3480.86,0.0332437,0.0802398,0.0960892,0.14355,0.180881,0.195895,0.205744,0.217418
3481.82,0.0332103,0.0799599,0.0956941,0.142939,0.180049,0.194855,0.204742,0.216226
3482.79,0.0330527,0.0795017,0.0952231,0.142323,0.179144,0.193953,0.203833,0.215111
3483.75,0.0327669,0.0789346,0.0947292,0.141633,0.178216,0.193166,0.202963,0.21408
3484.71,0.0323964,0.0783705,0.0941968,0.140888,0.177318,0.192413,0.202047,0.213085
3485.68,0.0320378,0.077864,0.0936207,0.140165,0.176445,0.191619,0.201096,0.212066
3486.64,0.0318292,0.0774594,0.0930823,0.139506,0.175616,0.190767,0.200159,0.211003
3487.61,0.0318035,0.0771752,0.0926959,0.138935,0.174878,0.189898,0.199229,0.209959
3488.57,0.0317995,0.0769459,0.0924258,0.13845,0.174189,0.189038,0.198277,0.20898
3489.54,0.0316374,0.0766471,0.0920621,0.137969,0.173442,0.188148,0.197319,0.208016
3490.5,0.0313159,0.0762286,0.0915172,0.137374,0.172609,0.187224,0.19638,0.207024
3491.46,0.0309674,0.0757607,0.0909162,0.136629,0.171754,0.186338,0.195455,0.206032
3492.43,0.0307127,0.0752971,0.0903867,0.13584,0.170938,0.185496,0.19456,0.205086
3493.39,0.0305639,0.0748236,0.0899509,0.135152,0.170169,0.184604,0.193734,0.204176
3494.36,0.0304173,0.0743569,0.0895453,0.134564,0.169433,0.183657,0.192932,0.203234
3495.32,0.030169,0.0739195,0.0890641,0.133944,0.168696,0.182757,0.192037,0.20223
3496.28,0.0298621,0.0734842,0.0884805,0.133239,0.167895,0.181907,0.191008,0.201211
3497.25,0.0296251,0.0730485,0.0879053,0.132523,0.167005,0.181031,0.189924,0.200185
3498.21,0.0294854,0.0726529,0.0874558,0.131851,0.16608,0.180148,0.188879,0.199117
3499.18,0.0293562,0.0722829,0.0871046,0.131195,0.165175,0.179308,0.187879,0.19803
3500.14,0.0291321,0.0718516,0.0866893,0.130468,0.164307,0.178454,0.186868,0.196965
3501.11,0.0287967,0.0713295,0.0861234,0.129635,0.163448,0.177501,0.185825,0.195898
3502.07,0.0284885,0.0708319,0.0855519,0.128829,0.162583,0.176479,0.184782,0.194767
3503.03,0.0283522,0.0704924,0.0851536,0.128233,0.161765,0.175545,0.183805,0.193628
3504.0,0.0283297,0.0702979,0.0848617,0.127797,0.161019,0.174799,0.18296,0.192644
3504.96,0.0283001,0.0701422,0.0845337,0.127347,0.160316,0.174128,0.182221,0.191815
3505.93,0.0282384,0.0699327,0.0841654,0.12683,0.159654,0.173359,0.181461,0.190974
3506.89,0.0281194,0.069612,0.0837575,0.126264,0.158983,0.172461,0.180599,0.190037
3507.86,0.0279067,0.0691723,0.0832543,0.125621,0.158169,0.171482,0.179639,0.188994
3508.82,0.027623,0.0686452,0.0826651,0.12488,0.157185,0.170465,0.178628,0.187862
3509.78,0.0273206,0.0680986,0.0820886,0.124104,0.156252,0.169488,0.177644,0.186793
3510.75,0.0269884,0.067576,0.0815471,0.123346,0.155525,0.168597,0.176688,0.185908
3511.71,0.0265972,0.0670587,0.0809896,0.122606,0.154887,0.167727,0.175695,0.185078
3512.68,0.0262257,0.0665793,0.0804752,0.12193,0.154198,0.16683,0.174681,0.184159
3513.64,0.0259903,0.0662103,0.0800967,0.121328,0.153462,0.165928,0.173697,0.183148
3514.61,0.0258638,0.0659049,0.0797744,0.120737,0.152698,0.165034,0.172749,0.182076
3515.57,0.0257239,0.0655426,0.0793845,0.120122,0.151859,0.164156,0.17183,0.180969
3516.53,0.0255332,0.0651223,0.0789692,0.119503,0.150952,0.163304,0.170935,0.179887
3517.5,0.025338,0.0647382,0.0785848,0.118885,0.15008,0.162487,0.170041,0.178851
3518.46,0.0251582,0.0644039,0.078162,0.118277,0.149301,0.161692,0.169131,0.177832
3519.43,0.0249731,0.0640479,0.0776796,0.117712,0.148604,0.160882,0.168232,0.176852
3520.39,0.0247527,0.0636381,0.077196,0.117166,0.147942,0.160033,0.167373,0.175973
3521.35,0.0244427,0.0631657,0.0766572,0.116528,0.147188,0.159141,0.166513,0.175158
3522.32,0.0240278,0.0626183,0.075986,0.115757,0.146247,0.158235,0.165571,0.174248
3523.28,0.023651,0.0620887,0.0753227,0.11499,0.145264,0.157344,0.164558,0.173152
3524.25,0.0234635,0.061704,0.0748371,0.114334,0.144421,0.156436,0.163582,0.171985
3525.21,0.0234022,0.0614172,0.074453,0.113688,0.143629,0.155461,0.162663,0.170865
3526.18,0.023341,0.061106099999999997,0.0740671,0.112957,0.14275,0.154449,0.16174,0.169807
3527.14,0.0232344,0.0607217,0.0736806,0.112199,0.141819,0.153475,0.160789,0.168803
3528.1,0.0230737,0.0602839,0.0732737,0.111516,0.140955,0.152579,0.159844,0.167857
3529.07,0.0228532,0.0598479,0.0728154,0.110941,0.140221,0.151757,0.158927,0.166982
3530.03,0.0225939,0.0594509,0.0723521,0.110414,0.139586,0.151002,0.158032,0.166154
3531.0,0.0223151,0.0590611,0.0719313,0.109845,0.138951,0.15028,0.157144,0.165295
3531.96,0.0220121,0.0586343,0.0715408,0.109205,0.138231,0.149541,0.156278,0.164372
3532.93,0.0217031,0.0581866,0.0711382,0.108543,0.137445,0.148766,0.155453,0.163455
3533.89,0.0214279,0.0577578,0.0706764,0.107903,0.136666,0.147974,0.154663,0.162585
3534.85,0.0211892,0.0573628,0.0701527,0.107297,0.13589,0.147153,0.153846,0.161648
3535.82,0.0209603,0.0570017,0.0696421,0.10672,0.135045,0.146276,0.152944,0.160531
3536.78,0.0207382,0.0566488,0.0692123,0.10614,0.134156,0.145392,0.152008,0.159373
3537.75,0.0205435,0.0562509,0.0688242,0.10551,0.133331,0.144555,0.151117,0.158371
3538.71,0.0203833,0.0558137,0.0683984,0.104828,0.132572,0.143728,0.150238,0.157496
3539.67,0.0202243,0.0554056,0.0678995,0.104149,0.13183,0.142881,0.149338,0.156652
3540.64,0.0200069,0.0550343,0.0673607,0.103507,0.131098,0.142035,0.148462,0.155803
3541.6,0.0197174,0.0546391,0.0668537,0.102876,0.130374,0.141189,0.147616,0.154911
3542.57,0.0194112,0.0542106,0.0663926,0.10223,0.129631,0.140304,0.146734,0.153945
3543.53,0.0191481,0.0537741,0.0659105,0.101537,0.128818,0.139336,0.145773,0.152907
3544.5,0.0189465,0.0533284,0.0653688,0.100747,0.127911,0.138301,0.144743,0.151829
3545.46,0.0187774,0.052886,0.0648251,0.0999028,0.126998,0.137302,0.143672,0.150765
3546.42,0.0185992,0.0524571,0.0643353,0.0991622,0.126147,0.136419,0.142591,0.14973
3547.39,0.0184084,0.0520259,0.0638775,0.0985843,0.12533,0.135616,0.141563,0.148723
3548.35,0.0182071,0.0515983,0.0634121,0.0980612,0.124539,0.134812,0.140644,0.147773
3549.32,0.0179856,0.0511757,0.0629272,0.0974811,0.123753,0.133967,0.139797,0.146865
3550.28,0.0177781,0.0507449,0.0624304,0.0968303,0.122891,0.133074,0.138923,0.145934
3551.25,0.0176471,0.0503545,0.0619573,0.0961638,0.121953,0.132155,0.137991,0.144942
3552.21,0.0175846,0.050105,0.0615599,0.0955375,0.121109,0.131325,0.137118,0.143982
3553.17,0.0174917,0.0499456,0.0612136,0.0949427,0.120473,0.130636,0.136378,0.143156
3554.14,0.0173018,0.0496936,0.0608333,0.0943454,0.119912,0.129954,0.135626,0.142351
3555.1,0.0170254,0.0492931,0.0603932,0.0937381,0.119261,0.12918,0.134742,0.141434
3556.07,0.0167216,0.0488172,0.0599225,0.0931103,0.118494,0.12832,0.133786,0.140442
3557.03,0.0164795,0.0483561,0.0594745,0.0924769,0.117706,0.127436,0.132886,0.139503
3558.0,0.0163375,0.0479495,0.0590738,0.0918713,0.116981,0.126593,0.132068,0.138674
3558.96,0.0162274,0.0475641,0.0586694,0.0912773,0.116276,0.125789,0.131251,0.13787
3559.92,0.0160645,0.0471555,0.0582282,0.090672,0.115527,0.124998,0.130406,0.136973
3560.89,0.0158522,0.0467192,0.0577793,0.0900302,0.114724,0.124195,0.129544,0.135944
3561.85,0.0156294,0.0462537,0.0573034,0.0892812,0.113825,0.123298,0.128604,0.134813
3562.82,0.0154164,0.0457715,0.0567453,0.0884377,0.112822,0.122287,0.127588,0.13371
3563.78,0.0152778,0.0453317,0.0561384,0.0876221,0.111823,0.121255,0.126648,0.132798
3564.74,0.0152479,0.0449419,0.0555498,0.0868421,0.110876,0.120222,0.125843,0.132027
3565.71,0.0151963,0.0445062,0.0549821,0.0860189,0.109882,0.119166,0.125027,0.131153
3566.67,0.0149372,0.043965,0.0544342,0.0852697,0.108844,0.118229,0.124094,0.130046
3567.64,0.0145411,0.0434669,0.0539327,0.0847168,0.108001,0.117463,0.123138,0.128875
3568.6,0.0142262,0.0431695,0.0535083,0.0842259,0.107433,0.116764,0.122257,0.127905
3569.57,0.0140407,0.0429925,0.0531684,0.0837408,0.106936,0.116119,0.121443,0.127155
3570.53,0.0139336,0.0427725,0.0528652,0.0832639,0.106345,0.115467,0.120645,0.126436
3571.49,0.0138546,0.0424276,0.0525398,0.0827493,0.105665,0.114748,0.119829,0.125604
3572.46,0.0137606,0.0419809,0.0521574,0.0821505,0.104938,0.113991,0.118991,0.12468
3573.42,0.0135954,0.0415051,0.0517074,0.0814711,0.104157,0.113248,0.11815,0.123766
3574.39,0.0133539,0.0411083,0.0512237,0.080776,0.103362,0.112535,0.117324,0.122929
3575.35,0.0131378,0.0408562,0.0507604,0.0801153,0.102624,0.111792,0.116476,0.12214
3576.32,0.0130145,0.040639,0.0503118,0.0794598,0.101914,0.110941,0.115581,0.121318
3577.28,0.0129194,0.040304,0.0498509,0.0788087,0.101184,0.11005,0.114705,0.120451
3578.24,0.0127936,0.0398979,0.0494111,0.0782324,0.100459,0.109243,0.113916,0.119615
3579.21,0.0126708,0.0395705,0.0490429,0.0777444,0.0997786,0.108537,0.113206,0.118864
3580.17,0.012573,0.0393236,0.0487341,0.0772618,0.0991464,0.107875,0.112514,0.118157
3581.14,0.0124831,0.0390472,0.048413,0.0766935,0.0985022,0.107157,0.111728,0.117383
3582.1,0.0123943,0.0386937,0.0480112,0.0760053,0.0977599,0.106319,0.110786,0.116488
3583.07,0.0122681,0.0382724,0.0474983,0.075233,0.0969261,0.105434,0.10982,0.115538
3584.03,0.0120779,0.0378192,0.0469153,0.0744809,0.0960821,0.104596,0.108996,0.11462
3584.99,0.0118913,0.0373714,0.0463254,0.0737955,0.0951981,0.103737,0.10823,0.113687
3585.96,0.011777,0.0368962,0.0457224,0.0730861,0.0941288,0.102723,0.107281,0.112576
3586.92,0.0116941,0.036341,0.0451337,0.0723032,0.0929328,0.101629,0.106135,0.111334
3587.89,0.0115559,0.0358246,0.0447298,0.0716208,0.0920171,0.100744,0.105162,0.110379
3588.85,0.0113948,0.0355116,0.0445352,0.071139,0.0915096,0.100125,0.104527,0.109848
3589.81,0.0112664,0.0353237,0.0443612,0.0707122,0.0911235,0.0996203,0.104023,0.109444
3590.78,0.0111758,0.0351071,0.0440709,0.0701899,0.0905966,0.0990601,0.103435,0.108913
3591.74,0.0111125,0.0348164,0.0436551,0.0695339,0.0898308,0.0983022,0.102648,0.108147
3592.71,0.0110521,0.0345041,0.04321,0.068822,0.0889285,0.0973676,0.101717,0.107185
3593.67,0.0109896,0.0342144,0.0428244,0.0681558,0.0880897,0.0964436,0.100851,0.106213
3594.64,0.0109327,0.0338909,0.0424302,0.0675011,0.0873132,0.0955883,0.100082,0.105306
3595.6,0.0108125,0.0334676,0.0419432,0.066781,0.0865048,0.0947521,0.0992407,0.104387
3596.56,0.0105862,0.0329969,0.0414106,0.066041,0.0857128,0.0939455,0.0983061,0.103492
3597.53,0.0103406,0.0325733,0.0408733,0.0653423,0.0849615,0.0931226,0.0973599,0.102672
3598.49,0.0101814,0.0322388,0.0403508,0.0646865,0.0842357,0.0922726,0.096478,0.101893
3599.46,0.0101395,0.0319393,0.0398691,0.0640238,0.0835422,0.0914683,0.0957131,0.101087
3600.42,0.0101346,0.031584,0.039415,0.0633431,0.0828508,0.0907147,0.0949931,0.100219
3601.39,0.0100712,0.0312194,0.0390256,0.0627565,0.0821421,0.089993,0.0942382,0.099377
3602.35,0.00998057,0.0309438,0.0387381,0.0622803,0.0814415,0.0893202,0.093479,0.0986512
3603.31,0.00994481,0.030725,0.0384704,0.0617996,0.0807595,0.0886803,0.0927661,0.0980203
3604.28,0.00996725,0.0304919,0.0381543,0.0612916,0.0800588,0.0880273,0.0921119,0.0974258
3605.24,0.0100023,0.0302232,0.037793,0.0607698,0.0792672,0.087299,0.091458,0.0967481
3606.21,0.0100047,0.0298892,0.0373624,0.0601519,0.0783541,0.0864184,0.0906839,0.0958171
3607.17,0.00993813,0.0294651,0.0368539,0.0594114,0.077414,0.0853847,0.0897371,0.0946643
3608.14,0.00978811,0.028981,0.0363228,0.0586254,0.0764773,0.0842936,0.0886397,0.0935003
3609.1,0.00954498,0.0284701,0.0357722,0.0577675,0.0754514,0.0832617,0.087437,0.0923645
3610.06,0.00927639,0.0279981,0.0352178,0.0569172,0.0744773,0.0824247,0.0863681,0.0913426
3611.03,0.0090871,0.0275816,0.0346703,0.0561605,0.0736122,0.0816997,0.0854967,0.0904618
3611.99,0.00903667,0.0271998,0.0341261,0.0554171,0.0727378,0.0809092,0.0846613,0.089586
3612.96,0.00911895,0.0269282,0.0336993,0.0547181,0.0719297,0.0800868,0.0838714,0.0887384
3613.92,0.0091867,0.0267767,0.0334383,0.0541707,0.0712798,0.0793614,0.0832143,0.0880373
3614.88,0.00916203,0.0266335,0.0332277,0.0537009,0.07072,0.0787696,0.0826647,0.0874905
3615.85,0.0091208,0.0264441,0.0329768,0.0531576,0.0701903,0.0782417,0.082163,0.0870098
3616.81,0.00909026,0.026149,0.0326054,0.0524007,0.0695153,0.077523,0.0814966,0.0863137
3617.78,0.00901694,0.0257081,0.0321133,0.0514743,0.0685495,0.0764686,0.0804521,0.0852362
3618.74,0.00888538,0.025247,0.031637,0.0507203,0.0674795,0.0754303,0.0792529,0.0841718
3619.71,0.00873684,0.0249244,0.0312296,0.0503093,0.0666351,0.0747972,0.0784267,0.0835114
3620.67,0.00859924,0.02471,0.0308485,0.0500027,0.0660567,0.0743407,0.0779651,0.0829876
3621.63,0.00851551,0.0245215,0.0305142,0.049603,0.0655477,0.0737667,0.0774729,0.0823772
3622.6,0.0084968,0.0243199,0.0302419,0.0490555,0.064935,0.0730774,0.0768051,0.0817292
3623.56,0.00849233,0.024094,0.0300128,0.0483854,0.064197,0.0723716,0.076074,0.0810982
3624.53,0.00847261,0.0238506,0.0297755,0.0476787,0.0634276,0.0717139,0.0754093,0.0804944
3625.49,0.00846138,0.0236005,0.0294745,0.0470274,0.0627184,0.0711452,0.0748361,0.0799393
3626.46,0.00848062,0.0233612,0.0290926,0.0464631,0.0620693,0.0706569,0.0742908,0.0794258
3627.42,0.00855473,0.0231108,0.0286064,0.0458421,0.0612967,0.0699904,0.0736043,0.0787527
3628.38,0.00865476,0.0227165,0.0279468,0.0448539,0.0600495,0.0685819,0.0724367,0.0774191
3629.35,0.00856605,0.0222757,0.0273503,0.0438686,0.058756,0.0670375,0.0710547,0.0757765
3630.31,0.00839697,0.022089,0.027082,0.0434786,0.0581521,0.0665195,0.0702599,0.0749391
3631.28,0.00830145,0.0219662,0.0269157,0.0432254,0.0577465,0.0662541,0.0697252,0.0744474
3632.24,0.00820877,0.0217511,0.0267074,0.0428202,0.0571975,0.0657071,0.0691,0.0738252
3633.2,0.00808613,0.0214234,0.0263978,0.0422082,0.0564204,0.0648219,0.0682559,0.0729283
3634.17,0.00800448,0.0210572,0.0260055,0.0415213,0.0555544,0.0638769,0.0672913,0.0719404
3635.13,0.00798718,0.0207516,0.0256233,0.0409275,0.0547996,0.0631633,0.0664429,0.0711529
3636.1,0.0079673,0.020499,0.0252823,0.0403827,0.0541083,0.0626108,0.065746,0.070531
3637.06,0.00790377,0.0202205,0.0249408,0.0397813,0.0533584,0.0620288,0.065067,0.0698863
3638.03,0.00781933,0.0199029,0.0245886,0.0391258,0.0525518,0.0613365,0.0642838,0.0691056
3638.99,0.00778474,0.0196525,0.0243003,0.0385099,0.0517624,0.0606126,0.0634548,0.0682545
3639.95,0.00783472,0.0195162,0.0240851,0.037964,0.0509916,0.0599542,0.0627552,0.0674772
3640.92,0.00791613,0.0193979,0.0238205,0.0374235,0.0502066,0.0593632,0.0622343,0.0668133
3641.88,0.00791101,0.0191881,0.0234349,0.0368305,0.0494239,0.0587963,0.0617621,0.0662096
3642.85,0.00777937,0.0188982,0.0230503,0.0362192,0.0487101,0.0582677,0.0612252,0.0656639
3643.81,0.00765928,0.0186262,0.022787,0.0356696,0.048085,0.0577892,0.0606433,0.0651991
3644.78,0.00766118,0.0183916,0.022541,0.0351512,0.0474182,0.0572104,0.0599609,0.0646719
3645.74,0.00775162,0.0180817,0.0220698,0.0344578,0.0464349,0.0562785,0.0589568,0.0637675
3646.7,0.00780891,0.0175173,0.0212183,0.0333215,0.0449066,0.0549152,0.057471,0.0622317
3647.67,0.007682,0.0167787,0.0203199,0.0319753,0.0432649,0.0536173,0.0559376,0.0605001
3648.63,0.00740139,0.0162702,0.0198396,0.0310912,0.042195,0.0527843,0.0549371,0.059339
3649.6,0.00716259,0.0161264,0.019708,0.0307118,0.0415533,0.0521521,0.0543603,0.058715
3650.56,0.00710082,0.016259,0.0197856,0.0305758,0.0411973,0.0518154,0.0541708,0.058454
3651.53,0.00718177,0.0164409,0.019894,0.0305197,0.0410658,0.0517898,0.0541728,0.0583322
3652.49,0.0073021,0.0165016,0.0199131,0.0304066,0.0408803,0.0516955,0.0540029,0.0580628
3653.45,0.00738445,0.0163926,0.0198153,0.0301294,0.0404783,0.0513618,0.0535804,0.0575684
3654.42,0.00740271,0.0161129,0.0195708,0.0296521,0.0398217,0.0507839,0.0529603,0.0568926
3655.38,0.00740107,0.0157162,0.0191822,0.0290032,0.0389239,0.0500431,0.0522298,0.0561098
3656.35,0.00741291,0.0154128,0.018829,0.0283661,0.0380571,0.0494342,0.0516177,0.0554394
3657.31,0.00739726,0.015337,0.0186623,0.0279277,0.0375352,0.0490376,0.0511728,0.0549548
3658.27,0.00735994,0.0153222,0.0185236,0.0275612,0.0371253,0.0484964,0.0505853,0.0543288
3659.24,0.0073173,0.0152464,0.0183056,0.0271709,0.0366067,0.0477584,0.0497848,0.0534698
3660.2,0.00725937,0.0150883,0.0180711,0.0268023,0.0360136,0.0471313,0.0490329,0.0526708
3661.17,0.00718913,0.0148782,0.0179089,0.0264672,0.0354327,0.0467937,0.0485609,0.0521907
3662.13,0.00711865,0.0146612,0.0177833,0.0261203,0.0348627,0.0465032,0.0482262,0.0518835
3663.1,0.00706723,0.0144706,0.0176104,0.0257632,0.0342811,0.0459355,0.0477012,0.0514109
3664.06,0.0070604,0.0143305,0.0173886,0.0254205,0.0337089,0.0451358,0.046944,0.0506713
3665.02,0.00707305,0.0142269,0.0171556,0.0250714,0.0331654,0.0444325,0.0462229,0.0498813
3665.99,0.00704521,0.0140889,0.0169021,0.024663,0.0326151,0.0438842,0.0456102,0.049187
3666.95,0.00696529,0.0138552,0.0165733,0.0241232,0.0319782,0.0431637,0.0448273,0.0484133
3667.92,0.00686486,0.0135324,0.0161113,0.0233529,0.0311698,0.0419716,0.0436086,0.0472855
3668.88,0.00676926,0.0131881,0.0155533,0.0223574,0.0301806,0.0403845,0.0420482,0.045777
3669.85,0.00668798,0.0129646,0.015151,0.0215048,0.0292302,0.0390854,0.0408056,0.0443938
3670.81,0.00665546,0.0129921,0.0151097,0.0212347,0.0287048,0.0387194,0.0404051,0.0437931
3671.77,0.00667277,0.013112,0.0151954,0.0212635,0.0284871,0.0387243,0.0402696,0.0436543
3672.74,0.00671313,0.0131519,0.0151979,0.0212149,0.0282207,0.0385035,0.039898,0.0434168
3673.7,0.00682579,0.0130764,0.0150325,0.0209398,0.027696,0.0378368,0.0391781,0.0428305
3674.67,0.00709312,0.0128577,0.0145249,0.0202865,0.0266803,0.0364744,0.0380487,0.0415834
3675.63,0.00715022,0.0125032,0.0138561,0.0195901,0.0255728,0.0350881,0.0369135,0.0399481
3676.6,0.00683542,0.0122341,0.0136985,0.0194356,0.0252232,0.0347216,0.0363188,0.0391647
3677.56,0.00661228,0.0120787,0.0137813,0.0194616,0.0251493,0.0348123,0.0361297,0.0390481
3678.52,0.00652626,0.0119816,0.013887,0.0195154,0.0250849,0.0355225,0.036626,0.0395865
3679.49,0.0064967,0.0119406,0.0139792,0.0195363,0.0249944,0.0369167,0.0378038,0.0406827
3680.45,0.0064755,0.0119629,0.0140066,0.019395,0.0248215,0.0376255,0.0383833,0.041147
3681.42,0.00644359,0.0119868,0.0138746,0.0190515,0.0244744,0.0365466,0.0373735,0.0401066
3682.38,0.00640459,0.0119571,0.0135712,0.0186099,0.023974,0.0344353,0.0354133,0.0381942
3683.34,0.00641188,0.0118848,0.0132369,0.0182145,0.0234814,0.0326612,0.0337005,0.0365457
3684.31,0.00649036,0.0117879,0.0130265,0.017901,0.0230758,0.031603,0.0326268,0.0355347
3685.27,0.00657196,0.011668,0.0129336,0.0175977,0.0226731,0.0307505,0.0317774,0.0347655
3686.24,0.00656887,0.0115171,0.0128275,0.0172438,0.0221748,0.0298814,0.0309224,0.0339783
3687.2,0.00640304,0.0112814,0.0125494,0.0167528,0.0214343,0.0289509,0.0300082,0.0330364
3688.17,0.00616062,0.0109961,0.0121194,0.0161686,0.0204737,0.0278904,0.0290235,0.0318692
3689.13,0.00617505,0.0108672,0.0119165,0.0158905,0.0199109,0.0272614,0.0284879,0.0311337
3690.09,0.00629508,0.0108156,0.0119294,0.0159045,0.0198565,0.0274147,0.0286204,0.0312195
3691.06,0.00626432,0.0107878,0.0119948,0.0159849,0.0199836,0.0281561,0.0291363,0.031831
3692.02,0.00623498,0.0108977,0.0121938,0.016117,0.0201932,0.0290878,0.029714,0.0325104
3692.99,0.00628983,0.0110565,0.0124596,0.0162387,0.0203884,0.029798,0.0301388,0.0329315
3693.95,0.00635662,0.0111417,0.0126625,0.0162719,0.0204819,0.0302206,0.0304274,0.0331045
3694.92,0.00641334,0.0111352,0.01276,0.0162029,0.0204386,0.030399,0.0306153,0.0330997
3695.88,0.00646139,0.0110872,0.0127662,0.0160826,0.0202967,0.0303114,0.0306244,0.0329086
3696.84,0.00647385,0.0110461,0.0126923,0.0159568,0.0201199,0.0299225,0.0303425,0.0325133
3697.81,0.00643854,0.0109945,0.0125463,0.0157886,0.0198965,0.0293241,0.029806,0.0319839
3698.77,0.00637809,0.0109013,0.0123667,0.0155416,0.0196105,0.0287283,0.029227,0.0314494
3699.74,0.00628833,0.0107845,0.0121597,0.0152558,0.0192819,0.0282333,0.0287588,0.0309579
3700.7,0.00613142,0.0106887,0.0118759,0.0150208,0.0188999,0.0277454,0.028366,0.0304569
3701.67,0.00597712,0.0106927,0.0116233,0.0149548,0.0185941,0.0273507,0.0280565,0.030067
3702.63,0.00596675,0.0107909,0.0116165,0.0150071,0.0185471,0.0273099,0.0279336,0.0299822
3703.59,0.00603757,0.0108433,0.0117473,0.0150125,0.0185594,0.0274921,0.0279417,0.0300318
3704.56,0.00609058,0.0107924,0.0118434,0.0149506,0.0184357,0.0276798,0.0279885,0.0300287
3705.52,0.00609738,0.0106848,0.0118374,0.014821,0.0181943,0.0277008,0.0279217,0.0298699
3706.49,0.00606478,0.0106102,0.0117465,0.014634,0.0179266,0.0274587,0.0276243,0.0295539
3707.45,0.006036,0.0106076,0.0116606,0.0144767,0.0176698,0.0270994,0.0272404,0.029243
3708.41,0.00606318,0.0106292,0.0115978,0.0143963,0.0173886,0.0267346,0.026887,0.028957
3709.38,0.00615483,0.0105994,0.0114238,0.0143145,0.0170724,0.0262238,0.0264238,0.0284656
3710.34,0.00622821,0.0104948,0.0110654,0.0141218,0.01675,0.0255405,0.0258261,0.0277833
3711.31,0.00618702,0.0103028,0.0107423,0.0138187,0.0163915,0.0249943,0.025352,0.0272329
3712.27,0.00607581,0.0100712,0.0107832,0.0135793,0.0161568,0.0248384,0.0251471,0.0269547
3713.24,0.00604206,0.00996829,0.0110202,0.0135122,0.0161805,0.0247668,0.024947,0.0267026
3714.2,0.00606218,0.00999807,0.0111453,0.013525,0.0162865,0.0244943,0.0245593,0.026298
3715.16,0.0060445,0.0100737,0.0111328,0.0135543,0.016352,0.0240915,0.0241058,0.0258479
3716.13,0.00597701,0.0101275,0.011061,0.0135385,0.0163292,0.0237104,0.0237821,0.0255274
3717.09,0.00593271,0.0101506,0.0109933,0.013456,0.0162255,0.0234214,0.0236358,0.0253606
3718.06,0.00596777,0.0101799,0.0109571,0.0133953,0.0161179,0.0232863,0.0236405,0.0252957
3719.02,0.00607342,0.0102298,0.0109569,0.0134368,0.0160982,0.0233519,0.0237301,0.0252988
3719.99,0.00620702,0.0102568,0.0109298,0.0134798,0.0161171,0.0233864,0.0236828,0.0252447
3720.95,0.0063248,0.0102091,0.0108013,0.0133747,0.0160097,0.0230414,0.0232732,0.0249339
3721.91,0.00633421,0.0100648,0.0106025,0.0131305,0.0157416,0.0222669,0.0224694,0.0242555
3722.88,0.00620339,0.00991362,0.0104738,0.0129703,0.0155534,0.0215548,0.0216941,0.0235265
3723.84,0.00610826,0.00987544,0.0104459,0.0129801,0.01556,0.0212294,0.0213056,0.0231298
3724.81,0.00613327,0.00993486,0.0104728,0.0130034,0.0155995,0.0210703,0.0211549,0.022983
3725.77,0.00614772,0.0100016,0.0105547,0.0129355,0.0155552,0.0208147,0.0210142,0.0228389
3726.73,0.00602691,0.0099822,0.0106228,0.0128252,0.0154622,0.020407,0.0207566,0.0225221
3727.7,0.00588691,0.0098936,0.0105908,0.0127547,0.0153807,0.0200711,0.0204653,0.0221503
3728.66,0.00584668,0.00982032,0.010504,0.0127108,0.0152591,0.019886,0.0202394,0.0218873
3729.63,0.00589416,0.00978512,0.0104321,0.0126261,0.0150304,0.0196895,0.0200184,0.021685
3730.59,0.00597828,0.00976138,0.0103774,0.0124301,0.014689,0.0193225,0.0196733,0.0213719
3731.56,0.00602186,0.00974168,0.0102878,0.0121555,0.0143353,0.0188056,0.0191791,0.0208448
3732.52,0.00592998,0.00968885,0.0101126,0.0119444,0.0141235,0.0183318,0.0187258,0.0202699
3733.48,0.00572847,0.00952156,0.00981539,0.0117318,0.0139772,0.0178076,0.018332,0.0197478
3734.45,0.0055839,0.00928987,0.00938868,0.0114323,0.0137697,0.0170115,0.0178173,0.0191835
3735.41,0.00570492,0.00919583,0.00910922,0.0112974,0.0135767,0.0163655,0.0173428,0.0187933
3736.38,0.00587198,0.00926109,0.00919425,0.0113526,0.0134897,0.0163278,0.0171257,0.0186845
3737.34,0.00583724,0.00936141,0.00935709,0.0113604,0.0135013,0.0164583,0.0169593,0.0185911
3738.31,0.00573768,0.0094806,0.009449,0.0113585,0.0135434,0.0164818,0.0167545,0.0184546
3739.27,0.00571691,0.00957203,0.00947001,0.0113402,0.0134827,0.0163351,0.0165214,0.0182447
3740.23,0.00581342,0.00959613,0.00946566,0.0112764,0.0133386,0.016065,0.0162846,0.0179769
3741.2,0.00598622,0.00961576,0.00951824,0.0112767,0.0133115,0.0158824,0.0161372,0.0178093
3742.16,0.00612421,0.00972455,0.00961916,0.0113828,0.0134469,0.0158642,0.0161016,0.0177711
3743.13,0.00608719,0.00986712,0.00960172,0.0114129,0.0135119,0.015733,0.0159525,0.017581
3744.09,0.00571153,0.00971694,0.00922745,0.0111087,0.0131342,0.0150737,0.0152877,0.0168834
3745.06,0.00539206,0.00926331,0.00886693,0.0107512,0.0125987,0.0144366,0.0146248,0.0163038
3746.02,0.00545396,0.00909854,0.00889701,0.0106789,0.0124891,0.0143798,0.0145566,0.0162827
3746.98,0.00560987,0.00910235,0.00901116,0.0106464,0.0125271,0.0144413,0.0146171,0.0163148
3747.95,0.00577801,0.00910365,0.00907697,0.0105564,0.0125571,0.014457,0.0146283,0.0162312
3748.91,0.00591882,0.00906243,0.00903993,0.010383,0.0124876,0.0143475,0.0145077,0.015916
3749.88,0.00594838,0.00904058,0.00895071,0.0101872,0.0122176,0.0141052,0.0142241,0.015434
3750.84,0.0058878,0.00905565,0.00890134,0.0100908,0.0118696,0.0139472,0.0139922,0.0151833
3751.8,0.00581193,0.00907197,0.00890325,0.0101619,0.0117926,0.0140629,0.0140299,0.0153515
3752.77,0.00575634,0.0091505,0.00902201,0.0103725,0.012112,0.0143309,0.0142136,0.0156161
3753.73,0.00571801,0.0092659,0.00919464,0.0105845,0.0124286,0.0144631,0.0142899,0.0156569
3754.7,0.00570801,0.00931788,0.0093213,0.0107513,0.0125505,0.0144315,0.0142794,0.0155476
3755.66,0.00574689,0.0092538,0.00937009,0.0108615,0.0124958,0.0143535,0.0142757,0.015427
3756.63,0.00579925,0.00913204,0.00932549,0.010902,0.0123612,0.0143704,0.0143266,0.0154166
3757.59,0.00580005,0.00905753,0.00918357,0.010871,0.012221,0.0144081,0.0143451,0.015448
3758.55,0.00574873,0.00903805,0.00900558,0.0107776,0.0120788,0.0142565,0.0142015,0.01531
3759.52,0.00568641,0.00906974,0.00895539,0.0107166,0.0120874,0.0139869,0.0139752,0.0150532
3760.48,0.00565753,0.00913059,0.00907755,0.0107723,0.0123179,0.0138907,0.0138887,0.0149755
3761.45,0.00567375,0.00915433,0.00920867,0.010825,0.0125327,0.0139218,0.013883,0.0150354
3762.41,0.00572469,0.00914086,0.00927062,0.0107919,0.012624,0.0139555,0.013862,0.0151053
3763.38,0.0057861,0.00913091,0.00925083,0.0107175,0.0125901,0.0139716,0.0138529,0.0151745
3764.34,0.00581395,0.00913424,0.00914833,0.0106624,0.0124156,0.0139006,0.0138087,0.015157
3765.3,0.00576887,0.00912543,0.00900269,0.0106292,0.0121831,0.0137006,0.0136137,0.0149321
3766.27,0.00571364,0.00912464,0.00892161,0.0106172,0.012092,0.0135487,0.0134068,0.0146459
3767.23,0.00574752,0.00916226,0.0089313,0.0106174,0.0121058,0.0135165,0.0133673,0.0144888
3768.2,0.00582689,0.00917842,0.00892906,0.0105573,0.0120252,0.0134228,0.0133455,0.0143673
3769.16,0.00581796,0.00908661,0.00883647,0.0103909,0.0117982,0.0131706,0.013134,0.014181
3770.13,0.00569448,0.00895488,0.00876574,0.0102931,0.0117111,0.0130108,0.0128605,0.0140684
3771.09,0.00564093,0.00893643,0.00884313,0.0104082,0.0119397,0.0131259,0.0128486,0.0141314
3772.05,0.00567948,0.0089756,0.00896002,0.0105662,0.0122092,0.013282,0.0130072,0.014204
3773.02,0.00569999,0.00899588,0.00902828,0.0106339,0.0123158,0.013336,0.0131288,0.0141754
3773.98,0.0056618,0.00900427,0.00905207,0.0106098,0.0122713,0.0133139,0.0131324,0.0140672
3774.95,0.00562149,0.0090171,0.00906117,0.0105414,0.0122046,0.0132634,0.0130659,0.0139692
3775.91,0.00561929,0.00901703,0.00906528,0.0104607,0.0121657,0.0131885,0.0129923,0.0139296
3776.87,0.005625,0.00900801,0.00905396,0.0103939,0.0120929,0.0130834,0.0129004,0.0139062
3777.84,0.00561916,0.00901551,0.00901057,0.0103469,0.0119533,0.0129484,0.012756,0.0138265
3778.8,0.00562648,0.00900951,0.00893839,0.0102954,0.0118259,0.0128223,0.0125951,0.0136772
3779.77,0.0056419,0.00894325,0.00887797,0.0102652,0.0118222,0.0127896,0.0125227,0.0135601
3780.73,0.00563195,0.00889207,0.00886342,0.0103081,0.0118808,0.0128228,0.0125365,0.0135446
3781.7,0.0056232,0.00891512,0.00888673,0.0103787,0.0119002,0.0128282,0.0125485,0.0135659
3782.66,0.00565618,0.00895388,0.00888625,0.0103898,0.0118486,0.0127519,0.0125053,0.0135406
3783.62,0.00573034,0.00894338,0.00880127,0.0103048,0.0117219,0.0126047,0.0124089,0.0134347
3784.59,0.00579312,0.00892822,0.00871349,0.0102026,0.0116127,0.0125233,0.0123498,0.013329
3785.55,0.00579217,0.00897032,0.00874128,0.0101769,0.0116404,0.0125851,0.0123763,0.0133125
3786.52,0.00574673,0.00902182,0.00881127,0.0101844,0.011739,0.0126478,0.0123892,0.0133116
3787.48,0.00568703,0.00903451,0.00882074,0.010163,0.0117775,0.0126138,0.0123268,0.0132505
3788.45,0.00561829,0.00900801,0.00877681,0.0101327,0.0117237,0.0125373,0.0122489,0.0131803
3789.41,0.00557452,0.00897865,0.00875391,0.0101489,0.0116618,0.0125184,0.012262,0.0131903
3790.37,0.00558869,0.00898695,0.00879685,0.0102173,0.0116806,0.012577,0.0123738,0.0132601
3791.34,0.00562956,0.00902064,0.00886956,0.0102817,0.0117398,0.0126243,0.0124534,0.0132758
3792.3,0.00566352,0.00906157,0.00893025,0.0103082,0.0117594,0.012599,0.0124189,0.0132132
3793.27,0.00569484,0.00909471,0.0089595,0.0102956,0.0117328,0.0125134,0.012323,0.0131398
3794.23,0.00571569,0.0090638,0.0089116,0.0102142,0.0116527,0.0123437,0.0122081,0.0130583
3795.19,0.00570465,0.00894081,0.00875367,0.0100438,0.0114749,0.012064,0.0120561,0.0129142
3796.16,0.00565851,0.00879069,0.00855936,0.00986908,0.0112368,0.0118344,0.0118904,0.0127149
3797.12,0.00559951,0.00874064,0.00847654,0.009822,0.0111251,0.0118602,0.011787,0.0125664
3798.09,0.00556059,0.00881296,0.00849978,0.00984208,0.0111595,0.0119465,0.0117363,0.0125033
3799.05,0.00557059,0.00890879,0.00852989,0.00979145,0.0111591,0.011857,0.0116734,0.0124631
3800.02,0.00562736,0.00891406,0.00847529,0.00956735,0.0109375,0.0115415,0.0115108,0.0123825
3800.98,0.0056368,0.00877013,0.00829609,0.00920831,0.010449,0.0111431,0.0112105,0.0122158
3801.94,0.00554402,0.00869094,0.00827146,0.0092103,0.0103007,0.0111499,0.0111461,0.0121362
3802.91,0.00553147,0.00880508,0.00846401,0.00955479,0.0106593,0.0114731,0.0114023,0.0122651
3803.87,0.00561095,0.00893548,0.00859549,0.0097997,0.0109969,0.0117207,0.0116212,0.0124044
3804.84,0.0056842,0.00895499,0.00855421,0.00981977,0.0111025,0.0117769,0.0116581,0.012404
3805.8,0.00569428,0.0087998,0.00835823,0.00963653,0.0109405,0.0116337,0.0114752,0.012219
3806.77,0.00569521,0.00861683,0.00824406,0.00948555,0.0107311,0.0115147,0.0112433,0.0120226
3807.73,0.00574267,0.00868365,0.0083972,0.00963089,0.0108544,0.0116716,0.0113262,0.0120772
3808.69,0.00574256,0.00884009,0.00857134,0.00985714,0.0111116,0.0118866,0.0116005,0.0122489
3809.66,0.00569012,0.00891866,0.00867915,0.00999031,0.0112774,0.0120337,0.011832,0.0124162
3810.62,0.00566631,0.00894369,0.00878629,0.0100305,0.0113675,0.0121263,0.0119319,0.0125569
3811.59,0.00568782,0.00897129,0.00888854,0.0100273,0.0114246,0.0121402,0.0118883,0.0126035
3812.55,0.00568784,0.00899386,0.00891132,0.0100062,0.0114139,0.0120622,0.011759,0.0125118
3813.52,0.00564976,0.00896393,0.00884173,0.00993307,0.0112943,0.0119298,0.0116111,0.012338
3814.48,0.00561106,0.00882857,0.0087165,0.00971552,0.0110553,0.0117185,0.0114437,0.0121171
3815.44,0.00560094,0.00860105,0.00856302,0.00931414,0.0107477,0.0113611,0.0112308,0.0118316
3816.41,0.00567277,0.00850775,0.00849176,0.00908518,0.0106304,0.0111037,0.0111031,0.0116822
3817.37,0.00578109,0.00855536,0.00850286,0.00914539,0.0106814,0.0110919,0.01109,0.0117347
3818.34,0.00583023,0.00855591,0.00845864,0.00914054,0.0106289,0.0110486,0.0110104,0.0117467
3819.3,0.00580699,0.00850255,0.00829714,0.00894053,0.0103758,0.0108105,0.0107757,0.0116072
3820.26,0.00573767,0.00852262,0.00803511,0.00872468,0.0100065,0.0104077,0.0104784,0.0113518
3821.23,0.0056701,0.00871094,0.00794694,0.00897678,0.01001,0.0103716,0.0105493,0.0113354
3822.19,0.00566512,0.00881358,0.00812972,0.00942695,0.0103904,0.0108458,0.0109467,0.011648
3823.16,0.005713,0.008805,0.00830613,0.00965968,0.0106672,0.0112802,0.0112547,0.0119012
3824.12,0.00577615,0.00880476,0.00840363,0.00973071,0.0107722,0.0115085,0.0113841,0.0119647
3825.09,0.00582868,0.00880732,0.0084302,0.00969229,0.0107398,0.0115167,0.0113178,0.0118689
3826.05,0.00585882,0.00875518,0.00841953,0.00959093,0.0106243,0.0113542,0.0111063,0.0117158
3827.01,0.00584079,0.00869099,0.00845729,0.00954361,0.0105499,0.0112108,0.0109232,0.0116129
3827.98,0.00577723,0.00869687,0.00856771,0.00961187,0.0105947,0.0112372,0.0108975,0.0116058
3828.94,0.00573206,0.00875342,0.00866247,0.00970838,0.0106867,0.0113315,0.0109504,0.0116614
3829.91,0.00573553,0.00880222,0.00865615,0.00971143,0.010723,0.0113351,0.01094,0.0116924
3830.87,0.00576069,0.00879446,0.008550490000000001,0.00957674,0.0106753,0.0112123,0.0108209,0.0116285
3831.84,0.00580981,0.00878184,0.0085096,0.00946636,0.0106634,0.0111418,0.0107758,0.011576
3832.8,0.00590958,0.0088539,0.00859259,0.00949772,0.0107416,0.011218,0.0109177,0.0116489
3833.76,0.0059932,0.00894338,0.00861122,0.00953995,0.0107714,0.0112582,0.011062,0.0117242
3834.73,0.00596959,0.00896419,0.00847091,0.00952941,0.0106721,0.011164,0.0110604,0.0116991
3835.69,0.00588602,0.0089142,0.0083211,0.00950082,0.0105027,0.0110435,0.0109631,0.0116238
3836.66,0.00585716,0.00878882,0.00827906,0.00938407,0.0102936,0.0109375,0.0108491,0.0115167
3837.62,0.00586714,0.00859421,0.00826913,0.00910448,0.0100645,0.010748,0.0106752,0.0113087
3838.59,0.00582745,0.00844631,0.00818307,0.00886566,0.00997871,0.0105231,0.0104936,0.0110787
3839.55,0.00576,0.00838278,0.00805698,0.00884144,0.0100788,0.0104742,0.010471,0.010986
3840.51,0.00574332,0.00841281,0.00805298,0.00896414,0.0102727,0.010724,0.0106507,0.0110912
3841.48,0.0057594,0.00851895,0.00818672,0.00910656,0.0104116,0.011062,0.0108576,0.0112777
3842.44,0.00574341,0.00860259,0.00832054,0.0092041,0.010426,0.0111944,0.0109098,0.0113479
3843.41,0.00571524,0.00866899,0.00843443,0.0093274,0.0104441,0.0111706,0.0108475,0.0112913
3844.37,0.00573346,0.00877863,0.00855115,0.0095125,0.0105767,0.011233,0.0108343,0.0112563
3845.33,0.0057753,0.00889291,0.00862151,0.00966555,0.010722,0.0113816,0.0109066,0.0112924
3846.3,0.005826,0.00897333,0.00864268,0.00975244,0.0107969,0.0114807,0.011005,0.0113581
3847.26,0.00592284,0.00901747,0.00864377,0.00978182,0.0108038,0.0114818,0.0110773,0.0114216
3848.23,0.00604364,0.00901276,0.00862457,0.00972247,0.0107435,0.0113842,0.0110617,0.0114332
3849.19,0.00608972,0.00896121,0.00859976,0.00956053,0.0106135,0.011243,0.0109486,0.0113809
3850.16,0.00601719,0.0088769,0.00858838,0.00932787,0.0104107,0.0111356,0.0107778,0.0113005
3851.12,0.00586542,0.00875315,0.0085118,0.00901539,0.0100953,0.0110272,0.0105287,0.0111723
3852.08,0.00564857,0.00858867,0.00817771,0.00855951,0.00961732,0.0107485,0.0101411,0.0109115
3853.05,0.00541706,0.00845219,0.00760278,0.00813451,0.00920975,0.0102613,0.00978691,0.0105502
3854.01,0.00545654,0.00849466,0.00753246,0.0083365,0.0094768,0.0101372,0.00991268,0.0104812
3854.98,0.00566568,0.00860959,0.00789368,0.00880546,0.00999202,0.0103632,0.0102245,0.0106699
3855.94,0.00582211,0.00866802,0.00821011,0.00913754,0.0103248,0.010582,0.0104469,0.010873
3856.91,0.00590086,0.0087132,0.00843279,0.00938819,0.0105121,0.0108125,0.0106235,0.011074
3857.87,0.00591635,0.00882377,0.00858241,0.00959858,0.0106398,0.0110767,0.0107859,0.0112454
3858.83,0.005898,0.00895431,0.00867036,0.00971638,0.0107219,0.011261,0.0109054,0.0113184
3859.8,0.0058625,0.00898703,0.00869775,0.00970603,0.0107219,0.0112755,0.0109576,0.0112767
3860.76,0.0058099,0.00887896,0.00866313,0.00958438,0.0106294,0.0111164,0.0109189,0.0111558
3861.73,0.00576455,0.00874268,0.0086113,0.00943293,0.0104838,0.0108809,0.0107791,0.0110356
3862.69,0.0057546,0.00871135,0.00856883,0.00932361,0.0102985,0.0106904,0.0105823,0.0109533
3863.66,0.00575949,0.00874115,0.00846793,0.00923782,0.0100562,0.0105633,0.0103882,0.0108573
3864.62,0.00576527,0.00879992,0.0083692,0.0092511,0.00996339,0.0106112,0.0103586,0.0108396
3865.58,0.00578262,0.00891098,0.00847017,0.0094353,0.0102441,0.0108987,0.0105923,0.0110511
3866.55,0.00580336,0.00898862,0.00864623,0.00959714,0.0105763,0.0111603,0.0108248,0.0112934
3867.51,0.00582544,0.00897372,0.00871114,0.00962988,0.0106909,0.0112508,0.0108969,0.0113817
3868.48,0.00585374,0.00888896,0.00859423,0.00954729,0.0105157,0.0111471,0.0107947,0.0112647
3869.44,0.00586765,0.0088265,0.00834474,0.00940919,0.0101596,0.0109304,0.0106134,0.0110082
3870.4,0.00584995,0.0088209,0.00828305,0.00936174,0.0101129,0.0109226,0.0106253,0.0109297
3871.37,0.00584285,0.00874985,0.00835912,0.00937877,0.0102905,0.0110364,0.010731,0.011004
3872.33,0.00585852,0.00860705,0.00833154,0.00934732,0.0103522,0.0110133,0.0107274,0.0110191
3873.3,0.0059008,0.00852325,0.00824659,0.00929392,0.0103166,0.0108677,0.0106274,0.0109785
3874.26,0.00597449,0.0086871,0.008355,0.00938769,0.0104245,0.0108606,0.0106261,0.0110488
3875.23,0.00603543,0.00895607,0.00860293,0.00960157,0.0106685,0.011036,0.0107857,0.0112388
3876.19,0.00605307,0.00910466,0.00872695,0.00975247,0.0108126,0.0111587,0.0109158,0.0113678
3877.15,0.00604241,0.00914689,0.00872543,0.00981625,0.010821,0.0111824,0.0109346,0.0113817
3878.12,0.00601862,0.00914248,0.00869271,0.00980015,0.0107412,0.0111258,0.0108465,0.011302
3879.08,0.00597469,0.0091093,0.00865119,0.00967237,0.0105787,0.010971,0.0106322,0.0111233
3880.05,0.00592228,0.00902958,0.0085996,0.00947644,0.0104078,0.0108176,0.0103439,0.0108703
3881.01,0.00592737,0.0089295,0.00860734,0.00939482,0.0104095,0.0108575,0.0102443,0.0107553
3881.98,0.00598639,0.00888508,0.00867161,0.00942869,0.0105035,0.0109652,0.0103533,0.0108319
3882.94,0.0060519,0.00890769,0.00873302,0.00948046,0.0105563,0.0109929,0.0104938,0.0109507
3883.9,0.00608974,0.00894824,0.0087429,0.00949822,0.0105458,0.0109307,0.0105421,0.0110106
3884.87,0.00606811,0.00896729,0.00867268,0.0094509,0.0105012,0.0108474,0.0104757,0.0110103
3885.83,0.00599831,0.00900777,0.00861931,0.00942822,0.010528,0.0109075,0.0104854,0.0110485
3886.8,0.00593974,0.0090679,0.00867512,0.0095137,0.0106282,0.0110946,0.0106332,0.0111193
3887.76,0.00591424,0.00910154,0.00875586,0.00962621,0.0107108,0.011257,0.0107759,0.0111541
3888.72,0.00592298,0.00912536,0.00878837,0.00971051,0.0107547,0.0113484,0.0108904,0.0111602
3889.69,0.00594099,0.00912578,0.00872751,0.00971866,0.0106996,0.011292,0.0109252,0.0111041
3890.65,0.00591396,0.00902114,0.00856595,0.00958475,0.0104753,0.0110219,0.0107811,0.010927
3891.62,0.00585469,0.00885683,0.00843708,0.00940345,0.0102806,0.0107973,0.0106244,0.0108043
3892.58,0.00584693,0.00883863,0.00846554,0.00938381,0.0103481,0.0108785,0.0107023,0.0109353
3893.55,0.00589061,0.00895781,0.00859795,0.00951131,0.0105395,0.0110875,0.0108745,0.0111476
3894.51,0.00595733,0.0090899,0.0087583,0.00967995,0.010713,0.0112718,0.0109696,0.0112694
3895.47,0.00603089,0.00915689,0.00886795,0.00978967,0.0108189,0.0113805,0.0109718,0.0112977
3896.44,0.00607698,0.00913684,0.00886217,0.00977567,0.0108143,0.0113651,0.0109327,0.0112691
3897.4,0.00604617,0.00902403,0.00872047,0.00963182,0.0106558,0.0112015,0.0108426,0.0111467
3898.37,0.005955,0.00887017,0.00852804,0.00947268,0.0104364,0.0109973,0.0107046,0.0109824
3899.33,0.00592563,0.0088178,0.00847336,0.00950265,0.0104034,0.010966,0.0106481,0.0109992
3900.3,0.00596187,0.00887257,0.00852934,0.00963203,0.0104983,0.0110434,0.0106643,0.0111178
3901.26,0.005955,0.00892481,0.00853583,0.00963902,0.0104871,0.011029,0.0106083,0.0110879
3902.22,0.00591676,0.00893971,0.00849998,0.0095668,0.0104091,0.0109373,0.0105076,0.0109753
3903.19,0.00590996,0.0088907,0.00846717,0.00953807,0.010369,0.0108138,0.0104326,0.0109062
3904.15,0.0059121,0.00879809,0.00842965,0.00951712,0.0103384,0.0106655,0.0103465,0.0108135
3905.12,0.00588838,0.00877725,0.00844382,0.00949414,0.0103515,0.0106588,0.0102912,0.0107261
3906.08,0.0058748,0.00885492,0.00854814,0.00955671,0.0104766,0.0108632,0.0103549,0.0107661
3907.05,0.00591654,0.00896963,0.00868506,0.0097025,0.0106769,0.011117,0.0105158,0.0109198
3908.01,0.00599567,0.00908207,0.00880476,0.00984261,0.0108789,0.0112947,0.0107087,0.0111017
3908.97,0.00603751,0.00914986,0.0088937,0.00990971,0.0110179,0.0113688,0.010872,0.0112298
3909.94,0.00600107,0.00914352,0.00895206,0.00991299,0.0110562,0.0113587,0.0109547,0.0112657
3910.9,0.00594613,0.00910293,0.00899201,0.00989713,0.011021,0.0113097,0.010951,0.0112329
3911.87,0.00593546,0.00908278,0.00900407,0.00987297,0.0109678,0.0112647,0.0108975,0.0111595
3912.83,0.00593779,0.00907304,0.00894224,0.00983104,0.0109087,0.011233,0.0108349,0.0110587
3913.79,0.00591792,0.00904874,0.00881039,0.00977867,0.0108415,0.0112012,0.0107953,0.0109745
3914.76,0.00592754,0.00902201,0.00868284,0.00973151,0.0107817,0.0111547,0.0107753,0.0109434
3915.72,0.00601853,0.00901934,0.00862934,0.009716,0.0107427,0.0110951,0.0107574,0.0109485
3916.69,0.00611779,0.00906393,0.00868458,0.00976571,0.0107481,0.0110625,0.0107879,0.0109714
3917.65,0.0061213,0.00912084,0.0087873,0.00984459,0.0107875,0.0110765,0.0108908,0.0110109
3918.62,0.00609088,0.00913652,0.00884907,0.00988442,0.0108105,0.0111043,0.0109858,0.0110684
3919.58,0.00610029,0.00913915,0.00889099,0.00987893,0.0108415,0.0111563,0.0110278,0.0111533
3920.54,0.00612354,0.00916401,0.00895946,0.00985924,0.0109254,0.0112342,0.011024,0.0112331
3921.51,0.00613348,0.00917549,0.0090124,0.0098531,0.0109937,0.0112671,0.0109858,0.0112483
3922.47,0.00614014,0.00914776,0.00896858,0.0098443,0.0109521,0.0112167,0.0109056,0.0111865
3923.44,0.00613073,0.00912233,0.00881775,0.00979145,0.010821,0.0111213,0.0107876,0.0110817
3924.4,0.00609864,0.00915654,0.00869728,0.0097124,0.0107561,0.0110899,0.0107241,0.011028
3925.37,0.00609297,0.00922566,0.00873593,0.00970075,0.0108489,0.0111935,0.0107928,0.0110789
3926.33,0.00611446,0.00926864,0.00883633,0.00976053,0.0109623,0.0113153,0.0108832,0.011136
3927.29,0.00610369,0.00927667,0.00887888,0.0097996,0.0109639,0.0113122,0.0108774,0.0111226
3928.26,0.00606058,0.009265,0.00886893,0.00978324,0.0108719,0.0111894,0.0107983,0.0110924
3929.22,0.00604923,0.00924893,0.00887232,0.00977741,0.010801,0.0110867,0.0107547,0.0111378
3930.19,0.00608748,0.00920015,0.00888787,0.00980744,0.0108037,0.0110795,0.0107796,0.0112189
3931.15,0.00613007,0.00908038,0.00887206,0.00980954,0.0108351,0.0111076,0.0108043,0.0112273
3932.12,0.00614769,0.00898077,0.00888228,0.00979589,0.0108765,0.0111598,0.0108215,0.0111902
3933.08,0.00612323,0.00901587,0.00895528,0.00981801,0.0109107,0.0112443,0.0108708,0.011176
3934.04,0.00604979,0.00910806,0.00899678,0.00984769,0.0109102,0.0113024,0.0109269,0.011158
3935.01,0.00596778,0.00915101,0.00898506,0.00987563,0.0109161,0.0113323,0.0109682,0.0111438
3935.97,0.00593954,0.00914851,0.00899223,0.00991932,0.0109703,0.0113753,0.011007,0.0111816
3936.94,0.0059832,0.00915617,0.00903716,0.00995942,0.0110464,0.0114288,0.0110406,0.0112654
3937.9,0.00606225,0.00920764,0.00908148,0.00997602,0.0111092,0.0114678,0.0110576,0.0113466
3938.86,0.00613478,0.00927905,0.00912141,0.00998239,0.0111515,0.0114821,0.0110588,0.0113838
3939.83,0.00617102,0.00930727,0.00915221,0.00997644,0.0111361,0.011455,0.0110348,0.011357
3940.79,0.00615142,0.00924853,0.00911095,0.0099219,0.0110147,0.0113614,0.0109709,0.0112579
3941.76,0.00609602,0.00913163,0.00897636,0.00982492,0.0108489,0.0112371,0.0109007,0.0111199
3942.72,0.00606228,0.00905826,0.0088587,0.00978376,0.010809,0.0112039,0.0108948,0.0110649
3943.69,0.00607008,0.00906905,0.00884555,0.00984388,0.0109061,0.0112935,0.0109464,0.0111508
3944.65,0.00609937,0.00910443,0.00886608,0.00990561,0.0109831,0.0114026,0.0109985,0.0112735
3945.61,0.00614359,0.00913678,0.0088521,0.00989346,0.0109917,0.0114672,0.0110316,0.0113514
3946.58,0.00618816,0.00916998,0.00881134,0.00983312,0.0109714,0.0114587,0.0110335,0.0113587
3947.54,0.0062089,0.0091803,0.00876486,0.009782,0.0109262,0.0113554,0.0109854,0.0112806
3948.51,0.00619933,0.00912133,0.00870568,0.00974471,0.01083,0.0111908,0.0108825,0.011133
3949.47,0.00615684,0.00901799,0.00866682,0.00973535,0.0107453,0.0110796,0.0107861,0.0109985
3950.44,0.00608984,0.00898219,0.00870693,0.00978387,0.0107692,0.011123,0.0107841,0.0109748
3951.4,0.00604053,0.00905722,0.00879874,0.00982797,0.0108517,0.0112574,0.0108394,0.0110427
3952.36,0.00603321,0.00918092,0.00889078,0.00982483,0.010901,0.0113462,0.0108597,0.0111075
3953.33,0.00602809,0.00927668,0.00895872,0.00983064,0.0109239,0.0113568,0.0108479,0.0111355
3954.29,0.00596398,0.00927644,0.00896573,0.00985484,0.0109304,0.0113282,0.0108361,0.0111302
3955.26,0.00585989,0.00917954,0.00892066,0.00984965,0.010892,0.0112848,0.0108115,0.0110858
3956.22,0.00581768,0.00909686,0.00889984,0.00984932,0.0108349,0.0112483,0.0107949,0.0110346
3957.19,0.00589796,0.00912316,0.00894306,0.00991772,0.0108323,0.0112542,0.0108515,0.011036
3958.15,0.00604625,0.00920251,0.00900418,0.0100098,0.0108954,0.0113127,0.0109693,0.0111038
3959.11,0.00616082,0.00922598,0.00901468,0.0100278,0.0109596,0.0113661,0.0110446,0.0112013
3960.08,0.00618603,0.0091812,0.00895805,0.00996081,0.0109676,0.0113394,0.0110175,0.0112746
3961.04,0.00614817,0.00913354,0.00889428,0.00988777,0.0109315,0.0112589,0.0109352,0.0112918
3962.01,0.00611437,0.00913249,0.00889305,0.00986344,0.0109255,0.0112247,0.0108762,0.0112688
3962.97,0.00611418,0.00917718,0.00894599,0.00986351,0.0109823,0.0112585,0.0108618,0.0112281
3963.93,0.00613722,0.00923893,0.00900522,0.00986001,0.0110483,0.0113177,0.0108686,0.011179
3964.9,0.00616433,0.0092737,0.00904172,0.00985219,0.0110745,0.011373,0.0108756,0.011141
3965.86,0.00617127,0.00925494,0.00903962,0.00984566,0.0110579,0.0113906,0.0108623,0.0111261
3966.83,0.00616628,0.00921865,0.00901354,0.00986452,0.0110113,0.0113645,0.01083,0.0111417
3967.79,0.00618246,0.00921833,0.00901272,0.0099226,0.0109488,0.011348,0.0108134,0.0111934
3968.76,0.00620483,0.00924811,0.00905205,0.00997338,0.0108894,0.0113724,0.0108107,0.011236
3969.72,0.00620132,0.00925694,0.0090663,0.00995057,0.0108468,0.0113951,0.0107758,0.0112104
3970.68,0.00619218,0.00923059,0.00900792,0.00985859,0.0108191,0.011377,0.0107238,0.0111392
3971.65,0.00619848,0.00921333,0.00893651,0.00977929,0.0108158,0.0113417,0.0107296,0.0110867
3972.61,0.00620621,0.00923106,0.00892794,0.00978582,0.010861,0.0113206,0.0108052,0.0110736
3973.58,0.0062009,0.00923983,0.00896236,0.00984814,0.0109305,0.0112977,0.0108625,0.0110614
3974.54,0.00618043,0.00919515,0.00897283,0.00986182,0.0109429,0.01124,0.0108327,0.0109971
3975.51,0.00616413,0.00912719,0.00894971,0.00980095,0.0108806,0.0111579,0.0107555,0.0108887
3976.47,0.00618393,0.0091058,0.00894697,0.00976699,0.0108462,0.0111136,0.0107137,0.010816
3977.43,0.00622039,0.00914074,0.00898448,0.00982196,0.0108872,0.0111341,0.0107306,0.0108173
3978.4,0.00621329,0.00917837,0.00900851,0.00990711,0.0109183,0.0111684,0.0107735,0.010857
3979.36,0.00616903,0.00920577,0.0089941,0.00997342,0.0108995,0.0111802,0.0108152,0.010913
3980.33,0.00615579,0.00924751,0.00898356,0.0100199,0.0108842,0.011193,0.0108389,0.0109679
3981.29,0.00617689,0.00927133,0.00899439,0.0100219,0.0108948,0.0112221,0.0108256,0.0109736
3982.25,0.00617674,0.0092446,0.00900722,0.0099712,0.010918,0.0112501,0.0107949,0.0109343
3983.22,0.00616097,0.00922936,0.00903113,0.00992918,0.0109593,0.0112785,0.0108021,0.0109283
3984.18,0.00618506,0.00928454,0.00908402,0.00994553,0.011026,0.0113263,0.0108515,0.0109881
3985.15,0.00625028,0.00936263,0.00913933,0.009989,0.0110995,0.0113634,0.010878,0.0110408
3986.11,0.00629025,0.00938892,0.00915169,0.0100103,0.0111417,0.011343,0.0108354,0.0110184
3987.08,0.0062559,0.00936621,0.0091247,0.0100191,0.011133,0.0113098,0.0107587,0.0109677
3988.04,0.0061884,0.00933838,0.00909818,0.0100319,0.0110909,0.0113372,0.0107124,0.0109557
3989.0,0.00617148,0.00931373,0.0090819,0.0100161,0.0110327,0.0113902,0.0107259,0.0109546
3989.97,0.00622003,0.00929511,0.00907467,0.00997405,0.010965,0.011389,0.0107925,0.0109222
3990.93,0.00628089,0.00931283,0.00909766,0.00997392,0.0109194,0.0113469,0.0108684,0.0108891
3991.9,0.00632264,0.00936058,0.00913764,0.0100146,0.0109231,0.0113237,0.0108933,0.0108848
3992.86,0.0063486,0.00939201,0.00914854,0.0100178,0.0109474,0.0113186,0.0108576,0.0108913
3993.83,0.00635825,0.00939869,0.00913034,0.00998386,0.0109673,0.0113062,0.010813,0.0109086
3994.79,0.00635183,0.00939939,0.00911796,0.00999686,0.0110053,0.0112989,0.0107965,0.0109594
3995.75,0.00633917,0.009378,0.00912147,0.0100762,0.0110635,0.0113132,0.0107893,0.0110205
3996.72,0.00631343,0.00931728,0.00913417,0.0101407,0.0111004,0.0113374,0.0107728,0.0110338
3997.68,0.00626648,0.00925646,0.00914687,0.0101166,0.0110796,0.0113584,0.0107444,0.010989
3998.65,0.00622804,0.00924292,0.00913979,0.0100251,0.0109999,0.0113695,0.0107076,0.0109382
3999.61,0.00622164,0.00926152,0.00911049,0.00995663,0.0109135,0.0113742,0.0107022,0.0109227
4000.58,0.00622744,0.009264,0.00908748,0.00995115,0.0108796,0.0113915,0.0107572,0.0109307
